<?xml version="1.0" encoding="utf-8"?>
<COLLADA xmlns="http://www.collada.org/2005/11/COLLADASchema" version="1.4.1" xmlns:xsi="http://www.w3.org/2001/XMLSchema-instance">
  <asset>
    <contributor>
      <author>Blender User</author>
      <authoring_tool>Blender 4.0.2 commit date:2023-12-05, commit time:07:41, hash:9be62e85b727</authoring_tool>
    </contributor>
    <created>2025-10-10T13:10:33</created>
    <modified>2025-10-10T13:10:33</modified>
    <unit name="meter" meter="1"/>
    <up_axis>Z_UP</up_axis>
  </asset>
  <library_effects>
    <effect id="_auto_27_008-effect">
      <profile_COMMON>
        <technique sid="common">
          <lambert>
            <emission>
              <color sid="emission">0 0 0 1</color>
            </emission>
            <diffuse>
              <color sid="diffuse">0.1701384 0 0.7667436 1</color>
            </diffuse>
            <transparent opaque="A_ONE">
              <color sid="alpha">0 0 0 0.3</color>
            </transparent>
            <index_of_refraction>
              <float sid="ior">1.45</float>
            </index_of_refraction>
          </lambert>
        </technique>
      </profile_COMMON>
    </effect>
    <effect id="_auto_11_008-effect">
      <profile_COMMON>
        <technique sid="common">
          <lambert>
            <emission>
              <color sid="emission">0 0 0 1</color>
            </emission>
            <diffuse>
              <color sid="diffuse">0.01112608 0.9828262 1.75124e-4 1</color>
            </diffuse>
            <transparent opaque="A_ONE">
              <color sid="alpha">0 0 0 0.4</color>
            </transparent>
            <index_of_refraction>
              <float sid="ior">1.45</float>
            </index_of_refraction>
          </lambert>
        </technique>
      </profile_COMMON>
    </effect>
  </library_effects>
  <library_images/>
  <library_materials>
    <material id="_auto_27_008-material" name="&lt;auto&gt;27.008">
      <instance_effect url="#_auto_27_008-effect"/>
    </material>
    <material id="_auto_11_008-material" name="&lt;auto&gt;11.008">
      <instance_effect url="#_auto_11_008-effect"/>
    </material>
  </library_materials>
  <library_geometries>
    <geometry id="_0250411_112040_D_12_5_k_7_Area1_str_outline_144-mesh" name="20250411_112040_D=12.5_k=7_Area1_str_outline.144">
      <mesh>
        <source id="_0250411_112040_D_12_5_k_7_Area1_str_outline_144-mesh-positions">
          <float_array id="_0250411_112040_D_12_5_k_7_Area1_str_outline_144-mesh-positions-array" count="2520">17.67767 0 9.43724e-7 0 17.67767 9.43724e-7 0 -17.67767 -9.43724e-7 -17.67767 0 -9.43724e-7 0 -17.67767 -9.43724e-7 17.67767 0 9.43724e-7 1.414213 -19.09188 0.9999991 19.09188 -1.414213 1.000001 2.828427 -20.5061 1.999999 20.5061 -2.828427 2.000001 4.24264 -21.92031 2.999999 21.92031 -4.24264 3.000001 5.656854 -23.33452 3.999999 23.33452 -5.656854 4.000001 7.071067 -24.74874 4.999999 24.74874 -7.071068 5.000001 8.485281 -26.16295 5.999999 26.16295 -8.485281 6.000001 9.899495 -27.57716 6.999999 27.57716 -9.899495 7.000001 11.31371 -28.99138 7.999999 28.99138 -11.31371 8.000001 12.72792 -30.40559 9 30.40559 -12.72792 9.000001 14.14213 -31.81981 10 31.81981 -14.14214 10 15.55635 -33.23402 11 33.23402 -15.55635 11 16.97056 -34.64823 12 34.64823 -16.97056 12 18.38478 -36.06245 13 36.06244 -18.38478 13 19.79899 -37.47666 14 37.47666 -19.79899 14 21.2132 -38.89087 15 38.89087 -21.2132 15 22.62742 -40.30509 16 40.30508 -22.62742 16 24.04163 -41.7193 17 41.7193 -24.04163 17 25.45584 -43.13351 18 43.13351 -25.45585 18 26.87006 -44.54773 19 44.54772 -26.87006 19 28.28427 -45.96194 20 45.96194 -28.28427 20 29.69848 -47.37615 21 47.37615 -29.69849 21 31.1127 -48.79037 22 48.79037 -31.1127 22 32.52691 -50.20458 23 50.20458 -32.52691 23 33.94112 -51.6188 24 51.61879 -33.94113 24 35.35533 -53.03301 25 53.033 -35.35534 25 36.76955 -54.44722 26 54.44722 -36.76955 26 38.18376 -55.86143 27 55.86143 -38.18376 27 39.59798 -57.27565 28 57.27565 -39.59798 28 41.01219 -58.68986 29 58.68986 -41.01219 29 42.4264 -60.10408 30 60.10407 -42.42641 30 43.84062 -61.51829 31 61.51829 -43.84062 31 45.25483 -62.9325 32 62.9325 -45.25483 32 46.66904 -64.34672 33 64.34672 -46.66905 33 48.08326 -65.76094 34 65.76094 -48.08326 34 49.49747 -67.17514 35 67.17514 -49.49747 35 50.91168 -68.58937 36 68.58936 -50.91169 36 52.3259 -70.00357 37 70.00357 -52.3259 37 53.74011 -71.41779 38 71.41778 -53.74011 38 55.15433 -72.832 39 72.832 -55.15433 39 56.56854 -74.24622 40 74.24621 -56.56855 40 57.98275 -75.66043 41 75.66042 -57.98275 41 59.39696 -77.07464 42 77.07463 -59.39697 42 60.81118 -78.48886 43 78.48885 -60.81118 43 62.22539 -79.90307 44 79.90306 -62.2254 44 63.63961 -81.31729 45 81.31728 -63.63961 45 -17.67767 0 -9.43724e-7 0 17.67767 9.43724e-7 -19.09188 1.414213 0.9999991 -1.414213 19.09188 1.000001 -20.5061 2.828427 1.999999 -2.828427 20.5061 2.000001 -21.92031 4.24264 2.999999 -4.24264 21.92031 3.000001 -23.33452 5.656854 3.999999 -5.656854 23.33452 4.000001 -24.74874 7.071067 4.999999 -7.071068 24.74874 5.000001 -26.16295 8.485281 5.999999 -8.485281 26.16295 6.000001 -27.57716 9.899495 6.999999 -9.899495 27.57716 7.000001 -28.99138 11.31371 7.999999 -11.31371 28.99138 8.000001 -30.40559 12.72792 9 -12.72792 30.40559 9.000001 -31.81981 14.14213 10 -14.14214 31.81981 10 -33.23402 15.55635 11 -15.55635 33.23402 11 -34.64823 16.97056 12 -16.97056 34.64823 12 -36.06245 18.38478 13 -18.38478 36.06244 13 -37.47666 19.79899 14 -19.79899 37.47666 14 -38.89087 21.2132 15 -21.2132 38.89087 15 -40.30509 22.62742 16 -22.62742 40.30508 16 -41.7193 24.04163 17 -24.04163 41.7193 17 -43.13351 25.45584 18 -25.45585 43.13351 18 -44.54773 26.87006 19 -26.87006 44.54772 19 -45.96194 28.28427 20 -28.28427 45.96194 20 -47.37615 29.69848 21 -29.69849 47.37615 21 -48.79037 31.1127 22 -31.1127 48.79037 22 -50.20458 32.52691 23 -32.52691 50.20458 23 -51.6188 33.94112 24 -33.94113 51.61879 24 -53.03301 35.35533 25 -35.35534 53.033 25 -54.44722 36.76955 26 -36.76955 54.44722 26 -55.86143 38.18376 27 -38.18376 55.86143 27 -57.27565 39.59798 28 -39.59798 57.27565 28 -58.68986 41.01219 29 -41.01219 58.68986 29 -60.10408 42.4264 30 -42.42641 60.10407 30 -61.51829 43.84062 31 -43.84062 61.51829 31 -62.9325 45.25483 32 -45.25483 62.9325 32 -64.34672 46.66904 33 -46.66905 64.34672 33 -65.76094 48.08326 34 -48.08326 65.76094 34 -67.17514 49.49747 35 -49.49747 67.17514 35 -68.58937 50.91168 36 -50.91169 68.58936 36 -70.00357 52.3259 37 -52.3259 70.00357 37 -71.41779 53.74011 38 -53.74011 71.41778 38 -72.832 55.15433 39 -55.15433 72.832 39 -74.24622 56.56854 40 -56.56855 74.24621 40 -75.66043 57.98275 41 -57.98275 75.66042 41 -77.07464 59.39696 42 -59.39697 77.07463 42 -78.48886 60.81118 43 -60.81118 78.48885 43 -79.90307 62.22539 44 -62.2254 79.90306 44 -81.31729 63.63961 45 -63.63961 81.31728 45 0 -17.67767 -9.43724e-7 -17.67767 0 -9.43724e-7 -5.091168 -23.90021 0.9999985 -23.90021 -5.091168 0.9999985 -10.18234 -30.12275 1.999998 -30.12275 -10.18234 1.999998 -15.27351 -36.34529 2.999997 -36.34529 -15.27351 2.999997 -20.36468 -42.56783 3.999997 -42.56783 -20.36468 3.999997 -25.45584 -48.79037 4.999996 -48.79037 -25.45584 4.999996 -30.54701 -55.01291 5.999995 -55.01291 -30.54701 5.999995 -35.63818 -61.23545 6.999995 -61.23545 -35.63818 6.999995 -40.72935 -67.45799 7.999994 -67.45799 -40.72935 7.999994 -45.82052 -73.68053 8.999994 -73.68053 -45.82052 8.999994 -50.91169 -79.90307 9.999994 -79.90307 -50.91169 9.999994 -56.00286 -86.12561 10.99999 -86.12561 -56.00286 10.99999 -61.09402 -92.34815 11.99999 -92.34815 -61.09402 11.99999 -66.1852 -98.57069 12.99999 -98.57069 -66.1852 12.99999 -71.27636 -104.7932 13.99999 -104.7932 -71.27636 13.99999 -76.36754 -111.0158 14.99999 -111.0158 -76.36754 14.99999 -81.4587 -117.2383 15.99999 -117.2383 -81.4587 15.99999 -86.54988 -123.4608 16.99999 -123.4608 -86.54988 16.99999 -91.64104 -129.6834 17.99999 -129.6834 -91.64104 17.99999 -96.7322 -135.9059 18.99999 -135.9059 -96.7322 18.99999 -101.8234 -142.1285 19.99999 -142.1285 -101.8234 19.99999 -106.9146 -148.351 20.99999 -148.351 -106.9146 20.99999 -112.0057 -154.5735 21.99999 -154.5735 -112.0057 21.99999 -117.0969 -160.7961 22.99999 -160.7961 -117.0969 22.99999 -122.1881 -167.0186 23.99999 -167.0186 -122.1881 23.99999 -127.2792 -173.2412 24.99999 -173.2412 -127.2792 24.99999 -132.3704 -179.4637 25.99998 -179.4637 -132.3704 25.99998 -137.4616 -185.6862 26.99998 -185.6862 -137.4616 26.99998 -142.5527 -191.9088 27.99998 -191.9088 -142.5527 27.99998 -147.6439 -198.1313 28.99998 -198.1313 -147.6439 28.99998 -152.7351 -204.3539 29.99998 -204.3539 -152.7351 29.99998 -157.8262 -210.5764 30.99998 -210.5764 -157.8262 30.99998 -162.9174 -216.7989 31.99998 -216.7989 -162.9174 31.99998 -168.0086 -223.0215 32.99998 -223.0215 -168.0086 32.99998 -173.0997 -229.244 33.99998 -229.244 -173.0997 33.99998 -178.1909 -235.4666 34.99998 -235.4666 -178.1909 34.99998 -183.2821 -241.6891 35.99998 -241.6891 -183.2821 35.99998 -188.3732 -247.9116 36.99998 -247.9116 -188.3732 36.99998 -193.4644 -254.1342 37.99998 -254.1342 -193.4644 37.99998 -198.5556 -260.3567 38.99998 -260.3567 -198.5556 38.99998 -198.8738 -260.7456 39.06248 -260.7456 -198.8738 39.06248 -840.5732 -902.445 152.4999 -902.445 -840.5732 152.4999 0 -17.67767 -9.43724e-7 0 -17.67767 -9.43724e-7 0 -17.67767 -9.43724e-7 1.414213 -19.09188 0.9999991 -5.091168 -23.90021 0.9999985 2.828427 -20.5061 1.999999 -10.18234 -30.12275 1.999998 4.24264 -21.92031 2.999999 -15.27351 -36.34529 2.999997 5.656854 -23.33452 3.999999 -20.36468 -42.56783 3.999997 7.071067 -24.74874 4.999999 -25.45584 -48.79037 4.999996 8.485281 -26.16295 5.999999 -30.54701 -55.01291 5.999995 9.899495 -27.57716 6.999999 -35.63818 -61.23545 6.999995 11.31371 -28.99138 7.999999 -40.72935 -67.45799 7.999994 12.72792 -30.40559 9 -45.82052 -73.68053 8.999994 14.14213 -31.81981 10 -50.91169 -79.90307 9.999994 15.55635 -33.23402 11 -56.00286 -86.12561 10.99999 16.97056 -34.64823 12 -61.09402 -92.34815 11.99999 18.38478 -36.06245 13 -66.1852 -98.57069 12.99999 19.79899 -37.47666 14 -71.27636 -104.7932 13.99999 21.2132 -38.89087 15 -76.36754 -111.0158 14.99999 22.62742 -40.30509 16 -81.4587 -117.2383 15.99999 24.04163 -41.7193 17 -86.54988 -123.4608 16.99999 25.45584 -43.13351 18 -91.64104 -129.6834 17.99999 26.87006 -44.54773 19 -96.7322 -135.9059 18.99999 28.28427 -45.96194 20 -101.8234 -142.1285 19.99999 29.69848 -47.37615 21 -106.9146 -148.351 20.99999 31.1127 -48.79037 22 -112.0057 -154.5735 21.99999 32.52691 -50.20458 23 -117.0969 -160.7961 22.99999 33.94112 -51.6188 24 -122.1881 -167.0186 23.99999 35.35533 -53.03301 25 -127.2792 -173.2412 24.99999 36.76955 -54.44722 26 -132.3704 -179.4637 25.99998 38.18376 -55.86143 27 -137.4616 -185.6862 26.99998 39.59798 -57.27565 28 -142.5527 -191.9088 27.99998 41.01219 -58.68986 29 -147.6439 -198.1313 28.99998 42.4264 -60.10408 30 -152.7351 -204.3539 29.99998 43.84062 -61.51829 31 -157.8262 -210.5764 30.99998 45.25483 -62.9325 32 -162.9174 -216.7989 31.99998 46.66904 -64.34672 33 -168.0086 -223.0215 32.99998 48.08326 -65.76094 34 -173.0997 -229.244 33.99998 49.49747 -67.17514 35 -178.1909 -235.4666 34.99998 50.91168 -68.58937 36 -183.2821 -241.6891 35.99998 52.3259 -70.00357 37 -188.3732 -247.9116 36.99998 53.74011 -71.41779 38 -193.4644 -254.1342 37.99998 55.15433 -72.832 39 -198.5556 -260.3567 38.99998 55.24271 -72.92039 39.0625 -198.8738 -260.7456 39.06248 56.56854 -74.24622 40 -204.1771 -266.0489 39.99997 57.98275 -75.66043 41 -209.8339 -271.7058 40.99997 59.39696 -77.07464 42 -215.4908 -277.3627 41.99997 60.81118 -78.48886 43 -221.1476 -283.0195 42.99997 62.22539 -79.90307 44 -226.8045 -288.6763 43.99997 63.63961 -81.31729 45 -190.4769 -269.1425 44.99998 -232.4614 -294.3332 44.99997 -17.67767 0 -9.43724e-7 -17.67767 0 -9.43724e-7 -17.67767 0 -9.43724e-7 -19.09188 1.414213 0.9999991 -23.90021 -5.091168 0.9999985 -20.5061 2.828427 1.999999 -30.12275 -10.18234 1.999998 -21.92031 4.24264 2.999999 -36.34529 -15.27351 2.999997 -23.33452 5.656854 3.999999 -42.56783 -20.36468 3.999997 -24.74874 7.071067 4.999999 -48.79037 -25.45584 4.999996 -26.16295 8.485281 5.999999 -55.01291 -30.54701 5.999995 -27.57716 9.899495 6.999999 -61.23545 -35.63818 6.999995 -28.99138 11.31371 7.999999 -67.45799 -40.72935 7.999994 -30.40559 12.72792 9 -73.68053 -45.82052 8.999994 -31.81981 14.14213 10 -79.90307 -50.91169 9.999994 -33.23402 15.55635 11 -86.12561 -56.00286 10.99999 -34.64823 16.97056 12 -92.34815 -61.09402 11.99999 -36.06245 18.38478 13 -98.57069 -66.1852 12.99999 -37.47666 19.79899 14 -104.7932 -71.27636 13.99999 -38.89087 21.2132 15 -111.0158 -76.36754 14.99999 -40.30509 22.62742 16 -117.2383 -81.4587 15.99999 -41.7193 24.04163 17 -123.4608 -86.54988 16.99999 -43.13351 25.45584 18 -129.6834 -91.64104 17.99999 -44.54773 26.87006 19 -135.9059 -96.7322 18.99999 -45.96194 28.28427 20 -142.1285 -101.8234 19.99999 -47.37615 29.69848 21 -148.351 -106.9146 20.99999 -48.79037 31.1127 22 -154.5735 -112.0057 21.99999 -50.20458 32.52691 23 -160.7961 -117.0969 22.99999 -51.6188 33.94112 24 -167.0186 -122.1881 23.99999 -53.03301 35.35533 25 -173.2412 -127.2792 24.99999 -54.44722 36.76955 26 -179.4637 -132.3704 25.99998 -55.86143 38.18376 27 -185.6862 -137.4616 26.99998 -57.27565 39.59798 28 -191.9088 -142.5527 27.99998 -58.68986 41.01219 29 -198.1313 -147.6439 28.99998 -60.10408 42.4264 30 -204.3539 -152.7351 29.99998 -61.51829 43.84062 31 -210.5764 -157.8262 30.99998 -62.9325 45.25483 32 -216.7989 -162.9174 31.99998 -64.34672 46.66904 33 -223.0215 -168.0086 32.99998 -65.76094 48.08326 34 -229.244 -173.0997 33.99998 -67.17514 49.49747 35 -235.4666 -178.1909 34.99998 -68.58937 50.91168 36 -241.6891 -183.2821 35.99998 -70.00357 52.3259 37 -247.9116 -188.3732 36.99998 -71.41779 53.74011 38 -254.1342 -193.4644 37.99998 -72.832 55.15433 39 -260.3567 -198.5556 38.99998 -72.92039 55.24271 39.0625 -260.7456 -198.8738 39.06248 -74.24622 56.56854 40 -266.0489 -204.1771 39.99997 -75.66043 57.98275 41 -271.7058 -209.8339 40.99997 -77.07464 59.39696 42 -277.3627 -215.4908 41.99997 -78.48886 60.81118 43 -283.0195 -221.1476 42.99997 -79.90307 62.22539 44 -288.6763 -226.8045 43.99997 -81.31729 63.63961 45 -269.1425 -190.4769 44.99998 -294.3332 -232.4614 44.99997 0 -17.67767 -9.43724e-7 0 -17.67767 -9.43724e-7 0 -17.67767 -9.43724e-7 -17.67767 0 -9.43724e-7 -17.67767 0 -9.43724e-7 -17.67767 0 -9.43724e-7 0 -21.92031 -1.17022e-6 0 -21.92031 -1.17022e-6 0 -21.92031 -1.17022e-6 -216.3747 -314.6625 44.99997 -216.3747 -314.6625 44.99997 -21.92031 0 -1.17022e-6 -21.92031 0 -1.17022e-6 -21.92031 0 -1.17022e-6 -314.6625 -216.3747 44.99997 -314.6625 -216.3747 44.99997 -971.4324 786.6505 0 -985.0134 769.5769 0 -998.2944 752.2689 0 -1011.271 734.7315 0 -1023.94 716.9706 0 -1036.297 698.9912 0 -1048.338 680.7989 0 -1060.06 662.3991 0 -1071.459 643.7976 0 -1082.532 625.0001 0 -1093.275 606.012 0 -1103.684 586.8395 0 -1113.758 567.4882 0 -1123.493 547.9639 0 -1132.885 528.2728 0 -1141.932 508.4209 0 -1150.631 488.414 0 -1158.98 468.2583 0 -1166.976 447.96 0 -1174.616 427.5252 0 -1181.898 406.9602 0 -1188.821 386.2712 0 -1195.381 365.4648 0 -1201.577 344.5468 0 -1207.407 323.5238 0 -1212.87 302.4024 0 -1217.963 281.1889 0 -1222.684 259.8896 0 -1227.034 238.5113 0 -1231.01 217.0602 0 -1234.61 195.5431 0 -1237.835 173.9664 0 -1240.683 152.3366 0 -1243.152 130.6606 0 -1245.243 108.9446 0 -1246.955 87.19556 0 -1248.287 65.41992 0 -1249.239 43.62439 0 -1249.81 21.81549 0 -1250 0 0 -1249.81 -21.81549 0 -1249.239 -43.62433 0 -1248.287 -65.41986 0 -1246.955 -87.19562 0 -1245.243 -108.9446 0 -1243.152 -130.6605 0 -1240.683 -152.3366 0 -1237.835 -173.9664 0 -1234.61 -195.543 0 -1231.01 -217.0602 0 -1227.034 -238.5112 0 -1222.684 -259.8895 0 -1217.963 -281.1888 0 -1212.87 -302.4023 0 -1207.407 -323.5238 0 -1201.577 -344.5465 0 -1195.381 -365.4645 0 -1188.821 -386.2711 0 -1181.898 -406.9599 0 -1174.616 -427.5251 0 -1166.976 -447.96 0 -1158.98 -468.2581 0 -1150.631 -488.4139 0 -1141.932 -508.4207 0 -1132.885 -528.2728 0 -1123.493 -547.9638 0 -1113.758 -567.488 0 -1103.685 -586.8394 0 -1093.275 -606.012 0 -1082.532 -624.9999 0 -1071.459 -643.7974 0 -1060.06 -662.3991 0 -1048.338 -680.7988 0 -1036.297 -698.991 0 -1023.94 -716.9705 0 -1011.271 -734.7315 0 -998.2944 -752.2687 0 -985.0134 -769.5768 0 -971.4326 -786.6505 0 -957.5556 -803.4844 0 -943.387 -820.0737 0 -928.9311 -836.4133 0 -914.1922 -852.4979 0 -899.1748 -868.3228 0 -883.8836 -883.8834 0 -868.3231 -899.1748 0 -852.498 -914.1921 0 -836.4133 -928.931 0 -820.0738 -943.3869 0 -803.4847 -957.5556 0 -786.6505 -971.4324 0 -769.5769 -985.0134 0 -752.2689 -998.2944 0 -734.7316 -1011.271 0 -716.9706 -1023.94 0 -698.9912 -1036.297 0 -680.7989 -1048.338 0 -662.3991 -1060.06 0 -643.7976 -1071.459 0 -625.0001 -1082.532 0 -606.012 -1093.275 0 -586.8395 -1103.684 0 -567.4882 -1113.758 0 -547.9639 -1123.493 0 -528.2729 -1132.885 0 -508.4209 -1141.932 0 -488.414 -1150.631 0 -468.2583 -1158.98 0 -447.96 -1166.976 0 -427.5252 -1174.616 0 -406.9602 -1181.898 0 -386.2712 -1188.821 0 -365.4648 -1195.381 0 -344.5468 -1201.577 0 -323.5238 -1207.407 0 -302.4024 -1212.87 0 -281.1889 -1217.963 0 -259.8896 -1222.684 0 -238.5113 -1227.034 0 -217.0602 -1231.01 0 -195.5431 -1234.61 0 -173.9664 -1237.835 0 -152.3366 -1240.683 0 -130.6606 -1243.152 0 -108.9446 -1245.243 0 -87.19556 -1246.955 0 -65.41992 -1248.287 0 -43.62439 -1249.239 0 -21.81549 -1249.81 0 0 -1250 0 21.81549 -1249.81 0 43.62433 -1249.239 0 65.41986 -1248.287 0 87.19562 -1246.955 0 108.9446 -1245.243 0 130.6605 -1243.152 0 152.3366 -1240.683 0 173.9664 -1237.835 0 195.543 -1234.61 0 217.0602 -1231.01 0 238.5112 -1227.034 0 259.8895 -1222.684 0 281.1888 -1217.963 0 302.4023 -1212.87 0 323.5238 -1207.407 0 344.5465 -1201.577 0 365.4645 -1195.381 0 386.2711 -1188.821 0 406.9599 -1181.898 0 427.5251 -1174.616 0 447.96 -1166.976 0 468.2581 -1158.98 0 488.4139 -1150.631 0 508.4207 -1141.932 0 528.2727 -1132.885 0 547.9638 -1123.493 0 567.488 -1113.758 0 586.8394 -1103.685 0 606.012 -1093.275 0 624.9999 -1082.532 0 643.7974 -1071.459 0 662.3991 -1060.06 0 680.7988 -1048.338 0 698.991 -1036.297 0 716.9705 -1023.94 0 734.7315 -1011.271 0 752.2687 -998.2944 0 769.5768 -985.0134 0 786.6505 -971.4326 0 803.4844 -957.5556 0 820.0737 -943.387 0 836.4133 -928.9311 0 852.4979 -914.1922 0 868.3228 -899.1748 0 883.8834 -883.8836 0 899.1748 -868.3231 0 914.1921 -852.498 0 928.931 -836.4133 0 943.3869 -820.0738 0 957.5556 -803.4847 0 971.4324 -786.6505 0 985.0134 -769.5769 0 998.2944 -752.2689 0 1011.271 -734.7315 0 1023.94 -716.9706 0 1036.297 -698.9912 0 1048.338 -680.7989 0 1060.06 -662.3991 0 1071.459 -643.7976 0 1082.532 -625.0001 0 1093.275 -606.012 0 1103.684 -586.8395 0 1113.758 -567.4882 0 1123.493 -547.9639 0 1132.885 -528.2728 0 1141.932 -508.4209 0 1150.631 -488.414 0 1158.98 -468.2583 0 1166.976 -447.96 0 1174.616 -427.5252 0 1181.898 -406.9602 0 1188.821 -386.2712 0 1195.381 -365.4648 0 1201.577 -344.5468 0 1207.407 -323.5238 0 1212.87 -302.4024 0 1217.963 -281.1889 0 1222.684 -259.8896 0 1227.034 -238.5113 0 1231.01 -217.0602 0 1234.61 -195.5431 0 1237.835 -173.9664 0 1240.683 -152.3366 0 1243.152 -130.6606 0 1245.243 -108.9446 0 1246.955 -87.19556 0 1248.287 -65.41992 0 1249.239 -43.62439 0 1249.81 -21.81549 0 1250 0 0 1249.81 21.81549 0 1249.239 43.62433 0 1248.287 65.41986 0 1246.955 87.19562 0 1245.243 108.9446 0 1243.152 130.6605 0 1240.683 152.3366 0 1237.835 173.9664 0 1234.61 195.543 0 1231.01 217.0602 0 1227.034 238.5112 0 1222.684 259.8895 0 1217.963 281.1888 0 1212.87 302.4023 0 1207.407 323.5238 0 1201.577 344.5465 0 1195.381 365.4645 0 1188.821 386.2711 0 1181.898 406.9599 0 1174.616 427.5251 0 1166.976 447.96 0 1158.98 468.2581 0 1150.631 488.4139 0 1141.932 508.4207 0 1132.885 528.2728 0 1123.493 547.9638 0 1113.758 567.488 0 1103.685 586.8394 0 1093.275 606.012 0 1082.532 624.9999 0 1071.459 643.7974 0 1060.06 662.3991 0 1048.338 680.7988 0 1036.297 698.991 0 1023.94 716.9705 0 1011.271 734.7315 0 998.2944 752.2687 0 985.0134 769.5768 0 971.4326 786.6505 0 957.5556 803.4844 0 943.387 820.0737 0 928.9311 836.4133 0 914.1922 852.4979 0 899.1748 868.3228 0 883.8836 883.8834 0 868.3231 899.1748 0 852.498 914.1921 0 836.4133 928.931 0 820.0738 943.3869 0 803.4847 957.5556 0 786.6505 971.4324 0 769.5769 985.0134 0 752.2689 998.2944 0 734.7316 1011.271 0 716.9706 1023.94 0 698.9912 1036.297 0 680.7989 1048.338 0 662.3991 1060.06 0 643.7976 1071.459 0 625.0001 1082.532 0 606.012 1093.275 0 586.8395 1103.684 0 567.4882 1113.758 0 547.9639 1123.493 0 528.2729 1132.885 0 508.4209 1141.932 0 488.414 1150.631 0 468.2583 1158.98 0 447.96 1166.976 0 427.5252 1174.616 0 406.9602 1181.898 0 386.2712 1188.821 0 365.4648 1195.381 0 344.5468 1201.577 0 323.5238 1207.407 0 302.4024 1212.87 0 281.1889 1217.963 0 259.8896 1222.684 0 238.5113 1227.034 0 217.0602 1231.01 0 195.5431 1234.61 0 173.9664 1237.835 0 152.3366 1240.683 0 130.6606 1243.152 0 108.9446 1245.243 0 87.19556 1246.955 0 65.41992 1248.287 0 43.62439 1249.239 0 21.81549 1249.81 0 0 1250 0 -21.81549 1249.81 0 -43.62433 1249.239 0 -65.41986 1248.287 0 -87.19562 1246.955 0 -108.9446 1245.243 0 -130.6605 1243.152 0 -152.3366 1240.683 0 -173.9664 1237.835 0 -195.543 1234.61 0 -217.0602 1231.01 0 -238.5112 1227.034 0 -259.8895 1222.684 0 -281.1888 1217.963 0 -302.4023 1212.87 0 -323.5238 1207.407 0 -344.5465 1201.577 0 -365.4645 1195.381 0 -386.2711 1188.821 0 -406.9599 1181.898 0 -427.5251 1174.616 0 -447.96 1166.976 0 -468.2581 1158.98 0 -488.4139 1150.631 0 -508.4207 1141.932 0 -528.2727 1132.885 0 -547.9638 1123.493 0 -567.488 1113.758 0 -586.8394 1103.685 0 -606.012 1093.275 0 -624.9999 1082.532 0 -643.7974 1071.459 0 -662.3991 1060.06 0 -680.7988 1048.338 0 -698.991 1036.297 0 -716.9705 1023.94 0 -734.7315 1011.271 0 -752.2687 998.2944 0 -769.5768 985.0134 0 -786.6505 971.4326 0 -803.4844 957.5556 0 -820.0737 943.387 0 -836.4133 928.9311 0 -852.4979 914.1922 0 -868.3228 899.1748 0 -883.8834 883.8836 0 -899.1748 868.3231 0 -914.1921 852.498 0 -928.931 836.4133 0 -943.3869 820.0738 0 -957.5556 803.4847 0</float_array>
          <technique_common>
            <accessor source="#_0250411_112040_D_12_5_k_7_Area1_str_outline_144-mesh-positions-array" count="840" stride="3">
              <param name="X" type="float"/>
              <param name="Y" type="float"/>
              <param name="Z" type="float"/>
            </accessor>
          </technique_common>
        </source>
        <source id="_0250411_112040_D_12_5_k_7_Area1_str_outline_144-mesh-normals">
          <float_array id="_0250411_112040_D_12_5_k_7_Area1_str_outline_144-mesh-normals-array" count="0"/>
          <technique_common>
            <accessor source="#_0250411_112040_D_12_5_k_7_Area1_str_outline_144-mesh-normals-array" count="0" stride="3">
              <param name="X" type="float"/>
              <param name="Y" type="float"/>
              <param name="Z" type="float"/>
            </accessor>
          </technique_common>
        </source>
        <vertices id="_0250411_112040_D_12_5_k_7_Area1_str_outline_144-mesh-vertices">
          <input semantic="POSITION" source="#_0250411_112040_D_12_5_k_7_Area1_str_outline_144-mesh-positions"/>
        </vertices>
        <lines count="834">
          <input semantic="VERTEX" source="#_0250411_112040_D_12_5_k_7_Area1_str_outline_144-mesh-vertices" offset="0"/>
          <p>2 3 1 0 0 2 3 1 5 4 6 4 7 5 8 6 9 7 10 8 11 9 12 10 13 11 14 12 15 13 16 14 17 15 18 16 19 17 20 18 21 19 22 20 23 21 24 22 25 23 26 24 27 25 28 26 29 27 30 28 31 29 32 30 33 31 34 32 35 33 36 34 37 35 38 36 39 37 40 38 41 39 42 40 43 41 44 42 45 43 46 44 47 45 48 46 49 47 50 48 51 49 52 50 53 51 54 52 55 53 56 54 57 55 58 56 59 57 60 58 61 59 62 60 63 61 64 62 65 63 66 64 67 65 68 66 69 67 70 68 71 69 72 70 73 71 74 72 75 73 76 74 77 75 78 76 79 77 80 78 81 79 82 80 83 81 84 82 85 83 86 84 87 85 88 86 89 87 90 88 91 89 92 90 93 91 94 92 95 94 95 93 97 96 98 96 99 97 100 98 101 99 102 100 103 101 104 102 105 103 106 104 107 105 108 106 109 107 110 108 111 109 112 110 113 111 114 112 115 113 116 114 117 115 118 116 119 117 120 118 121 119 122 120 123 121 124 122 125 123 126 124 127 125 128 126 129 127 130 128 131 129 132 130 133 131 134 132 135 133 136 134 137 135 138 136 139 137 140 138 141 139 142 140 143 141 144 142 145 143 146 144 147 145 148 146 149 147 150 148 151 149 152 150 153 151 154 152 155 153 156 154 157 155 158 156 159 157 160 158 161 159 162 160 163 161 164 162 165 163 166 164 167 165 168 166 169 167 170 168 171 169 172 170 173 171 174 172 175 173 176 174 177 175 178 176 179 177 180 178 181 179 182 180 183 181 184 182 185 183 186 184 187 186 187 185 189 188 190 188 191 189 192 190 193 191 194 192 195 193 196 194 197 195 198 196 199 197 200 198 201 199 202 200 203 201 204 202 205 203 206 204 207 205 208 206 209 207 210 208 211 209 212 210 213 211 214 212 215 213 216 214 217 215 218 216 219 217 220 218 221 219 222 220 223 221 224 222 225 223 226 224 227 225 228 226 229 227 230 228 231 229 232 230 233 231 234 232 235 233 236 234 237 235 238 236 239 237 240 238 241 239 242 240 243 241 244 242 245 243 246 244 247 245 248 246 249 247 250 248 251 249 252 250 253 251 254 252 255 253 256 254 257 255 258 256 259 257 260 258 261 259 262 260 263 261 264 262 265 263 266 264 267 265 268 266 269 267 270 268 271 270 271 269 273 272 274 273 275 272 276 274 277 275 278 276 279 277 280 278 281 279 282 280 283 281 284 282 285 283 286 284 287 285 288 286 289 287 290 288 291 289 292 290 293 291 294 292 295 293 296 294 297 295 298 296 299 297 300 298 301 299 302 300 303 301 304 302 305 303 306 304 307 305 308 306 309 307 310 308 311 309 312 310 313 311 314 312 315 313 316 314 317 315 318 316 319 317 320 318 321 319 322 320 323 321 324 322 325 323 326 324 327 325 328 326 329 327 330 328 331 329 332 330 333 331 334 332 335 333 336 334 337 335 338 336 339 337 340 338 341 339 342 340 343 341 344 342 345 343 346 344 347 345 348 346 349 347 350 348 351 349 352 350 353 351 354 352 355 353 356 354 357 355 358 356 359 357 360 358 361 359 362 360 363 361 364 362 365 363 366 365 367 364 367 366 369 368 370 369 371 368 372 370 373 371 374 372 375 373 376 374 377 375 378 376 379 377 380 378 381 379 382 380 383 381 384 382 385 383 386 384 387 385 388 386 389 387 390 388 391 389 392 390 393 391 394 392 395 393 396 394 397 395 398 396 399 397 400 398 401 399 402 400 403 401 404 402 405 403 406 404 407 405 408 406 409 407 410 408 411 409 412 410 413 411 414 412 415 413 416 414 417 415 418 416 419 417 420 418 421 419 422 420 423 421 424 422 425 423 426 424 427 425 428 426 429 427 430 428 431 429 432 430 433 431 434 432 435 433 436 434 437 435 438 436 439 437 440 438 441 439 442 440 443 441 444 442 445 443 446 444 447 445 448 446 449 447 450 448 451 449 452 450 453 451 454 452 455 453 456 454 457 455 458 456 459 457 460 458 461 459 462 461 463 460 463 462 465 464 466 465 468 467 469 468 471 470 472 471 474 473 476 475 477 476 479 478 480 481 481 482 482 483 483 484 484 485 485 486 486 487 487 488 488 489 489 490 490 491 491 492 492 493 493 494 494 495 495 496 496 497 497 498 498 499 499 500 500 501 501 502 502 503 503 504 504 505 505 506 506 507 507 508 508 509 509 510 510 511 511 512 512 513 513 514 514 515 515 516 516 517 517 518 518 519 519 520 520 521 521 522 522 523 523 524 524 525 525 526 526 527 527 528 528 529 529 530 530 531 531 532 532 533 533 534 534 535 535 536 536 537 537 538 538 539 539 540 540 541 541 542 542 543 543 544 544 545 545 546 546 547 547 548 548 549 549 550 550 551 551 552 552 553 553 554 554 555 555 556 556 557 557 558 558 559 559 560 560 561 561 562 562 563 563 564 564 565 565 566 566 567 567 568 568 569 569 570 570 571 571 572 572 573 573 574 574 575 575 576 576 577 577 578 578 579 579 580 580 581 581 582 582 583 583 584 584 585 585 586 586 587 587 588 588 589 589 590 590 591 591 592 592 593 593 594 594 595 595 596 596 597 597 598 598 599 599 600 600 601 601 602 602 603 603 604 604 605 605 606 606 607 607 608 608 609 609 610 610 611 611 612 612 613 613 614 614 615 615 616 616 617 617 618 618 619 619 620 620 621 621 622 622 623 623 624 624 625 625 626 626 627 627 628 628 629 629 630 630 631 631 632 632 633 633 634 634 635 635 636 636 637 637 638 638 639 639 640 640 641 641 642 642 643 643 644 644 645 645 646 646 647 647 648 648 649 649 650 650 651 651 652 652 653 653 654 654 655 655 656 656 657 657 658 658 659 659 660 660 661 661 662 662 663 663 664 664 665 665 666 666 667 667 668 668 669 669 670 670 671 671 672 672 673 673 674 674 675 675 676 676 677 677 678 678 679 679 680 680 681 681 682 682 683 683 684 684 685 685 686 686 687 687 688 688 689 689 690 690 691 691 692 692 693 693 694 694 695 695 696 696 697 697 698 698 699 699 700 700 701 701 702 702 703 703 704 704 705 705 706 706 707 707 708 708 709 709 710 710 711 711 712 712 713 713 714 714 715 715 716 716 717 717 718 718 719 719 720 720 721 721 722 722 723 723 724 724 725 725 726 726 727 727 728 728 729 729 730 730 731 731 732 732 733 733 734 734 735 735 736 736 737 737 738 738 739 739 740 740 741 741 742 742 743 743 744 744 745 745 746 746 747 747 748 748 749 749 750 750 751 751 752 752 753 753 754 754 755 755 756 756 757 757 758 758 759 759 760 760 761 761 762 762 763 763 764 764 765 765 766 766 767 767 768 768 769 769 770 770 771 771 772 772 773 773 774 774 775 775 776 776 777 777 778 778 779 779 780 780 781 781 782 782 783 783 784 784 785 785 786 786 787 787 788 788 789 789 790 790 791 791 792 792 793 793 794 794 795 795 796 796 797 797 798 798 799 799 800 800 801 801 802 802 803 803 804 804 805 805 806 806 807 807 808 808 809 809 810 810 811 811 812 812 813 813 814 814 815 815 816 816 817 817 818 818 819 819 820 820 821 821 822 822 823 823 824 824 825 825 826 826 827 827 828 828 829 829 830 830 831 831 832 832 833 833 834 834 835 835 836 836 837 837 838 838 839 839 480</p>
        </lines>
      </mesh>
    </geometry>
    <geometry id="_0250410_110052_D_12_5_k_7_Area6_str_145-mesh" name="20250410_110052_D=12.5_k=7_Area6_str.145">
      <mesh>
        <source id="_0250410_110052_D_12_5_k_7_Area6_str_145-mesh-positions">
          <float_array id="_0250410_110052_D_12_5_k_7_Area6_str_145-mesh-positions-array" count="297">-17.67767 0 -9.43724e-7 -19.09188 1.414213 0.9999991 -23.90021 -5.091168 0.9999985 -20.5061 2.828427 1.999999 -30.12275 -10.18234 1.999998 -21.92031 4.24264 2.999999 -36.34529 -15.27351 2.999997 -23.33452 5.656854 3.999999 -42.56783 -20.36468 3.999997 -24.74874 7.071067 4.999999 -48.79037 -25.45584 4.999996 -26.16295 8.485281 5.999999 -55.01291 -30.54701 5.999995 -27.57716 9.899495 6.999999 -61.23545 -35.63818 6.999995 -28.99138 11.31371 7.999999 -67.45799 -40.72935 7.999994 -30.40559 12.72792 9 -73.68053 -45.82052 8.999994 -31.81981 14.14213 10 -79.90307 -50.91169 9.999994 -33.23402 15.55635 11 -86.12561 -56.00286 10.99999 -34.64823 16.97056 12 -92.34815 -61.09402 11.99999 -36.06245 18.38478 13 -98.57069 -66.1852 12.99999 -37.47666 19.79899 14 -104.7932 -71.27636 13.99999 -38.89087 21.2132 15 -111.0158 -76.36754 14.99999 -40.30509 22.62742 16 -117.2383 -81.4587 15.99999 -41.7193 24.04163 17 -123.4608 -86.54988 16.99999 -43.13351 25.45584 18 -129.6834 -91.64104 17.99999 -44.54773 26.87006 19 -135.9059 -96.7322 18.99999 -45.96194 28.28427 20 -142.1285 -101.8234 19.99999 -47.37615 29.69848 21 -148.351 -106.9146 20.99999 -48.79037 31.1127 22 -154.5735 -112.0057 21.99999 -50.20458 32.52691 23 -160.7961 -117.0969 22.99999 -51.6188 33.94112 24 -167.0186 -122.1881 23.99999 -53.03301 35.35533 25 -173.2412 -127.2792 24.99999 -54.44722 36.76955 26 -179.4637 -132.3704 25.99998 -55.86143 38.18376 27 -185.6862 -137.4616 26.99998 -57.27565 39.59798 28 -191.9088 -142.5527 27.99998 -58.68986 41.01219 29 -198.1313 -147.6439 28.99998 -60.10408 42.4264 30 -204.3539 -152.7351 29.99998 -61.51829 43.84062 31 -210.5764 -157.8262 30.99998 -62.9325 45.25483 32 -216.7989 -162.9174 31.99998 -64.34672 46.66904 33 -223.0215 -168.0086 32.99998 -65.76094 48.08326 34 -229.244 -173.0997 33.99998 -67.17514 49.49747 35 -235.4666 -178.1909 34.99998 -68.58937 50.91168 36 -241.6891 -183.2821 35.99998 -70.00357 52.3259 37 -247.9116 -188.3732 36.99998 -71.41779 53.74011 38 -254.1342 -193.4644 37.99998 -72.832 55.15433 39 -260.3567 -198.5556 38.99998 -72.92039 55.24271 39.0625 -260.7456 -198.8738 39.06248 -74.24622 56.56854 40 -262.0715 -197.5479 39.99998 -266.0489 -204.1771 39.99997 -75.66043 57.98275 41 -263.4857 -196.1337 40.99998 -271.7058 -209.8339 40.99997 -77.07464 59.39696 42 -264.8999 -194.7195 41.99998 -277.3627 -215.4908 41.99997 -78.48886 60.81118 43 -266.3141 -193.3053 42.99998 -283.0195 -221.1476 42.99997 -79.90307 62.22539 44 -267.7283 -191.8911 43.99998 -288.6763 -226.8045 43.99997 -81.31729 63.63961 45 -269.1425 -190.4769 44.99998 -294.3332 -232.4614 44.99997</float_array>
          <technique_common>
            <accessor source="#_0250410_110052_D_12_5_k_7_Area6_str_145-mesh-positions-array" count="99" stride="3">
              <param name="X" type="float"/>
              <param name="Y" type="float"/>
              <param name="Z" type="float"/>
            </accessor>
          </technique_common>
        </source>
        <source id="_0250410_110052_D_12_5_k_7_Area6_str_145-mesh-normals">
          <float_array id="_0250410_110052_D_12_5_k_7_Area6_str_145-mesh-normals-array" count="294">0.3628467 -0.268191 0.8924213 0.3628464 -0.2681912 0.8924215 0.3628465 -0.268191 0.8924215 0.3628465 -0.2681908 0.8924215 0.362846 -0.268191 0.8924217 0.3628464 -0.2681909 0.8924216 0.3628461 -0.2681908 0.8924216 0.3628456 -0.2681908 0.8924219 0.3628466 -0.2681908 0.8924215 0.3628469 -0.2681908 0.8924214 0.3628469 -0.2681911 0.8924213 0.362846 -0.2681906 0.8924218 0.3628459 -0.2681911 0.8924217 0.3628454 -0.2681912 0.8924219 0.3628461 -0.2681906 0.8924217 0.3628472 -0.2681912 0.8924211 0.3628466 -0.2681909 0.8924216 0.3628477 -0.2681913 0.8924209 0.3628447 -0.2681908 0.8924223 0.362845 -0.2681905 0.8924223 0.3628475 -0.2681913 0.8924211 0.3628451 -0.2681906 0.8924221 0.3628478 -0.2681911 0.892421 0.3628461 -0.2681905 0.8924218 0.3628461 -0.2681905 0.8924219 0.3628478 -0.2681905 0.8924211 0.3628476 -0.2681931 0.8924204 0.3628453 -0.2681906 0.8924221 0.3628445 -0.2681903 0.8924224 0.3628463 -0.2681901 0.8924218 0.3628474 -0.2681928 0.8924205 0.3628452 -0.2681888 0.8924226 0.362848 -0.2681913 0.8924208 0.3628428 -0.2681914 0.8924228 0.3628466 -0.268191 0.8924214 0.3628488 -0.2681932 0.8924198 0.3628446 -0.2681896 0.8924226 0.3628462 -0.2681903 0.8924218 0.3628462 -0.2681919 0.8924214 0.362876 -0.2682369 0.8923957 0.3628422 -0.2681897 0.8924237 0.3928362 -0.2356973 0.8888907 0.3928393 -0.2357064 0.8888869 0.3928335 -0.2357006 0.888891 0.3928389 -0.2357044 0.8888875 0.3628464 -0.2681902 0.8924218 0.3628463 -0.2681908 0.8924216 0.3628462 -0.2681908 0.8924217 0.3628464 -0.2681909 0.8924216 0.3628464 -0.2681909 0.8924216 0.3628467 -0.2681908 0.8924215 0.3628464 -0.2681909 0.8924216 0.3628471 -0.2681911 0.8924212 0.3628461 -0.2681909 0.8924217 0.3628463 -0.268191 0.8924216 0.3628467 -0.268191 0.8924214 0.3628461 -0.2681909 0.8924217 0.3628458 -0.2681909 0.8924217 0.3628468 -0.2681908 0.8924214 0.3628467 -0.2681907 0.8924216 0.3628462 -0.2681906 0.8924217 0.3628461 -0.2681911 0.8924216 0.3628472 -0.2681913 0.8924211 0.3628464 -0.2681909 0.8924216 0.3628466 -0.2681913 0.8924214 0.3628473 -0.2681908 0.8924213 0.3628464 -0.2681908 0.8924216 0.3628472 -0.2681916 0.8924211 0.3628461 -0.2681909 0.8924217 0.3628466 -0.2681922 0.8924211 0.3628451 -0.2681904 0.8924221 0.362847 -0.2681904 0.8924215 0.3628474 -0.2681907 0.8924212 0.3628453 -0.2681904 0.8924221 0.3628469 -0.2681909 0.8924213 0.362846 -0.2681904 0.8924219 0.3628482 -0.2681927 0.8924202 0.362846 -0.26819 0.892422 0.3628473 -0.2681907 0.8924212 0.3628469 -0.2681911 0.8924213 0.362845 -0.2681899 0.8924224 0.3628473 -0.268191 0.8924211 0.3628469 -0.2681908 0.8924214 0.362847 -0.2681908 0.8924213 0.3628731 -0.2681891 0.8924112 0.392837 -0.2357048 0.8888882 0.3628473 -0.2681891 0.8924217 0.3628473 -0.2681908 0.8924212 0.392836 -0.2357016 0.8888895 0.3628476 -0.268193 0.8924205 0.3928378 -0.2357024 0.8888887 0.3628473 -0.2681909 0.8924212 0.3628449 -0.268191 0.8924221 0.3928406 -0.2357026 0.8888874 0.3628473 -0.2681908 0.8924212 0.3928372 -0.2357017 0.888889 0.3928351 -0.2357001 0.8888903 0.3928363 -0.2357007 0.8888897</float_array>
          <technique_common>
            <accessor source="#_0250410_110052_D_12_5_k_7_Area6_str_145-mesh-normals-array" count="98" stride="3">
              <param name="X" type="float"/>
              <param name="Y" type="float"/>
              <param name="Z" type="float"/>
            </accessor>
          </technique_common>
        </source>
        <vertices id="_0250410_110052_D_12_5_k_7_Area6_str_145-mesh-vertices">
          <input semantic="POSITION" source="#_0250410_110052_D_12_5_k_7_Area6_str_145-mesh-positions"/>
        </vertices>
        <triangles material="_auto_27_008-material" count="102">
          <input semantic="VERTEX" source="#_0250410_110052_D_12_5_k_7_Area6_str_145-mesh-vertices" offset="0"/>
          <input semantic="NORMAL" source="#_0250410_110052_D_12_5_k_7_Area6_str_145-mesh-normals" offset="1"/>
          <p>5 0 4 0 3 0 1 1 2 1 0 1 2 2 3 2 4 2 6 3 7 3 8 3 8 4 9 4 10 4 10 5 11 5 12 5 12 6 13 6 14 6 14 7 15 7 16 7 16 8 17 8 18 8 18 9 19 9 20 9 20 10 21 10 22 10 22 11 23 11 24 11 24 12 25 12 26 12 26 13 27 13 28 13 28 14 29 14 30 14 30 15 31 15 32 15 32 16 33 16 34 16 34 17 35 17 36 17 36 18 37 18 38 18 38 19 39 19 40 19 40 20 41 20 42 20 42 21 43 21 44 21 44 22 45 22 46 22 46 23 47 23 48 23 48 24 49 24 50 24 50 25 51 25 52 25 52 26 53 26 54 26 54 27 55 27 56 27 56 28 57 28 58 28 58 29 59 29 60 29 60 30 61 30 62 30 62 31 63 31 64 31 64 32 65 32 66 32 66 33 67 33 68 33 68 34 69 34 70 34 70 35 71 35 72 35 72 36 73 36 74 36 74 37 75 37 76 37 76 38 77 38 78 38 78 39 79 39 80 39 79 40 81 40 82 40 82 41 85 41 83 41 85 42 88 42 86 42 88 43 91 43 89 43 91 44 94 44 92 44 93 45 96 45 97 45 5 46 6 46 4 46 2 47 1 47 3 47 6 48 5 48 7 48 8 49 7 49 9 49 10 50 9 50 11 50 12 51 11 51 13 51 14 52 13 52 15 52 16 53 15 53 17 53 18 54 17 54 19 54 20 55 19 55 21 55 22 56 21 56 23 56 24 57 23 57 25 57 26 58 25 58 27 58 28 59 27 59 29 59 30 60 29 60 31 60 32 61 31 61 33 61 34 62 33 62 35 62 36 63 35 63 37 63 38 64 37 64 39 64 40 65 39 65 41 65 42 66 41 66 43 66 44 67 43 67 45 67 46 68 45 68 47 68 48 69 47 69 49 69 50 70 49 70 51 70 52 71 51 71 53 71 54 72 53 72 55 72 56 73 55 73 57 73 58 74 57 74 59 74 60 75 59 75 61 75 62 76 61 76 63 76 64 77 63 77 65 77 66 78 65 78 67 78 68 79 67 79 69 79 70 80 69 80 71 80 72 81 71 81 73 81 74 82 73 82 75 82 76 83 75 83 77 83 78 84 77 84 79 84 83 85 80 85 82 85 80 86 79 86 82 86 82 87 81 87 85 87 81 45 84 45 85 45 85 88 86 88 83 88 85 89 84 89 88 89 84 87 87 87 88 87 88 90 89 90 86 90 88 91 87 91 91 91 87 92 90 92 91 92 91 93 92 93 89 93 91 94 90 94 94 94 90 92 93 92 94 92 94 95 95 95 92 95 98 96 95 96 97 96 95 97 94 97 97 97 94 91 93 91 97 91</p>
        </triangles>
      </mesh>
    </geometry>
    <geometry id="_0250410_110052_D_12_5_k_7_Area5_str_146-mesh" name="20250410_110052_D=12.5_k=7_Area5_str.146">
      <mesh>
        <source id="_0250410_110052_D_12_5_k_7_Area5_str_146-mesh-positions">
          <float_array id="_0250410_110052_D_12_5_k_7_Area5_str_146-mesh-positions-array" count="297">0 -17.67767 -9.43724e-7 1.414213 -19.09188 0.9999991 -5.091168 -23.90021 0.9999985 2.828427 -20.5061 1.999999 -10.18234 -30.12275 1.999998 4.24264 -21.92031 2.999999 -15.27351 -36.34529 2.999997 5.656854 -23.33452 3.999999 -20.36468 -42.56783 3.999997 7.071067 -24.74874 4.999999 -25.45584 -48.79037 4.999996 8.485281 -26.16295 5.999999 -30.54701 -55.01291 5.999995 9.899495 -27.57716 6.999999 -35.63818 -61.23545 6.999995 11.31371 -28.99138 7.999999 -40.72935 -67.45799 7.999994 12.72792 -30.40559 9 -45.82052 -73.68053 8.999994 14.14213 -31.81981 10 -50.91169 -79.90307 9.999994 15.55635 -33.23402 11 -56.00286 -86.12561 10.99999 16.97056 -34.64823 12 -61.09402 -92.34815 11.99999 18.38478 -36.06245 13 -66.1852 -98.57069 12.99999 19.79899 -37.47666 14 -71.27636 -104.7932 13.99999 21.2132 -38.89087 15 -76.36754 -111.0158 14.99999 22.62742 -40.30509 16 -81.4587 -117.2383 15.99999 24.04163 -41.7193 17 -86.54988 -123.4608 16.99999 25.45584 -43.13351 18 -91.64104 -129.6834 17.99999 26.87006 -44.54773 19 -96.7322 -135.9059 18.99999 28.28427 -45.96194 20 -101.8234 -142.1285 19.99999 29.69848 -47.37615 21 -106.9146 -148.351 20.99999 31.1127 -48.79037 22 -112.0057 -154.5735 21.99999 32.52691 -50.20458 23 -117.0969 -160.7961 22.99999 33.94112 -51.6188 24 -122.1881 -167.0186 23.99999 35.35533 -53.03301 25 -127.2792 -173.2412 24.99999 36.76955 -54.44722 26 -132.3704 -179.4637 25.99998 38.18376 -55.86143 27 -137.4616 -185.6862 26.99998 39.59798 -57.27565 28 -142.5527 -191.9088 27.99998 41.01219 -58.68986 29 -147.6439 -198.1313 28.99998 42.4264 -60.10408 30 -152.7351 -204.3539 29.99998 43.84062 -61.51829 31 -157.8262 -210.5764 30.99998 45.25483 -62.9325 32 -162.9174 -216.7989 31.99998 46.66904 -64.34672 33 -168.0086 -223.0215 32.99998 48.08326 -65.76094 34 -173.0997 -229.244 33.99998 49.49747 -67.17514 35 -178.1909 -235.4666 34.99998 50.91168 -68.58937 36 -183.2821 -241.6891 35.99998 52.3259 -70.00357 37 -188.3732 -247.9116 36.99998 53.74011 -71.41779 38 -193.4644 -254.1342 37.99998 55.15433 -72.832 39 -198.5556 -260.3567 38.99998 55.24271 -72.92039 39.0625 -198.8738 -260.7456 39.06248 56.56854 -74.24622 40 -197.5479 -262.0715 39.99998 -204.1771 -266.0489 39.99997 57.98275 -75.66043 41 -196.1337 -263.4857 40.99998 -209.8339 -271.7058 40.99997 59.39696 -77.07464 42 -194.7195 -264.8999 41.99998 -215.4908 -277.3627 41.99997 60.81118 -78.48886 43 -193.3053 -266.3141 42.99998 -221.1476 -283.0195 42.99997 62.22539 -79.90307 44 -191.8911 -267.7283 43.99998 -226.8045 -288.6763 43.99997 63.63961 -81.31729 45 -190.4769 -269.1425 44.99998 -232.4614 -294.3332 44.99997</float_array>
          <technique_common>
            <accessor source="#_0250410_110052_D_12_5_k_7_Area5_str_146-mesh-positions-array" count="99" stride="3">
              <param name="X" type="float"/>
              <param name="Y" type="float"/>
              <param name="Z" type="float"/>
            </accessor>
          </technique_common>
        </source>
        <source id="_0250410_110052_D_12_5_k_7_Area5_str_146-mesh-normals">
          <float_array id="_0250410_110052_D_12_5_k_7_Area5_str_146-mesh-normals-array" count="303">-0.2681911 0.3628466 0.8924214 -0.2681909 0.3628462 0.8924217 -0.2681908 0.3628463 0.8924217 -0.2681913 0.362847 0.8924211 -0.268191 0.3628464 0.8924214 -0.2681909 0.3628464 0.8924216 -0.2681902 0.3628456 0.8924221 -0.2681907 0.3628457 0.8924219 -0.2681908 0.3628465 0.8924216 -0.2681909 0.3628463 0.8924216 -0.2681903 0.3628455 0.8924221 -0.2681909 0.3628464 0.8924215 -0.2681922 0.3628478 0.8924207 -0.2681911 0.3628466 0.8924214 -0.2681904 0.3628464 0.8924217 -0.2681915 0.3628463 0.8924214 -0.2681894 0.3628446 0.8924227 -0.2681913 0.3628482 0.8924207 -0.2681908 0.3628465 0.8924215 -0.2681918 0.3628481 0.8924205 -0.2681913 0.3628464 0.8924214 -0.2681897 0.3628449 0.8924226 -0.2681916 0.3628461 0.8924214 -0.2681902 0.3628466 0.8924217 -0.268193 0.3628492 0.8924198 -0.2681906 0.3628466 0.8924216 -0.2681902 0.3628462 0.8924218 -0.2681909 0.3628465 0.8924215 -0.2681892 0.3628439 0.892423 -0.2681906 0.3628463 0.8924217 -0.2681888 0.3628442 0.8924231 -0.2681942 0.3628483 0.8924198 -0.2681892 0.3628443 0.8924229 -0.2681917 0.3628464 0.8924213 -0.2681885 0.3628442 0.8924231 -0.2681899 0.3628466 0.8924217 -0.2681903 0.3628463 0.8924217 -0.2681949 0.3628502 0.8924188 -0.2681875 0.3628429 0.8924241 -0.2682036 0.362843 0.8924192 -0.2681866 0.3628429 0.8924243 -0.2681908 0.3628464 0.8924216 -0.2681935 0.36285 0.8924193 -0.2681921 0.3628463 0.8924213 -0.2681922 0.3628501 0.8924196 -0.2681908 0.3628464 0.8924216 -0.2681909 0.3628464 0.8924216 -0.2681905 0.3628459 0.8924219 -0.2681915 0.3628473 0.892421 -0.268191 0.3628463 0.8924216 -0.2681914 0.362847 0.8924211 -0.2681905 0.3628464 0.8924216 -0.268191 0.3628463 0.8924216 -0.2681918 0.3628475 0.8924208 -0.2681921 0.3628479 0.8924205 -0.2681894 0.3628448 0.8924226 -0.2681896 0.3628453 0.8924223 -0.2681908 0.3628462 0.8924217 -0.2681904 0.3628466 0.8924216 -0.2681913 0.3628474 0.892421 -0.2681936 0.3628482 0.89242 -0.2681913 0.3628466 0.8924213 -0.2681888 0.3628442 0.8924232 -0.2681895 0.3628448 0.8924226 -0.2681915 0.3628466 0.8924213 -0.2681909 0.3628466 0.8924215 -0.2681927 0.3628475 0.8924206 -0.268191 0.3628466 0.8924215 -0.2681894 0.3628437 0.892423 -0.2681912 0.362846 0.8924216 -0.2681935 0.3628491 0.8924196 -0.2681912 0.3628466 0.8924215 -0.2681918 0.3628485 0.8924204 -0.2681895 0.3628442 0.8924229 -0.268195 0.362851 0.8924184 -0.2681841 0.362842 0.8924254 -0.2681924 0.362847 0.8924208 -0.2681945 0.3628495 0.8924192 -0.2681917 0.3628465 0.8924213 -0.268195 0.3628504 0.8924188 -0.2681868 0.3628429 0.8924241 -0.2681914 0.3628465 0.8924214 -0.2681917 0.3628465 0.8924213 -0.2682374 0.362904 0.8923842 -0.2681918 0.3628474 0.8924208 -0.235702 0.3928378 0.8888886 -0.2357083 0.3928484 0.8888823 -0.2357031 0.3928383 0.8888881 -0.2681893 0.3628461 0.8924222 -0.2357003 0.3928322 0.8888916 -0.2357024 0.3928374 0.8888888 -0.2681908 0.3628465 0.8924214 -0.2356997 0.3928307 0.8888924 -0.2357086 0.3928468 0.8888829 -0.2681873 0.362843 0.892424 -0.2356984 0.3928326 0.8888919 -0.2357018 0.3928372 0.888889 -0.268189 0.3628428 0.8924236 -0.2357031 0.3928369 0.8888887 -0.2357021 0.3928375 0.8888887 -0.2681894 0.3628467 0.8924219</float_array>
          <technique_common>
            <accessor source="#_0250410_110052_D_12_5_k_7_Area5_str_146-mesh-normals-array" count="101" stride="3">
              <param name="X" type="float"/>
              <param name="Y" type="float"/>
              <param name="Z" type="float"/>
            </accessor>
          </technique_common>
        </source>
        <vertices id="_0250410_110052_D_12_5_k_7_Area5_str_146-mesh-vertices">
          <input semantic="POSITION" source="#_0250410_110052_D_12_5_k_7_Area5_str_146-mesh-positions"/>
        </vertices>
        <triangles material="_auto_27_008-material" count="102">
          <input semantic="VERTEX" source="#_0250410_110052_D_12_5_k_7_Area5_str_146-mesh-vertices" offset="0"/>
          <input semantic="NORMAL" source="#_0250410_110052_D_12_5_k_7_Area5_str_146-mesh-normals" offset="1"/>
          <p>1 0 0 0 2 0 2 1 3 1 1 1 4 2 5 2 3 2 6 3 7 3 5 3 8 4 9 4 7 4 10 5 11 5 9 5 12 6 13 6 11 6 14 7 15 7 13 7 16 8 17 8 15 8 18 9 19 9 17 9 20 10 21 10 19 10 22 11 23 11 21 11 24 12 25 12 23 12 26 13 27 13 25 13 28 14 29 14 27 14 30 15 31 15 29 15 32 16 33 16 31 16 34 17 35 17 33 17 36 18 37 18 35 18 38 19 39 19 37 19 40 20 41 20 39 20 42 21 43 21 41 21 44 22 45 22 43 22 46 23 47 23 45 23 48 24 49 24 47 24 50 25 51 25 49 25 52 26 53 26 51 26 54 27 55 27 53 27 56 28 57 28 55 28 58 29 59 29 57 29 60 30 61 30 59 30 62 31 63 31 61 31 64 32 65 32 63 32 66 33 67 33 65 33 68 34 69 34 67 34 70 35 71 35 69 35 72 36 73 36 71 36 74 37 75 37 73 37 76 38 77 38 75 38 78 39 79 39 77 39 82 40 81 40 79 40 82 41 85 41 81 41 85 42 88 42 84 42 88 43 91 43 87 43 91 44 94 44 90 44 97 43 93 43 94 43 2 45 4 45 3 45 4 46 6 46 5 46 6 47 8 47 7 47 8 48 10 48 9 48 10 49 12 49 11 49 12 50 14 50 13 50 14 51 16 51 15 51 16 52 18 52 17 52 18 53 20 53 19 53 20 54 22 54 21 54 22 55 24 55 23 55 24 56 26 56 25 56 26 57 28 57 27 57 28 58 30 58 29 58 30 59 32 59 31 59 32 60 34 60 33 60 34 61 36 61 35 61 36 62 38 62 37 62 38 63 40 63 39 63 40 64 42 64 41 64 42 65 44 65 43 65 44 66 46 66 45 66 46 67 48 67 47 67 48 68 50 68 49 68 50 69 52 69 51 69 52 70 54 70 53 70 54 71 56 71 55 71 56 72 58 72 57 72 58 73 60 73 59 73 60 74 62 74 61 74 62 75 64 75 63 75 64 76 66 76 65 76 66 77 68 77 67 77 68 78 70 78 69 78 70 79 72 79 71 79 72 80 74 80 73 80 74 81 76 81 75 81 76 82 78 82 77 82 78 83 80 83 79 83 79 84 80 84 82 84 80 85 83 85 82 85 82 86 83 86 85 86 83 87 86 87 85 87 85 88 84 88 81 88 85 89 86 89 88 89 86 90 89 90 88 90 88 91 87 91 84 91 88 92 89 92 91 92 89 93 92 93 91 93 91 94 90 94 87 94 91 95 92 95 94 95 92 96 95 96 94 96 94 97 93 97 90 97 94 98 95 98 97 98 95 99 98 99 97 99 97 100 96 100 93 100</p>
        </triangles>
      </mesh>
    </geometry>
    <geometry id="_0250410_110052_D_12_5_k_7_Area4_str_146-mesh" name="20250410_110052_D=12.5_k=7_Area4_str.146">
      <mesh>
        <source id="_0250410_110052_D_12_5_k_7_Area4_str_146-mesh-positions">
          <float_array id="_0250410_110052_D_12_5_k_7_Area4_str_146-mesh-positions-array" count="252">0 -17.67767 -9.43724e-7 -17.67767 0 -9.43724e-7 -5.091168 -23.90021 0.9999985 -23.90021 -5.091168 0.9999985 -10.18234 -30.12275 1.999998 -30.12275 -10.18234 1.999998 -15.27351 -36.34529 2.999997 -36.34529 -15.27351 2.999997 -20.36468 -42.56783 3.999997 -42.56783 -20.36468 3.999997 -25.45584 -48.79037 4.999996 -48.79037 -25.45584 4.999996 -30.54701 -55.01291 5.999995 -55.01291 -30.54701 5.999995 -35.63818 -61.23545 6.999995 -61.23545 -35.63818 6.999995 -40.72935 -67.45799 7.999994 -67.45799 -40.72935 7.999994 -45.82052 -73.68053 8.999994 -73.68053 -45.82052 8.999994 -50.91169 -79.90307 9.999994 -79.90307 -50.91169 9.999994 -56.00286 -86.12561 10.99999 -86.12561 -56.00286 10.99999 -61.09402 -92.34815 11.99999 -92.34815 -61.09402 11.99999 -66.1852 -98.57069 12.99999 -98.57069 -66.1852 12.99999 -71.27636 -104.7932 13.99999 -104.7932 -71.27636 13.99999 -76.36754 -111.0158 14.99999 -111.0158 -76.36754 14.99999 -81.4587 -117.2383 15.99999 -117.2383 -81.4587 15.99999 -86.54988 -123.4608 16.99999 -123.4608 -86.54988 16.99999 -91.64104 -129.6834 17.99999 -129.6834 -91.64104 17.99999 -96.7322 -135.9059 18.99999 -135.9059 -96.7322 18.99999 -101.8234 -142.1285 19.99999 -142.1285 -101.8234 19.99999 -106.9146 -148.351 20.99999 -148.351 -106.9146 20.99999 -112.0057 -154.5735 21.99999 -154.5735 -112.0057 21.99999 -117.0969 -160.7961 22.99999 -160.7961 -117.0969 22.99999 -122.1881 -167.0186 23.99999 -167.0186 -122.1881 23.99999 -127.2792 -173.2412 24.99999 -173.2412 -127.2792 24.99999 -132.3704 -179.4637 25.99998 -179.4637 -132.3704 25.99998 -137.4616 -185.6862 26.99998 -185.6862 -137.4616 26.99998 -142.5527 -191.9088 27.99998 -191.9088 -142.5527 27.99998 -147.6439 -198.1313 28.99998 -198.1313 -147.6439 28.99998 -152.7351 -204.3539 29.99998 -204.3539 -152.7351 29.99998 -157.8262 -210.5764 30.99998 -210.5764 -157.8262 30.99998 -162.9174 -216.7989 31.99998 -216.7989 -162.9174 31.99998 -168.0086 -223.0215 32.99998 -223.0215 -168.0086 32.99998 -173.0997 -229.244 33.99998 -229.244 -173.0997 33.99998 -178.1909 -235.4666 34.99998 -235.4666 -178.1909 34.99998 -183.2821 -241.6891 35.99998 -241.6891 -183.2821 35.99998 -188.3732 -247.9116 36.99998 -247.9116 -188.3732 36.99998 -193.4644 -254.1342 37.99998 -254.1342 -193.4644 37.99998 -198.5556 -260.3567 38.99998 -260.3567 -198.5556 38.99998 -198.8738 -260.7456 39.06248 -260.7456 -198.8738 39.06248 -840.5732 -902.445 152.4999 -902.445 -840.5732 152.4999</float_array>
          <technique_common>
            <accessor source="#_0250410_110052_D_12_5_k_7_Area4_str_146-mesh-positions-array" count="84" stride="3">
              <param name="X" type="float"/>
              <param name="Y" type="float"/>
              <param name="Z" type="float"/>
            </accessor>
          </technique_common>
        </source>
        <source id="_0250410_110052_D_12_5_k_7_Area4_str_146-mesh-normals">
          <float_array id="_0250410_110052_D_12_5_k_7_Area4_str_146-mesh-normals-array" count="240">0.08770537 0.08770579 0.992278 0.08770579 0.08770573 0.9922779 0.08770573 0.08770573 0.9922779 0.08770573 0.08770573 0.9922779 0.08770579 0.08770579 0.9922779 0.08770573 0.08770567 0.992278 0.08770573 0.08770573 0.992278 0.08770567 0.08770573 0.992278 0.08770573 0.08770579 0.9922779 0.08770573 0.08770573 0.9922779 0.08770579 0.08770579 0.992278 0.08770573 0.08770573 0.9922779 0.08770561 0.08770561 0.992278 0.08770573 0.08770573 0.9922779 0.08770561 0.08770573 0.992278 0.08770579 0.08770579 0.9922779 0.08770573 0.08770567 0.9922779 0.08770579 0.08770573 0.992278 0.08770561 0.08770573 0.9922779 0.08770567 0.08770567 0.992278 0.08770567 0.08770579 0.992278 0.08770579 0.08770585 0.992278 0.08770561 0.08770585 0.9922779 0.08770579 0.08770573 0.9922779 0.08770561 0.08770561 0.9922779 0.08770585 0.08770573 0.992278 0.08770585 0.08770579 0.992278 0.08770567 0.08770573 0.9922779 0.08770626 0.08770591 0.9922779 0.08770555 0.08770573 0.9922779 0.08770567 0.08770573 0.992278 0.08770573 0.08770585 0.992278 0.08770525 0.08770549 0.992278 0.08770596 0.08770591 0.9922779 0.08770573 0.08770579 0.992278 0.08770579 0.08770561 0.992278 0.08770585 0.08770567 0.9922779 0.08770591 0.08770585 0.9922779 0.08770573 0.08770567 0.9922779 0.08770585 0.08770579 0.9922779 0.08770561 0.08770579 0.9922779 0.08770596 0.08770579 0.9922779 0.08770591 0.08770573 0.992278 0.08770567 0.08770585 0.9922779 0.08770555 0.08770567 0.9922779 0.08770567 0.08770591 0.9922779 0.08770567 0.08770573 0.992278 0.08770591 0.08770585 0.9922779 0.08770555 0.08770567 0.992278 0.08770525 0.08770561 0.992278 0.08770602 0.08770555 0.9922779 0.08770591 0.08770596 0.9922779 0.08770591 0.08770585 0.992278 0.08770585 0.08770549 0.9922779 0.08770573 0.08770585 0.992278 0.08770585 0.08770602 0.9922779 0.08770513 0.08770513 0.992278 0.08770596 0.08770585 0.9922779 0.08770614 0.08770591 0.9922779 0.08770555 0.08770561 0.9922779 0.08770525 0.08770549 0.992278 0.08770608 0.08770591 0.9922779 0.08770591 0.08770596 0.9922779 0.08770567 0.08770543 0.9922779 0.08770602 0.08770561 0.992278 0.08770501 0.08770543 0.992278 0.08770602 0.08770614 0.9922779 0.08770608 0.08770585 0.9922779 0.08770614 0.0877062 0.9922779 0.08770549 0.08770591 0.9922779 0.08770513 0.08770561 0.992278 0.0877062 0.08770596 0.9922779 0.08771073 0.08770692 0.9922773 0.08770495 0.08771008 0.9922776 0.08770501 0.08770555 0.992278 0.08770579 0.08770579 0.9922779 0.08770537 0.08770585 0.992278 0.08770567 0.08770567 0.992278 0.08770525 0.08770531 0.992278 0.08770573 0.08770573 0.9922779</float_array>
          <technique_common>
            <accessor source="#_0250410_110052_D_12_5_k_7_Area4_str_146-mesh-normals-array" count="80" stride="3">
              <param name="X" type="float"/>
              <param name="Y" type="float"/>
              <param name="Z" type="float"/>
            </accessor>
          </technique_common>
        </source>
        <vertices id="_0250410_110052_D_12_5_k_7_Area4_str_146-mesh-vertices">
          <input semantic="POSITION" source="#_0250410_110052_D_12_5_k_7_Area4_str_146-mesh-positions"/>
        </vertices>
        <lines count="1">
          <input semantic="VERTEX" source="#_0250410_110052_D_12_5_k_7_Area4_str_146-mesh-vertices" offset="0"/>
          <p>83 82</p>
        </lines>
        <triangles material="_auto_11_008-material" count="82">
          <input semantic="VERTEX" source="#_0250410_110052_D_12_5_k_7_Area4_str_146-mesh-vertices" offset="0"/>
          <input semantic="NORMAL" source="#_0250410_110052_D_12_5_k_7_Area4_str_146-mesh-normals" offset="1"/>
          <p>69 0 71 0 70 0 80 1 83 1 82 1 0 2 1 2 3 2 0 3 3 3 2 3 3 4 5 4 2 4 4 5 2 5 5 5 8 6 6 6 7 6 6 7 4 7 7 7 10 8 8 8 9 8 7 9 9 9 8 9 9 10 11 10 10 10 4 11 5 11 7 11 11 12 13 12 10 12 13 13 15 13 12 13 15 14 17 14 14 14 12 15 15 15 14 15 17 16 19 16 16 16 19 17 21 17 18 17 16 18 19 18 18 18 23 19 25 19 22 19 25 20 27 20 24 20 22 21 25 21 24 21 27 22 29 22 26 22 21 23 23 23 22 23 29 24 31 24 28 24 31 25 33 25 30 25 28 26 31 26 30 26 33 27 35 27 32 27 35 28 37 28 34 28 32 29 35 29 34 29 37 30 39 30 38 30 39 13 41 13 38 13 43 31 45 31 42 31 45 32 47 32 44 32 42 33 45 33 44 33 41 34 43 34 40 34 38 35 41 35 40 35 24 36 27 36 26 36 17 37 16 37 14 37 12 38 10 38 13 38 20 39 18 39 21 39 21 40 22 40 20 40 29 41 28 41 26 41 32 27 30 27 33 27 37 42 38 42 36 42 36 43 34 43 37 43 42 44 40 44 43 44 48 45 46 45 49 45 46 46 44 46 47 46 49 47 46 47 47 47 54 48 52 48 53 48 52 49 50 49 51 49 51 50 50 50 49 50 50 51 48 51 49 51 51 52 53 52 52 52 53 53 55 53 54 53 54 54 55 54 56 54 55 55 57 55 56 55 57 56 59 56 58 56 62 57 60 57 61 57 60 58 58 58 59 58 58 59 56 59 57 59 59 60 61 60 60 60 61 61 63 61 62 61 66 62 64 62 65 62 64 63 62 63 65 63 70 64 68 64 69 64 68 65 66 65 67 65 67 66 66 66 65 66 74 67 72 67 75 67 72 68 70 68 73 68 75 69 72 69 73 69 78 70 76 70 79 70 76 71 74 71 77 71 78 72 79 72 81 72 81 73 80 73 78 73 77 74 79 74 76 74 71 75 73 75 70 75 75 76 77 76 74 76 65 77 62 77 63 77 67 78 69 78 68 78 80 79 81 79 83 79</p>
        </triangles>
      </mesh>
    </geometry>
    <geometry id="_0250410_110052_D_12_5_k_7_Area3_str_146-mesh" name="20250410_110052_D=12.5_k=7_Area3_str.146">
      <mesh>
        <source id="_0250410_110052_D_12_5_k_7_Area3_str_146-mesh-positions">
          <float_array id="_0250410_110052_D_12_5_k_7_Area3_str_146-mesh-positions-array" count="276">-17.67767 0 -9.43724e-7 0 17.67767 9.43724e-7 -19.09188 1.414213 0.9999991 -1.414213 19.09188 1.000001 -20.5061 2.828427 1.999999 -2.828427 20.5061 2.000001 -21.92031 4.24264 2.999999 -4.24264 21.92031 3.000001 -23.33452 5.656854 3.999999 -5.656854 23.33452 4.000001 -24.74874 7.071067 4.999999 -7.071068 24.74874 5.000001 -26.16295 8.485281 5.999999 -8.485281 26.16295 6.000001 -27.57716 9.899495 6.999999 -9.899495 27.57716 7.000001 -28.99138 11.31371 7.999999 -11.31371 28.99138 8.000001 -30.40559 12.72792 9 -12.72792 30.40559 9.000001 -31.81981 14.14213 10 -14.14214 31.81981 10 -33.23402 15.55635 11 -15.55635 33.23402 11 -34.64823 16.97056 12 -16.97056 34.64823 12 -36.06245 18.38478 13 -18.38478 36.06244 13 -37.47666 19.79899 14 -19.79899 37.47666 14 -38.89087 21.2132 15 -21.2132 38.89087 15 -40.30509 22.62742 16 -22.62742 40.30508 16 -41.7193 24.04163 17 -24.04163 41.7193 17 -43.13351 25.45584 18 -25.45585 43.13351 18 -44.54773 26.87006 19 -26.87006 44.54772 19 -45.96194 28.28427 20 -28.28427 45.96194 20 -47.37615 29.69848 21 -29.69849 47.37615 21 -48.79037 31.1127 22 -31.1127 48.79037 22 -50.20458 32.52691 23 -32.52691 50.20458 23 -51.6188 33.94112 24 -33.94113 51.61879 24 -53.03301 35.35533 25 -35.35534 53.033 25 -54.44722 36.76955 26 -36.76955 54.44722 26 -55.86143 38.18376 27 -38.18376 55.86143 27 -57.27565 39.59798 28 -39.59798 57.27565 28 -58.68986 41.01219 29 -41.01219 58.68986 29 -60.10408 42.4264 30 -42.42641 60.10407 30 -61.51829 43.84062 31 -43.84062 61.51829 31 -62.9325 45.25483 32 -45.25483 62.9325 32 -64.34672 46.66904 33 -46.66905 64.34672 33 -65.76094 48.08326 34 -48.08326 65.76094 34 -67.17514 49.49747 35 -49.49747 67.17514 35 -68.58937 50.91168 36 -50.91169 68.58936 36 -70.00357 52.3259 37 -52.3259 70.00357 37 -71.41779 53.74011 38 -53.74011 71.41778 38 -72.832 55.15433 39 -55.15433 72.832 39 -74.24622 56.56854 40 -56.56855 74.24621 40 -75.66043 57.98275 41 -57.98275 75.66042 41 -77.07464 59.39696 42 -59.39697 77.07463 42 -78.48886 60.81118 43 -60.81118 78.48885 43 -79.90307 62.22539 44 -62.2254 79.90306 44 -81.31729 63.63961 45 -63.63961 81.31728 45</float_array>
          <technique_common>
            <accessor source="#_0250410_110052_D_12_5_k_7_Area3_str_146-mesh-positions-array" count="92" stride="3">
              <param name="X" type="float"/>
              <param name="Y" type="float"/>
              <param name="Z" type="float"/>
            </accessor>
          </technique_common>
        </source>
        <source id="_0250410_110052_D_12_5_k_7_Area3_str_146-mesh-normals">
          <float_array id="_0250410_110052_D_12_5_k_7_Area3_str_146-mesh-normals-array" count="186">0.3162263 -0.3162272 0.894428 0.3162278 -0.3162279 0.8944272 0.3162277 -0.3162279 0.8944272 0.3162279 -0.316228 0.8944271 0.3162275 -0.3162277 0.8944273 0.3162287 -0.3162284 0.8944267 0.3162283 -0.3162283 0.8944269 0.3162276 -0.3162278 0.8944274 0.3162278 -0.316228 0.8944271 0.3162272 -0.3162274 0.8944275 0.3162278 -0.3162278 0.8944272 0.3162272 -0.3162271 0.8944276 0.3162276 -0.3162277 0.8944273 0.316227 -0.3162276 0.8944276 0.3162278 -0.3162278 0.8944272 0.3162272 -0.3162272 0.8944276 0.3162289 -0.3162283 0.8944266 0.3162285 -0.3162285 0.8944268 0.3162274 -0.3162277 0.8944273 0.3162275 -0.3162275 0.8944274 0.3162282 -0.3162281 0.8944271 0.3162273 -0.3162278 0.8944274 0.3162282 -0.3162277 0.8944271 0.3162275 -0.3162276 0.8944274 0.3162272 -0.3162275 0.8944276 0.3162268 -0.3162279 0.8944275 0.3162281 -0.3162282 0.894427 0.3162285 -0.3162284 0.8944268 0.3162279 -0.3162277 0.8944272 0.3162279 -0.3162277 0.8944272 0.3162288 -0.3162276 0.894427 0.3162278 -0.3162279 0.8944271 0.316228 -0.3162276 0.8944272 0.3162281 -0.3162281 0.8944271 0.3162267 -0.3162272 0.8944278 0.316228 -0.3162277 0.8944271 0.3162294 -0.3162283 0.8944264 0.3162288 -0.3162277 0.8944268 0.3162291 -0.3162291 0.8944263 0.3162272 -0.3162277 0.8944275 0.3162271 -0.3162275 0.8944275 0.3162282 -0.3162271 0.8944272 0.3162282 -0.316227 0.8944274 0.3162268 -0.3162278 0.8944276 0.3162285 -0.3162277 0.894427 0.3162294 -0.3162288 0.8944264 0.3162285 -0.3162283 0.8944268 0.3162262 -0.3162273 0.8944279 0.3162281 -0.3162292 0.8944267 0.3162256 -0.3162266 0.8944284 0.3162277 -0.3162272 0.8944274 0.3162276 -0.3162264 0.8944278 0.3162268 -0.3162279 0.8944275 0.316228 -0.3162273 0.8944273 0.3162313 -0.3162302 0.8944251 0.316229 -0.3162273 0.8944269 0.3162273 -0.3162279 0.8944274 0.3162286 -0.3162293 0.8944264 0.3162275 -0.3162289 0.894427 0.3162276 -0.3162265 0.8944278 0.3162281 -0.3162289 0.8944268 0.3162301 -0.3162287 0.8944261</float_array>
          <technique_common>
            <accessor source="#_0250410_110052_D_12_5_k_7_Area3_str_146-mesh-normals-array" count="62" stride="3">
              <param name="X" type="float"/>
              <param name="Y" type="float"/>
              <param name="Z" type="float"/>
            </accessor>
          </technique_common>
        </source>
        <vertices id="_0250410_110052_D_12_5_k_7_Area3_str_146-mesh-vertices">
          <input semantic="POSITION" source="#_0250410_110052_D_12_5_k_7_Area3_str_146-mesh-positions"/>
        </vertices>
        <triangles material="_auto_27_008-material" count="90">
          <input semantic="VERTEX" source="#_0250410_110052_D_12_5_k_7_Area3_str_146-mesh-vertices" offset="0"/>
          <input semantic="NORMAL" source="#_0250410_110052_D_12_5_k_7_Area3_str_146-mesh-normals" offset="1"/>
          <p>62 0 60 0 63 0 0 1 1 1 3 1 0 2 3 2 2 2 3 3 5 3 2 3 4 4 2 4 5 4 8 5 6 5 9 5 6 6 4 6 7 6 11 7 10 7 8 7 10 8 11 8 13 8 4 9 5 9 7 9 12 10 10 10 13 10 11 11 8 11 9 11 14 12 12 12 13 12 7 13 9 13 6 13 15 14 17 14 16 14 17 15 19 15 16 15 13 10 15 10 14 10 19 16 21 16 18 16 21 17 23 17 20 17 19 18 18 18 16 18 23 19 25 19 22 19 25 20 27 20 24 20 22 21 25 21 24 21 29 19 31 19 28 19 31 22 33 22 30 22 29 19 26 19 27 19 26 23 29 23 28 23 27 24 26 24 24 24 33 25 35 25 32 25 35 10 37 10 34 10 28 26 31 26 30 26 39 27 41 27 38 27 41 15 43 15 40 15 34 28 37 28 36 28 37 28 39 28 36 28 45 29 47 29 44 29 47 30 49 30 46 30 45 10 42 10 43 10 30 31 33 31 32 31 23 32 22 32 20 32 15 33 16 33 14 33 20 34 18 34 21 34 49 17 51 17 48 17 51 15 53 15 50 15 44 28 47 28 46 28 42 28 45 28 44 28 35 35 34 35 32 35 53 28 55 28 52 28 55 30 57 30 54 30 57 30 59 30 56 30 50 28 53 28 52 28 59 36 61 36 58 36 36 37 39 37 38 37 38 38 41 38 40 38 49 39 48 39 46 39 43 40 42 40 40 40 61 41 63 41 60 41 65 42 67 42 64 42 67 43 69 43 66 43 65 44 64 44 62 44 51 45 50 45 48 45 63 43 65 43 62 43 52 46 55 46 54 46 54 47 57 47 56 47 69 48 71 48 68 48 71 49 73 49 70 49 69 50 68 50 66 50 75 42 77 42 74 42 77 51 79 51 76 51 74 52 77 52 76 52 73 52 75 52 72 52 73 53 72 53 70 53 79 43 81 43 80 43 81 54 83 54 82 54 82 37 83 37 84 37 83 49 85 49 84 49 85 51 87 51 86 51 86 52 87 52 88 52 89 43 91 43 90 43 87 43 89 43 88 43 89 55 90 55 88 55 86 48 84 48 85 48 59 56 58 56 56 56 81 57 82 57 80 57 61 58 60 58 58 58 80 59 78 59 79 59 78 48 76 48 79 48 74 60 72 60 75 60 70 61 68 61 71 61 66 47 64 47 67 47</p>
        </triangles>
      </mesh>
    </geometry>
    <geometry id="_0250410_110052_D_12_5_k_7_Area2_str_146-mesh" name="20250410_110052_D=12.5_k=7_Area2_str.146">
      <mesh>
        <source id="_0250410_110052_D_12_5_k_7_Area2_str_146-mesh-positions">
          <float_array id="_0250410_110052_D_12_5_k_7_Area2_str_146-mesh-positions-array" count="276">0 -17.67767 -9.43724e-7 17.67767 0 9.43724e-7 1.414213 -19.09188 0.9999991 19.09188 -1.414213 1.000001 2.828427 -20.5061 1.999999 20.5061 -2.828427 2.000001 4.24264 -21.92031 2.999999 21.92031 -4.24264 3.000001 5.656854 -23.33452 3.999999 23.33452 -5.656854 4.000001 7.071067 -24.74874 4.999999 24.74874 -7.071068 5.000001 8.485281 -26.16295 5.999999 26.16295 -8.485281 6.000001 9.899495 -27.57716 6.999999 27.57716 -9.899495 7.000001 11.31371 -28.99138 7.999999 28.99138 -11.31371 8.000001 12.72792 -30.40559 9 30.40559 -12.72792 9.000001 14.14213 -31.81981 10 31.81981 -14.14214 10 15.55635 -33.23402 11 33.23402 -15.55635 11 16.97056 -34.64823 12 34.64823 -16.97056 12 18.38478 -36.06245 13 36.06244 -18.38478 13 19.79899 -37.47666 14 37.47666 -19.79899 14 21.2132 -38.89087 15 38.89087 -21.2132 15 22.62742 -40.30509 16 40.30508 -22.62742 16 24.04163 -41.7193 17 41.7193 -24.04163 17 25.45584 -43.13351 18 43.13351 -25.45585 18 26.87006 -44.54773 19 44.54772 -26.87006 19 28.28427 -45.96194 20 45.96194 -28.28427 20 29.69848 -47.37615 21 47.37615 -29.69849 21 31.1127 -48.79037 22 48.79037 -31.1127 22 32.52691 -50.20458 23 50.20458 -32.52691 23 33.94112 -51.6188 24 51.61879 -33.94113 24 35.35533 -53.03301 25 53.033 -35.35534 25 36.76955 -54.44722 26 54.44722 -36.76955 26 38.18376 -55.86143 27 55.86143 -38.18376 27 39.59798 -57.27565 28 57.27565 -39.59798 28 41.01219 -58.68986 29 58.68986 -41.01219 29 42.4264 -60.10408 30 60.10407 -42.42641 30 43.84062 -61.51829 31 61.51829 -43.84062 31 45.25483 -62.9325 32 62.9325 -45.25483 32 46.66904 -64.34672 33 64.34672 -46.66905 33 48.08326 -65.76094 34 65.76094 -48.08326 34 49.49747 -67.17514 35 67.17514 -49.49747 35 50.91168 -68.58937 36 68.58936 -50.91169 36 52.3259 -70.00357 37 70.00357 -52.3259 37 53.74011 -71.41779 38 71.41778 -53.74011 38 55.15433 -72.832 39 72.832 -55.15433 39 56.56854 -74.24622 40 74.24621 -56.56855 40 57.98275 -75.66043 41 75.66042 -57.98275 41 59.39696 -77.07464 42 77.07463 -59.39697 42 60.81118 -78.48886 43 78.48885 -60.81118 43 62.22539 -79.90307 44 79.90306 -62.2254 44 63.63961 -81.31729 45 81.31728 -63.63961 45</float_array>
          <technique_common>
            <accessor source="#_0250410_110052_D_12_5_k_7_Area2_str_146-mesh-positions-array" count="92" stride="3">
              <param name="X" type="float"/>
              <param name="Y" type="float"/>
              <param name="Z" type="float"/>
            </accessor>
          </technique_common>
        </source>
        <source id="_0250410_110052_D_12_5_k_7_Area2_str_146-mesh-normals">
          <float_array id="_0250410_110052_D_12_5_k_7_Area2_str_146-mesh-normals-array" count="180">-0.3162281 0.3162292 0.8944267 -0.3162278 0.3162277 0.8944273 -0.3162276 0.3162274 0.8944275 -0.3162286 0.3162282 0.8944269 -0.3162279 0.3162277 0.8944272 -0.3162278 0.3162277 0.8944273 -0.3162285 0.3162282 0.8944269 -0.3162273 0.3162274 0.8944275 -0.3162276 0.3162274 0.8944275 -0.3162273 0.3162274 0.8944276 -0.3162284 0.316228 0.8944269 -0.3162276 0.3162277 0.8944273 -0.3162279 0.3162282 0.8944271 -0.3162279 0.3162277 0.8944272 -0.3162282 0.316228 0.8944271 -0.3162274 0.3162273 0.8944275 -0.3162279 0.3162277 0.8944272 -0.3162289 0.3162283 0.8944266 -0.3162268 0.3162277 0.8944276 -0.3162272 0.3162271 0.8944276 -0.3162279 0.3162277 0.8944272 -0.316228 0.3162273 0.8944273 -0.3162267 0.3162271 0.8944278 -0.3162279 0.3162284 0.8944269 -0.3162283 0.3162276 0.894427 -0.3162282 0.3162277 0.8944271 -0.3162276 0.3162273 0.8944275 -0.3162275 0.3162274 0.8944275 -0.3162278 0.316228 0.8944271 -0.3162275 0.3162277 0.8944274 -0.3162285 0.3162272 0.8944272 -0.3162285 0.3162285 0.8944268 -0.3162268 0.3162278 0.8944276 -0.3162278 0.3162278 0.8944272 -0.3162268 0.3162279 0.8944275 -0.3162273 0.3162271 0.8944277 -0.3162288 0.3162276 0.894427 -0.3162288 0.3162277 0.8944268 -0.3162276 0.3162276 0.8944274 -0.3162282 0.3162277 0.8944271 -0.3162281 0.3162274 0.8944273 -0.3162285 0.3162284 0.8944268 -0.3162262 0.3162273 0.8944279 -0.3162294 0.3162283 0.8944264 -0.3162293 0.3162285 0.8944265 -0.316227 0.3162274 0.8944277 -0.316227 0.3162276 0.8944276 -0.3162276 0.3162265 0.8944278 -0.3162281 0.3162291 0.8944267 -0.3162263 0.3162272 0.894428 -0.3162287 0.3162279 0.8944269 -0.3162282 0.3162287 0.8944267 -0.3162295 0.3162277 0.8944267 -0.3162294 0.3162302 0.8944258 -0.3162276 0.3162263 0.8944279 -0.3162282 0.3162274 0.8944271 -0.3162271 0.3162276 0.8944275 -0.3162288 0.3162274 0.894427 -0.3162279 0.3162274 0.8944274 -0.3162256 0.3162267 0.8944284</float_array>
          <technique_common>
            <accessor source="#_0250410_110052_D_12_5_k_7_Area2_str_146-mesh-normals-array" count="60" stride="3">
              <param name="X" type="float"/>
              <param name="Y" type="float"/>
              <param name="Z" type="float"/>
            </accessor>
          </technique_common>
        </source>
        <vertices id="_0250410_110052_D_12_5_k_7_Area2_str_146-mesh-vertices">
          <input semantic="POSITION" source="#_0250410_110052_D_12_5_k_7_Area2_str_146-mesh-positions"/>
        </vertices>
        <triangles material="_auto_27_008-material" count="90">
          <input semantic="VERTEX" source="#_0250410_110052_D_12_5_k_7_Area2_str_146-mesh-vertices" offset="0"/>
          <input semantic="NORMAL" source="#_0250410_110052_D_12_5_k_7_Area2_str_146-mesh-normals" offset="1"/>
          <p>72 0 74 0 75 0 3 1 1 1 0 1 2 2 4 2 5 2 4 3 6 3 5 3 3 4 0 4 2 4 5 5 3 5 2 5 6 6 8 6 7 6 5 7 6 7 7 7 11 8 9 8 10 8 9 9 7 9 8 9 10 10 9 10 8 10 15 11 13 11 12 11 13 12 11 12 12 12 12 13 14 13 15 13 14 14 16 14 15 14 11 15 10 15 12 15 16 16 18 16 19 16 18 17 20 17 21 17 21 18 20 18 23 18 17 13 15 13 16 13 20 19 22 19 23 19 24 20 26 20 27 20 26 16 28 16 29 16 22 14 24 14 23 14 19 21 17 21 16 21 21 22 19 22 18 22 27 23 25 23 24 23 25 24 23 24 24 24 33 25 31 25 32 25 31 20 29 20 30 20 33 20 34 20 35 20 29 26 27 26 26 26 28 27 30 27 29 27 34 28 33 28 32 28 35 29 34 29 36 29 30 30 32 30 31 30 37 31 35 31 36 31 39 32 37 32 36 32 41 20 39 20 38 20 45 33 43 33 42 33 43 34 41 34 40 34 49 20 47 20 46 20 47 31 45 31 44 31 44 20 45 20 42 20 53 33 51 33 50 33 51 20 49 20 48 20 48 33 49 33 46 33 57 35 55 35 54 35 55 0 53 0 52 0 50 36 51 36 48 36 63 37 61 37 60 37 61 36 59 36 58 36 56 34 57 34 54 34 59 36 57 36 56 36 41 38 38 38 40 38 39 39 36 39 38 39 40 20 42 20 43 20 53 40 50 40 52 40 44 41 46 41 47 41 69 37 67 37 66 37 67 42 65 42 64 42 65 43 63 43 62 43 55 44 52 44 54 44 63 45 60 45 62 45 59 46 56 46 58 46 75 47 73 47 72 47 73 34 71 34 70 34 71 48 69 48 68 48 60 49 61 49 58 49 79 32 77 32 76 32 77 32 75 32 74 32 73 50 70 50 72 50 65 51 62 51 64 51 81 18 79 18 78 18 77 52 74 52 76 52 85 0 83 0 84 0 83 53 81 53 82 53 84 54 83 54 82 54 89 34 87 34 88 34 87 34 85 34 86 34 89 55 88 55 90 55 90 56 91 56 89 56 86 57 88 57 87 57 84 54 86 54 85 54 67 58 64 58 66 58 68 59 69 59 66 59 76 36 78 36 79 36 78 37 80 37 81 37 80 32 82 32 81 32 70 36 71 36 68 36</p>
        </triangles>
      </mesh>
    </geometry>
  </library_geometries>
  <library_animations>
    <animation id="action_container-_0250410_110052_D_12_5_k_7_Area2_str_003" name="20250410_110052_D=12.5_k=7_Area2_str.003">
      <animation id="_0250410_110052_D_12_5_k_7_Area2_str_003_20250410_110052_D_12_5_k_7_Area2_str_001Action_144_transform" name="20250410_110052_D=12.5_k=7_Area2_str.003">
        <source id="_0250410_110052_D_12_5_k_7_Area2_str_003_20250410_110052_D_12_5_k_7_Area2_str_001Action_144_transform-input">
          <float_array id="_0250410_110052_D_12_5_k_7_Area2_str_003_20250410_110052_D_12_5_k_7_Area2_str_001Action_144_transform-input-array" count="361">0 0.04166662 0.08333331 0.125 0.1666666 0.2083333 0.25 0.2916666 0.3333333 0.375 0.4166666 0.4583333 0.5 0.5416667 0.5833333 0.625 0.6666667 0.7083333 0.75 0.7916667 0.8333333 0.875 0.9166667 0.9583333 1 1.041667 1.083333 1.125 1.166667 1.208333 1.25 1.291667 1.333333 1.375 1.416667 1.458333 1.5 1.541667 1.583333 1.625 1.666667 1.708333 1.75 1.791667 1.833333 1.875 1.916667 1.958333 2 2.041667 2.083333 2.125 2.166667 2.208333 2.25 2.291667 2.333333 2.375 2.416667 2.458333 2.5 2.541667 2.583333 2.625 2.666667 2.708333 2.75 2.791667 2.833333 2.875 2.916667 2.958333 3 3.041667 3.083333 3.125 3.166667 3.208333 3.25 3.291667 3.333333 3.375 3.416667 3.458333 3.5 3.541667 3.583333 3.625 3.666667 3.708333 3.75 3.791667 3.833333 3.875 3.916667 3.958333 4 4.041666 4.083333 4.125 4.166666 4.208333 4.25 4.291666 4.333333 4.375 4.416666 4.458333 4.5 4.541666 4.583333 4.625 4.666666 4.708333 4.75 4.791666 4.833333 4.875 4.916666 4.958333 5 5.041666 5.083333 5.125 5.166666 5.208333 5.25 5.291666 5.333333 5.375 5.416666 5.458333 5.5 5.541666 5.583333 5.625 5.666666 5.708333 5.75 5.791666 5.833333 5.875 5.916666 5.958333 6 6.041666 6.083333 6.125 6.166666 6.208333 6.25 6.291666 6.333333 6.375 6.416666 6.458333 6.5 6.541666 6.583333 6.625 6.666666 6.708333 6.75 6.791666 6.833333 6.875 6.916666 6.958333 7 7.041666 7.083333 7.125 7.166666 7.208333 7.25 7.291666 7.333333 7.375 7.416666 7.458333 7.5 7.541666 7.583333 7.625 7.666666 7.708333 7.75 7.791666 7.833333 7.875 7.916666 7.958333 8 8.041667 8.083333 8.125 8.166667 8.208333 8.25 8.291667 8.333333 8.375 8.416667 8.458333 8.5 8.541667 8.583333 8.625 8.666667 8.708333 8.75 8.791667 8.833333 8.875 8.916667 8.958333 9 9.041667 9.083333 9.125 9.166667 9.208333 9.25 9.291667 9.333333 9.375 9.416667 9.458333 9.5 9.541667 9.583333 9.625 9.666667 9.708333 9.75 9.791667 9.833333 9.875 9.916667 9.958333 10 10.04167 10.08333 10.125 10.16667 10.20833 10.25 10.29167 10.33333 10.375 10.41667 10.45833 10.5 10.54167 10.58333 10.625 10.66667 10.70833 10.75 10.79167 10.83333 10.875 10.91667 10.95833 11 11.04167 11.08333 11.125 11.16667 11.20833 11.25 11.29167 11.33333 11.375 11.41667 11.45833 11.5 11.54167 11.58333 11.625 11.66667 11.70833 11.75 11.79167 11.83333 11.875 11.91667 11.95833 12 12.04167 12.08333 12.125 12.16667 12.20833 12.25 12.29167 12.33333 12.375 12.41667 12.45833 12.5 12.54167 12.58333 12.625 12.66667 12.70833 12.75 12.79167 12.83333 12.875 12.91667 12.95833 13 13.04167 13.08333 13.125 13.16667 13.20833 13.25 13.29167 13.33333 13.375 13.41667 13.45833 13.5 13.54167 13.58333 13.625 13.66667 13.70833 13.75 13.79167 13.83333 13.875 13.91667 13.95833 14 14.04167 14.08333 14.125 14.16667 14.20833 14.25 14.29167 14.33333 14.375 14.41667 14.45833 14.5 14.54167 14.58333 14.625 14.66667 14.70833 14.75 14.79167 14.83333 14.875 14.91667 14.95833 15</float_array>
          <technique_common>
            <accessor source="#_0250410_110052_D_12_5_k_7_Area2_str_003_20250410_110052_D_12_5_k_7_Area2_str_001Action_144_transform-input-array" count="361" stride="1">
              <param name="TIME" type="float"/>
            </accessor>
          </technique_common>
        </source>
        <source id="_0250410_110052_D_12_5_k_7_Area2_str_003_20250410_110052_D_12_5_k_7_Area2_str_001Action_144_transform-output">
          <float_array id="_0250410_110052_D_12_5_k_7_Area2_str_003_20250410_110052_D_12_5_k_7_Area2_str_001Action_144_transform-output-array" count="5776">1 0 0 0 0 1 0 0 0 0 1 0 0 0 0 1 0.9998477 -0.01745241 0 0 0.01745241 0.9998477 0 0 0 0 1 0 0 0 0 1 0.9993908 -0.0348995 0 0 0.0348995 0.9993908 0 0 0 0 1 0 0 0 0 1 0.9986295 -0.05233596 0 0 0.05233596 0.9986295 0 0 0 0 1 0 0 0 0 1 0.9975641 -0.06975647 0 0 0.06975647 0.9975641 0 0 0 0 1 0 0 0 0 1 0.9961947 -0.08715574 0 0 0.08715574 0.9961947 0 0 0 0 1 0 0 0 0 1 0.9945219 -0.1045285 0 0 0.1045285 0.9945219 0 0 0 0 1 0 0 0 0 1 0.9925461 -0.1218693 0 0 0.1218693 0.9925461 0 0 0 0 1 0 0 0 0 1 0.9902681 -0.1391731 0 0 0.1391731 0.9902681 0 0 0 0 1 0 0 0 0 1 0.9876884 -0.1564345 0 0 0.1564345 0.9876884 0 0 0 0 1 0 0 0 0 1 0.9848077 -0.1736482 0 0 0.1736482 0.9848077 0 0 0 0 1 0 0 0 0 1 0.9816272 -0.190809 0 0 0.190809 0.9816272 0 0 0 0 1 0 0 0 0 1 0.9781476 -0.2079117 0 0 0.2079117 0.9781476 0 0 0 0 1 0 0 0 0 1 0.9743701 -0.2249511 0 0 0.2249511 0.9743701 0 0 0 0 1 0 0 0 0 1 0.9702957 -0.2419219 0 0 0.2419219 0.9702957 0 0 0 0 1 0 0 0 0 1 0.9659258 -0.258819 0 0 0.258819 0.9659258 0 0 0 0 1 0 0 0 0 1 0.9612617 -0.2756374 0 0 0.2756374 0.9612617 0 0 0 0 1 0 0 0 0 1 0.9563047 -0.2923717 0 0 0.2923717 0.9563047 0 0 0 0 1 0 0 0 0 1 0.9510565 -0.309017 0 0 0.309017 0.9510565 0 0 0 0 1 0 0 0 0 1 0.9455186 -0.3255681 0 0 0.3255681 0.9455186 0 0 0 0 1 0 0 0 0 1 0.9396926 -0.3420202 0 0 0.3420202 0.9396926 0 0 0 0 1 0 0 0 0 1 0.9335804 -0.3583679 0 0 0.3583679 0.9335804 0 0 0 0 1 0 0 0 0 1 0.9271839 -0.3746066 0 0 0.3746066 0.9271839 0 0 0 0 1 0 0 0 0 1 0.9205049 -0.3907311 0 0 0.3907311 0.9205049 0 0 0 0 1 0 0 0 0 1 0.9135454 -0.4067366 0 0 0.4067366 0.9135454 0 0 0 0 1 0 0 0 0 1 0.9063078 -0.4226183 0 0 0.4226183 0.9063078 0 0 0 0 1 0 0 0 0 1 0.8987941 -0.4383712 0 0 0.4383712 0.8987941 0 0 0 0 1 0 0 0 0 1 0.8910065 -0.4539905 0 0 0.4539905 0.8910065 0 0 0 0 1 0 0 0 0 1 0.8829476 -0.4694716 0 0 0.4694716 0.8829476 0 0 0 0 1 0 0 0 0 1 0.8746197 -0.4848096 0 0 0.4848096 0.8746197 0 0 0 0 1 0 0 0 0 1 0.8660254 -0.5 0 0 0.5 0.8660254 0 0 0 0 1 0 0 0 0 1 0.8571673 -0.5150381 0 0 0.5150381 0.8571673 0 0 0 0 1 0 0 0 0 1 0.8480481 -0.5299193 0 0 0.5299193 0.8480481 0 0 0 0 1 0 0 0 0 1 0.8386706 -0.5446391 0 0 0.5446391 0.8386706 0 0 0 0 1 0 0 0 0 1 0.8290375 -0.559193 0 0 0.559193 0.8290375 0 0 0 0 1 0 0 0 0 1 0.819152 -0.5735765 0 0 0.5735765 0.819152 0 0 0 0 1 0 0 0 0 1 0.809017 -0.5877852 0 0 0.5877852 0.809017 0 0 0 0 1 0 0 0 0 1 0.7986355 -0.601815 0 0 0.601815 0.7986355 0 0 0 0 1 0 0 0 0 1 0.7880108 -0.6156615 0 0 0.6156615 0.7880108 0 0 0 0 1 0 0 0 0 1 0.7771459 -0.6293204 0 0 0.6293204 0.7771459 0 0 0 0 1 0 0 0 0 1 0.7660444 -0.6427876 0 0 0.6427876 0.7660444 0 0 0 0 1 0 0 0 0 1 0.7547096 -0.656059 0 0 0.656059 0.7547096 0 0 0 0 1 0 0 0 0 1 0.7431448 -0.6691306 0 0 0.6691306 0.7431448 0 0 0 0 1 0 0 0 0 1 0.7313537 -0.6819984 0 0 0.6819984 0.7313537 0 0 0 0 1 0 0 0 0 1 0.7193397 -0.6946584 0 0 0.6946584 0.7193397 0 0 0 0 1 0 0 0 0 1 0.7071068 -0.7071068 0 0 0.7071068 0.7071068 0 0 0 0 1 0 0 0 0 1 0.6946584 -0.7193398 0 0 0.7193398 0.6946584 0 0 0 0 1 0 0 0 0 1 0.6819983 -0.7313538 0 0 0.7313538 0.6819983 0 0 0 0 1 0 0 0 0 1 0.6691306 -0.7431449 0 0 0.7431449 0.6691306 0 0 0 0 1 0 0 0 0 1 0.656059 -0.7547096 0 0 0.7547096 0.656059 0 0 0 0 1 0 0 0 0 1 0.6427876 -0.7660444 0 0 0.7660444 0.6427876 0 0 0 0 1 0 0 0 0 1 0.6293203 -0.777146 0 0 0.777146 0.6293203 0 0 0 0 1 0 0 0 0 1 0.6156614 -0.7880108 0 0 0.7880108 0.6156614 0 0 0 0 1 0 0 0 0 1 0.601815 -0.7986355 0 0 0.7986355 0.601815 0 0 0 0 1 0 0 0 0 1 0.5877852 -0.809017 0 0 0.809017 0.5877852 0 0 0 0 1 0 0 0 0 1 0.5735765 -0.8191521 0 0 0.8191521 0.5735765 0 0 0 0 1 0 0 0 0 1 0.5591928 -0.8290376 0 0 0.8290376 0.5591928 0 0 0 0 1 0 0 0 0 1 0.544639 -0.8386706 0 0 0.8386706 0.544639 0 0 0 0 1 0 0 0 0 1 0.5299193 -0.8480481 0 0 0.8480481 0.5299193 0 0 0 0 1 0 0 0 0 1 0.5150381 -0.8571673 0 0 0.8571673 0.5150381 0 0 0 0 1 0 0 0 0 1 0.5 -0.8660254 0 0 0.8660254 0.5 0 0 0 0 1 0 0 0 0 1 0.4848096 -0.8746197 0 0 0.8746197 0.4848096 0 0 0 0 1 0 0 0 0 1 0.4694715 -0.8829476 0 0 0.8829476 0.4694715 0 0 0 0 1 0 0 0 0 1 0.4539904 -0.8910066 0 0 0.8910066 0.4539904 0 0 0 0 1 0 0 0 0 1 0.4383712 -0.8987941 0 0 0.8987941 0.4383712 0 0 0 0 1 0 0 0 0 1 0.4226182 -0.9063078 0 0 0.9063078 0.4226182 0 0 0 0 1 0 0 0 0 1 0.4067366 -0.9135455 0 0 0.9135455 0.4067366 0 0 0 0 1 0 0 0 0 1 0.3907311 -0.9205049 0 0 0.9205049 0.3907311 0 0 0 0 1 0 0 0 0 1 0.3746065 -0.9271839 0 0 0.9271839 0.3746065 0 0 0 0 1 0 0 0 0 1 0.358368 -0.9335804 0 0 0.9335804 0.358368 0 0 0 0 1 0 0 0 0 1 0.34202 -0.9396927 0 0 0.9396927 0.34202 0 0 0 0 1 0 0 0 0 1 0.3255681 -0.9455186 0 0 0.9455186 0.3255681 0 0 0 0 1 0 0 0 0 1 0.309017 -0.9510565 0 0 0.9510565 0.309017 0 0 0 0 1 0 0 0 0 1 0.2923717 -0.9563048 0 0 0.9563048 0.2923717 0 0 0 0 1 0 0 0 0 1 0.2756373 -0.9612617 0 0 0.9612617 0.2756373 0 0 0 0 1 0 0 0 0 1 0.258819 -0.9659259 0 0 0.9659259 0.258819 0 0 0 0 1 0 0 0 0 1 0.2419219 -0.9702957 0 0 0.9702957 0.2419219 0 0 0 0 1 0 0 0 0 1 0.224951 -0.9743701 0 0 0.9743701 0.224951 0 0 0 0 1 0 0 0 0 1 0.2079117 -0.9781476 0 0 0.9781476 0.2079117 0 0 0 0 1 0 0 0 0 1 0.1908089 -0.9816272 0 0 0.9816272 0.1908089 0 0 0 0 1 0 0 0 0 1 0.1736481 -0.9848078 0 0 0.9848078 0.1736481 0 0 0 0 1 0 0 0 0 1 0.1564345 -0.9876884 0 0 0.9876884 0.1564345 0 0 0 0 1 0 0 0 0 1 0.1391731 -0.9902681 0 0 0.9902681 0.1391731 0 0 0 0 1 0 0 0 0 1 0.1218693 -0.9925461 0 0 0.9925461 0.1218693 0 0 0 0 1 0 0 0 0 1 0.1045284 -0.9945219 0 0 0.9945219 0.1045284 0 0 0 0 1 0 0 0 0 1 0.0871558 -0.9961947 0 0 0.9961947 0.0871558 0 0 0 0 1 0 0 0 0 1 0.06975651 -0.9975641 0 0 0.9975641 0.06975651 0 0 0 0 1 0 0 0 0 1 0.05233585 -0.9986295 0 0 0.9986295 0.05233585 0 0 0 0 1 0 0 0 0 1 0.03489938 -0.9993908 0 0 0.9993908 0.03489938 0 0 0 0 1 0 0 0 0 1 0.01745238 -0.9998477 0 0 0.9998477 0.01745238 0 0 0 0 1 0 0 0 0 1 -4.37114e-8 -1 0 0 1 -4.37114e-8 0 0 0 0 1 0 0 0 0 1 -0.01745247 -0.9998477 0 0 0.9998477 -0.01745247 0 0 0 0 1 0 0 0 0 1 -0.03489946 -0.9993908 0 0 0.9993908 -0.03489946 0 0 0 0 1 0 0 0 0 1 -0.05233594 -0.9986295 0 0 0.9986295 -0.05233594 0 0 0 0 1 0 0 0 0 1 -0.0697566 -0.997564 0 0 0.997564 -0.0697566 0 0 0 0 1 0 0 0 0 1 -0.08715589 -0.9961947 0 0 0.9961947 -0.08715589 0 0 0 0 1 0 0 0 0 1 -0.1045285 -0.9945219 0 0 0.9945219 -0.1045285 0 0 0 0 1 0 0 0 0 1 -0.1218694 -0.9925461 0 0 0.9925461 -0.1218694 0 0 0 0 1 0 0 0 0 1 -0.1391732 -0.9902681 0 0 0.9902681 -0.1391732 0 0 0 0 1 0 0 0 0 1 -0.1564344 -0.9876884 0 0 0.9876884 -0.1564344 0 0 0 0 1 0 0 0 0 1 -0.1736482 -0.9848077 0 0 0.9848077 -0.1736482 0 0 0 0 1 0 0 0 0 1 -0.190809 -0.9816272 0 0 0.9816272 -0.190809 0 0 0 0 1 0 0 0 0 1 -0.2079118 -0.9781476 0 0 0.9781476 -0.2079118 0 0 0 0 1 0 0 0 0 1 -0.2249511 -0.9743701 0 0 0.9743701 -0.2249511 0 0 0 0 1 0 0 0 0 1 -0.241922 -0.9702957 0 0 0.9702957 -0.241922 0 0 0 0 1 0 0 0 0 1 -0.2588192 -0.9659258 0 0 0.9659258 -0.2588192 0 0 0 0 1 0 0 0 0 1 -0.2756374 -0.9612617 0 0 0.9612617 -0.2756374 0 0 0 0 1 0 0 0 0 1 -0.2923717 -0.9563047 0 0 0.9563047 -0.2923717 0 0 0 0 1 0 0 0 0 1 -0.309017 -0.9510565 0 0 0.9510565 -0.309017 0 0 0 0 1 0 0 0 0 1 -0.3255681 -0.9455186 0 0 0.9455186 -0.3255681 0 0 0 0 1 0 0 0 0 1 -0.3420201 -0.9396926 0 0 0.9396926 -0.3420201 0 0 0 0 1 0 0 0 0 1 -0.3583681 -0.9335804 0 0 0.9335804 -0.3583681 0 0 0 0 1 0 0 0 0 1 -0.3746067 -0.9271838 0 0 0.9271838 -0.3746067 0 0 0 0 1 0 0 0 0 1 -0.3907312 -0.9205049 0 0 0.9205049 -0.3907312 0 0 0 0 1 0 0 0 0 1 -0.4067367 -0.9135454 0 0 0.9135454 -0.4067367 0 0 0 0 1 0 0 0 0 1 -0.4226183 -0.9063078 0 0 0.9063078 -0.4226183 0 0 0 0 1 0 0 0 0 1 -0.4383711 -0.8987941 0 0 0.8987941 -0.4383711 0 0 0 0 1 0 0 0 0 1 -0.4539906 -0.8910065 0 0 0.8910065 -0.4539906 0 0 0 0 1 0 0 0 0 1 -0.4694716 -0.8829476 0 0 0.8829476 -0.4694716 0 0 0 0 1 0 0 0 0 1 -0.4848098 -0.8746196 0 0 0.8746196 -0.4848098 0 0 0 0 1 0 0 0 0 1 -0.5000001 -0.8660254 0 0 0.8660254 -0.5000001 0 0 0 0 1 0 0 0 0 1 -0.515038 -0.8571673 0 0 0.8571673 -0.515038 0 0 0 0 1 0 0 0 0 1 -0.5299193 -0.848048 0 0 0.848048 -0.5299193 0 0 0 0 1 0 0 0 0 1 -0.5446391 -0.8386706 0 0 0.8386706 -0.5446391 0 0 0 0 1 0 0 0 0 1 -0.559193 -0.8290375 0 0 0.8290375 -0.559193 0 0 0 0 1 0 0 0 0 1 -0.5735765 -0.819152 0 0 0.819152 -0.5735765 0 0 0 0 1 0 0 0 0 1 -0.5877854 -0.8090169 0 0 0.8090169 -0.5877854 0 0 0 0 1 0 0 0 0 1 -0.6018151 -0.7986355 0 0 0.7986355 -0.6018151 0 0 0 0 1 0 0 0 0 1 -0.6156614 -0.7880108 0 0 0.7880108 -0.6156614 0 0 0 0 1 0 0 0 0 1 -0.6293205 -0.7771459 0 0 0.7771459 -0.6293205 0 0 0 0 1 0 0 0 0 1 -0.6427876 -0.7660444 0 0 0.7660444 -0.6427876 0 0 0 0 1 0 0 0 0 1 -0.656059 -0.7547096 0 0 0.7547096 -0.656059 0 0 0 0 1 0 0 0 0 1 -0.6691307 -0.7431448 0 0 0.7431448 -0.6691307 0 0 0 0 1 0 0 0 0 1 -0.6819985 -0.7313536 0 0 0.7313536 -0.6819985 0 0 0 0 1 0 0 0 0 1 -0.6946585 -0.7193397 0 0 0.7193397 -0.6946585 0 0 0 0 1 0 0 0 0 1 -0.7071068 -0.7071068 0 0 0.7071068 -0.7071068 0 0 0 0 1 0 0 0 0 1 -0.7193399 -0.6946583 0 0 0.6946583 -0.7193399 0 0 0 0 1 0 0 0 0 1 -0.7313538 -0.6819983 0 0 0.6819983 -0.7313538 0 0 0 0 1 0 0 0 0 1 -0.7431448 -0.6691306 0 0 0.6691306 -0.7431448 0 0 0 0 1 0 0 0 0 1 -0.7547097 -0.656059 0 0 0.656059 -0.7547097 0 0 0 0 1 0 0 0 0 1 -0.7660446 -0.6427875 0 0 0.6427875 -0.7660446 0 0 0 0 1 0 0 0 0 1 -0.777146 -0.6293203 0 0 0.6293203 -0.777146 0 0 0 0 1 0 0 0 0 1 -0.7880108 -0.6156614 0 0 0.6156614 -0.7880108 0 0 0 0 1 0 0 0 0 1 -0.7986356 -0.6018149 0 0 0.6018149 -0.7986356 0 0 0 0 1 0 0 0 0 1 -0.8090171 -0.5877852 0 0 0.5877852 -0.8090171 0 0 0 0 1 0 0 0 0 1 -0.8191521 -0.5735765 0 0 0.5735765 -0.8191521 0 0 0 0 1 0 0 0 0 1 -0.8290376 -0.5591928 0 0 0.5591928 -0.8290376 0 0 0 0 1 0 0 0 0 1 -0.8386707 -0.5446388 0 0 0.5446388 -0.8386707 0 0 0 0 1 0 0 0 0 1 -0.8480482 -0.5299191 0 0 0.5299191 -0.8480482 0 0 0 0 1 0 0 0 0 1 -0.8571673 -0.515038 0 0 0.515038 -0.8571673 0 0 0 0 1 0 0 0 0 1 -0.8660255 -0.4999998 0 0 0.4999998 -0.8660255 0 0 0 0 1 0 0 0 0 1 -0.8746198 -0.4848095 0 0 0.4848095 -0.8746198 0 0 0 0 1 0 0 0 0 1 -0.8829476 -0.4694716 0 0 0.4694716 -0.8829476 0 0 0 0 1 0 0 0 0 1 -0.8910066 -0.4539904 0 0 0.4539904 -0.8910066 0 0 0 0 1 0 0 0 0 1 -0.8987941 -0.4383711 0 0 0.4383711 -0.8987941 0 0 0 0 1 0 0 0 0 1 -0.9063078 -0.4226183 0 0 0.4226183 -0.9063078 0 0 0 0 1 0 0 0 0 1 -0.9135455 -0.4067366 0 0 0.4067366 -0.9135455 0 0 0 0 1 0 0 0 0 1 -0.9205049 -0.3907309 0 0 0.3907309 -0.9205049 0 0 0 0 1 0 0 0 0 1 -0.9271839 -0.3746065 0 0 0.3746065 -0.9271839 0 0 0 0 1 0 0 0 0 1 -0.9335805 -0.3583679 0 0 0.3583679 -0.9335805 0 0 0 0 1 0 0 0 0 1 -0.9396927 -0.34202 0 0 0.34202 -0.9396927 0 0 0 0 1 0 0 0 0 1 -0.9455186 -0.3255681 0 0 0.3255681 -0.9455186 0 0 0 0 1 0 0 0 0 1 -0.9510565 -0.309017 0 0 0.309017 -0.9510565 0 0 0 0 1 0 0 0 0 1 -0.9563047 -0.2923718 0 0 0.2923718 -0.9563047 0 0 0 0 1 0 0 0 0 1 -0.9612617 -0.2756374 0 0 0.2756374 -0.9612617 0 0 0 0 1 0 0 0 0 1 -0.9659259 -0.2588189 0 0 0.2588189 -0.9659259 0 0 0 0 1 0 0 0 0 1 -0.9702957 -0.2419219 0 0 0.2419219 -0.9702957 0 0 0 0 1 0 0 0 0 1 -0.9743701 -0.2249509 0 0 0.2249509 -0.9743701 0 0 0 0 1 0 0 0 0 1 -0.9781476 -0.2079116 0 0 0.2079116 -0.9781476 0 0 0 0 1 0 0 0 0 1 -0.9816272 -0.1908088 0 0 0.1908088 -0.9816272 0 0 0 0 1 0 0 0 0 1 -0.9848077 -0.1736483 0 0 0.1736483 -0.9848077 0 0 0 0 1 0 0 0 0 1 -0.9876884 -0.1564344 0 0 0.1564344 -0.9876884 0 0 0 0 1 0 0 0 0 1 -0.9902681 -0.1391732 0 0 0.1391732 -0.9902681 0 0 0 0 1 0 0 0 0 1 -0.9925461 -0.1218693 0 0 0.1218693 -0.9925461 0 0 0 0 1 0 0 0 0 1 -0.9945219 -0.1045283 0 0 0.1045283 -0.9945219 0 0 0 0 1 0 0 0 0 1 -0.9961947 -0.08715564 0 0 0.08715564 -0.9961947 0 0 0 0 1 0 0 0 0 1 -0.9975641 -0.06975623 0 0 0.06975623 -0.9975641 0 0 0 0 1 0 0 0 0 1 -0.9986295 -0.05233605 0 0 0.05233605 -0.9986295 0 0 0 0 1 0 0 0 0 1 -0.9993908 -0.03489945 0 0 0.03489945 -0.9993908 0 0 0 0 1 0 0 0 0 1 -0.9998477 -0.01745246 0 0 0.01745246 -0.9998477 0 0 0 0 1 0 0 0 0 1 -1 8.74228e-8 0 0 -8.74228e-8 -1 0 0 0 0 1 0 0 0 0 1 -0.9998477 0.01745263 0 0 -0.01745263 -0.9998477 0 0 0 0 1 0 0 0 0 1 -0.9993908 0.03489963 0 0 -0.03489963 -0.9993908 0 0 0 0 1 0 0 0 0 1 -0.9986295 0.05233622 0 0 -0.05233622 -0.9986295 0 0 0 0 1 0 0 0 0 1 -0.9975641 0.0697564 0 0 -0.0697564 -0.9975641 0 0 0 0 1 0 0 0 0 1 -0.9961947 0.08715581 0 0 -0.08715581 -0.9961947 0 0 0 0 1 0 0 0 0 1 -0.9945219 0.1045284 0 0 -0.1045284 -0.9945219 0 0 0 0 1 0 0 0 0 1 -0.9925461 0.1218695 0 0 -0.1218695 -0.9925461 0 0 0 0 1 0 0 0 0 1 -0.9902681 0.1391733 0 0 -0.1391733 -0.9902681 0 0 0 0 1 0 0 0 0 1 -0.9876883 0.1564346 0 0 -0.1564346 -0.9876883 0 0 0 0 1 0 0 0 0 1 -0.9848077 0.1736485 0 0 -0.1736485 -0.9848077 0 0 0 0 1 0 0 0 0 1 -0.9816272 0.190809 0 0 -0.190809 -0.9816272 0 0 0 0 1 0 0 0 0 1 -0.9781476 0.2079118 0 0 -0.2079118 -0.9781476 0 0 0 0 1 0 0 0 0 1 -0.9743701 0.224951 0 0 -0.224951 -0.9743701 0 0 0 0 1 0 0 0 0 1 -0.9702957 0.241922 0 0 -0.241922 -0.9702957 0 0 0 0 1 0 0 0 0 1 -0.9659258 0.2588193 0 0 -0.2588193 -0.9659258 0 0 0 0 1 0 0 0 0 1 -0.9612616 0.2756375 0 0 -0.2756375 -0.9612616 0 0 0 0 1 0 0 0 0 1 -0.9563047 0.292372 0 0 -0.292372 -0.9563047 0 0 0 0 1 0 0 0 0 1 -0.9510565 0.309017 0 0 -0.309017 -0.9510565 0 0 0 0 1 0 0 0 0 1 -0.9455186 0.3255683 0 0 -0.3255683 -0.9455186 0 0 0 0 1 0 0 0 0 1 -0.9396926 0.3420202 0 0 -0.3420202 -0.9396926 0 0 0 0 1 0 0 0 0 1 -0.9335804 0.3583681 0 0 -0.3583681 -0.9335804 0 0 0 0 1 0 0 0 0 1 -0.9271838 0.3746066 0 0 -0.3746066 -0.9271838 0 0 0 0 1 0 0 0 0 1 -0.9205047 0.3907313 0 0 -0.3907313 -0.9205047 0 0 0 0 1 0 0 0 0 1 -0.9135453 0.4067369 0 0 -0.4067369 -0.9135453 0 0 0 0 1 0 0 0 0 1 -0.9063078 0.4226183 0 0 -0.4226183 -0.9063078 0 0 0 0 1 0 0 0 0 1 -0.898794 0.4383713 0 0 -0.4383713 -0.898794 0 0 0 0 1 0 0 0 0 1 -0.8910065 0.4539905 0 0 -0.4539905 -0.8910065 0 0 0 0 1 0 0 0 0 1 -0.8829475 0.4694717 0 0 -0.4694717 -0.8829475 0 0 0 0 1 0 0 0 0 1 -0.8746197 0.4848097 0 0 -0.4848097 -0.8746197 0 0 0 0 1 0 0 0 0 1 -0.8660253 0.5000002 0 0 -0.5000002 -0.8660253 0 0 0 0 1 0 0 0 0 1 -0.8571671 0.5150384 0 0 -0.5150384 -0.8571671 0 0 0 0 1 0 0 0 0 1 -0.8480481 0.5299193 0 0 -0.5299193 -0.8480481 0 0 0 0 1 0 0 0 0 1 -0.8386706 0.544639 0 0 -0.544639 -0.8386706 0 0 0 0 1 0 0 0 0 1 -0.8290375 0.559193 0 0 -0.559193 -0.8290375 0 0 0 0 1 0 0 0 0 1 -0.8191519 0.5735766 0 0 -0.5735766 -0.8191519 0 0 0 0 1 0 0 0 0 1 -0.8090169 0.5877854 0 0 -0.5877854 -0.8090169 0 0 0 0 1 0 0 0 0 1 -0.7986354 0.6018152 0 0 -0.6018152 -0.7986354 0 0 0 0 1 0 0 0 0 1 -0.7880108 0.6156614 0 0 -0.6156614 -0.7880108 0 0 0 0 1 0 0 0 0 1 -0.7771459 0.6293204 0 0 -0.6293204 -0.7771459 0 0 0 0 1 0 0 0 0 1 -0.7660445 0.6427876 0 0 -0.6427876 -0.7660445 0 0 0 0 1 0 0 0 0 1 -0.7547095 0.6560591 0 0 -0.6560591 -0.7547095 0 0 0 0 1 0 0 0 0 1 -0.7431447 0.6691308 0 0 -0.6691308 -0.7431447 0 0 0 0 1 0 0 0 0 1 -0.7313536 0.6819984 0 0 -0.6819984 -0.7313536 0 0 0 0 1 0 0 0 0 1 -0.7193396 0.6946586 0 0 -0.6946586 -0.7193396 0 0 0 0 1 0 0 0 0 1 -0.7071068 0.7071067 0 0 -0.7071067 -0.7071068 0 0 0 0 1 0 0 0 0 1 -0.6946583 0.7193398 0 0 -0.7193398 -0.6946583 0 0 0 0 1 0 0 0 0 1 -0.6819984 0.7313537 0 0 -0.7313537 -0.6819984 0 0 0 0 1 0 0 0 0 1 -0.6691305 0.7431449 0 0 -0.7431449 -0.6691305 0 0 0 0 1 0 0 0 0 1 -0.6560588 0.7547097 0 0 -0.7547097 -0.6560588 0 0 0 0 1 0 0 0 0 1 -0.6427875 0.7660446 0 0 -0.7660446 -0.6427875 0 0 0 0 1 0 0 0 0 1 -0.6293203 0.777146 0 0 -0.777146 -0.6293203 0 0 0 0 1 0 0 0 0 1 -0.6156615 0.7880107 0 0 -0.7880107 -0.6156615 0 0 0 0 1 0 0 0 0 1 -0.6018152 0.7986354 0 0 -0.7986354 -0.6018152 0 0 0 0 1 0 0 0 0 1 -0.5877851 0.8090171 0 0 -0.8090171 -0.5877851 0 0 0 0 1 0 0 0 0 1 -0.5735763 0.8191521 0 0 -0.8191521 -0.5735763 0 0 0 0 1 0 0 0 0 1 -0.5591929 0.8290376 0 0 -0.8290376 -0.5591929 0 0 0 0 1 0 0 0 0 1 -0.5446387 0.8386708 0 0 -0.8386708 -0.5446387 0 0 0 0 1 0 0 0 0 1 -0.529919 0.8480483 0 0 -0.8480483 -0.529919 0 0 0 0 1 0 0 0 0 1 -0.5150383 0.8571672 0 0 -0.8571672 -0.5150383 0 0 0 0 1 0 0 0 0 1 -0.4999999 0.8660254 0 0 -0.8660254 -0.4999999 0 0 0 0 1 0 0 0 0 1 -0.4848096 0.8746197 0 0 -0.8746197 -0.4848096 0 0 0 0 1 0 0 0 0 1 -0.4694716 0.8829476 0 0 -0.8829476 -0.4694716 0 0 0 0 1 0 0 0 0 1 -0.4539902 0.8910066 0 0 -0.8910066 -0.4539902 0 0 0 0 1 0 0 0 0 1 -0.438371 0.8987941 0 0 -0.8987941 -0.438371 0 0 0 0 1 0 0 0 0 1 -0.4226182 0.9063078 0 0 -0.9063078 -0.4226182 0 0 0 0 1 0 0 0 0 1 -0.4067366 0.9135454 0 0 -0.9135454 -0.4067366 0 0 0 0 1 0 0 0 0 1 -0.3907312 0.9205048 0 0 -0.9205048 -0.3907312 0 0 0 0 1 0 0 0 0 1 -0.3746063 0.927184 0 0 -0.927184 -0.3746063 0 0 0 0 1 0 0 0 0 1 -0.3583678 0.9335805 0 0 -0.9335805 -0.3583678 0 0 0 0 1 0 0 0 0 1 -0.3420201 0.9396927 0 0 -0.9396927 -0.3420201 0 0 0 0 1 0 0 0 0 1 -0.3255682 0.9455186 0 0 -0.9455186 -0.3255682 0 0 0 0 1 0 0 0 0 1 -0.3090166 0.9510566 0 0 -0.9510566 -0.3090166 0 0 0 0 1 0 0 0 0 1 -0.2923719 0.9563047 0 0 -0.9563047 -0.2923719 0 0 0 0 1 0 0 0 0 1 -0.2756372 0.9612617 0 0 -0.9612617 -0.2756372 0 0 0 0 1 0 0 0 0 1 -0.258819 0.9659259 0 0 -0.9659259 -0.258819 0 0 0 0 1 0 0 0 0 1 -0.2419219 0.9702957 0 0 -0.9702957 -0.2419219 0 0 0 0 1 0 0 0 0 1 -0.2249507 0.9743701 0 0 -0.9743701 -0.2249507 0 0 0 0 1 0 0 0 0 1 -0.2079114 0.9781476 0 0 -0.9781476 -0.2079114 0 0 0 0 1 0 0 0 0 1 -0.1908088 0.9816272 0 0 -0.9816272 -0.1908088 0 0 0 0 1 0 0 0 0 1 -0.1736481 0.9848078 0 0 -0.9848078 -0.1736481 0 0 0 0 1 0 0 0 0 1 -0.1564345 0.9876883 0 0 -0.9876883 -0.1564345 0 0 0 0 1 0 0 0 0 1 -0.1391733 0.9902681 0 0 -0.9902681 -0.1391733 0 0 0 0 1 0 0 0 0 1 -0.1218691 0.9925462 0 0 -0.9925462 -0.1218691 0 0 0 0 1 0 0 0 0 1 -0.1045283 0.9945219 0 0 -0.9945219 -0.1045283 0 0 0 0 1 0 0 0 0 1 -0.08715571 0.9961947 0 0 -0.9961947 -0.08715571 0 0 0 0 1 0 0 0 0 1 -0.06975607 0.9975641 0 0 -0.9975641 -0.06975607 0 0 0 0 1 0 0 0 0 1 -0.05233612 0.9986295 0 0 -0.9986295 -0.05233612 0 0 0 0 1 0 0 0 0 1 -0.03489929 0.9993908 0 0 -0.9993908 -0.03489929 0 0 0 0 1 0 0 0 0 1 -0.0174523 0.9998477 0 0 -0.9998477 -0.0174523 0 0 0 0 1 0 0 0 0 1 1.19249e-8 1 0 0 -1 1.19249e-8 0 0 0 0 1 0 0 0 0 1 0.0174528 0.9998477 0 0 -0.9998477 0.0174528 0 0 0 0 1 0 0 0 0 1 0.03489979 0.9993908 0 0 -0.9993908 0.03489979 0 0 0 0 1 0 0 0 0 1 0.05233615 0.9986295 0 0 -0.9986295 0.05233615 0 0 0 0 1 0 0 0 0 1 0.06975657 0.997564 0 0 -0.997564 0.06975657 0 0 0 0 1 0 0 0 0 1 0.08715574 0.9961947 0 0 -0.9961947 0.08715574 0 0 0 0 1 0 0 0 0 1 0.1045284 0.9945219 0 0 -0.9945219 0.1045284 0 0 0 0 1 0 0 0 0 1 0.1218696 0.9925461 0 0 -0.9925461 0.1218696 0 0 0 0 1 0 0 0 0 1 0.1391733 0.9902681 0 0 -0.9902681 0.1391733 0 0 0 0 1 0 0 0 0 1 0.1564345 0.9876883 0 0 -0.9876883 0.1564345 0 0 0 0 1 0 0 0 0 1 0.1736486 0.9848077 0 0 -0.9848077 0.1736486 0 0 0 0 1 0 0 0 0 1 0.1908089 0.9816272 0 0 -0.9816272 0.1908089 0 0 0 0 1 0 0 0 0 1 0.2079119 0.9781476 0 0 -0.9781476 0.2079119 0 0 0 0 1 0 0 0 0 1 0.2249512 0.97437 0 0 -0.97437 0.2249512 0 0 0 0 1 0 0 0 0 1 0.2419219 0.9702957 0 0 -0.9702957 0.2419219 0 0 0 0 1 0 0 0 0 1 0.2588195 0.9659257 0 0 -0.9659257 0.2588195 0 0 0 0 1 0 0 0 0 1 0.2756377 0.9612616 0 0 -0.9612616 0.2756377 0 0 0 0 1 0 0 0 0 1 0.2923719 0.9563047 0 0 -0.9563047 0.2923719 0 0 0 0 1 0 0 0 0 1 0.3090171 0.9510565 0 0 -0.9510565 0.3090171 0 0 0 0 1 0 0 0 0 1 0.3255682 0.9455186 0 0 -0.9455186 0.3255682 0 0 0 0 1 0 0 0 0 1 0.3420201 0.9396926 0 0 -0.9396926 0.3420201 0 0 0 0 1 0 0 0 0 1 0.3583682 0.9335803 0 0 -0.9335803 0.3583682 0 0 0 0 1 0 0 0 0 1 0.3746068 0.9271837 0 0 -0.9271837 0.3746068 0 0 0 0 1 0 0 0 0 1 0.3907312 0.9205048 0 0 -0.9205048 0.3907312 0 0 0 0 1 0 0 0 0 1 0.4067371 0.9135453 0 0 -0.9135453 0.4067371 0 0 0 0 1 0 0 0 0 1 0.4226182 0.9063078 0 0 -0.9063078 0.4226182 0 0 0 0 1 0 0 0 0 1 0.4383714 0.8987939 0 0 -0.8987939 0.4383714 0 0 0 0 1 0 0 0 0 1 0.4539907 0.8910064 0 0 -0.8910064 0.4539907 0 0 0 0 1 0 0 0 0 1 0.4694717 0.8829476 0 0 -0.8829476 0.4694717 0 0 0 0 1 0 0 0 0 1 0.4848096 0.8746197 0 0 -0.8746197 0.4848096 0 0 0 0 1 0 0 0 0 1 0.5000004 0.8660252 0 0 -0.8660252 0.5000004 0 0 0 0 1 0 0 0 0 1 0.5150379 0.8571674 0 0 -0.8571674 0.5150379 0 0 0 0 1 0 0 0 0 1 0.5299194 0.848048 0 0 -0.848048 0.5299194 0 0 0 0 1 0 0 0 0 1 0.5446391 0.8386705 0 0 -0.8386705 0.5446391 0 0 0 0 1 0 0 0 0 1 0.5591929 0.8290376 0 0 -0.8290376 0.5591929 0 0 0 0 1 0 0 0 0 1 0.5735767 0.8191518 0 0 -0.8191518 0.5735767 0 0 0 0 1 0 0 0 0 1 0.5877855 0.8090168 0 0 -0.8090168 0.5877855 0 0 0 0 1 0 0 0 0 1 0.6018152 0.7986354 0 0 -0.7986354 0.6018152 0 0 0 0 1 0 0 0 0 1 0.6156615 0.7880107 0 0 -0.7880107 0.6156615 0 0 0 0 1 0 0 0 0 1 0.6293204 0.777146 0 0 -0.777146 0.6293204 0 0 0 0 1 0 0 0 0 1 0.6427875 0.7660445 0 0 -0.7660445 0.6427875 0 0 0 0 1 0 0 0 0 1 0.6560592 0.7547094 0 0 -0.7547094 0.6560592 0 0 0 0 1 0 0 0 0 1 0.6691307 0.7431448 0 0 -0.7431448 0.6691307 0 0 0 0 1 0 0 0 0 1 0.6819984 0.7313536 0 0 -0.7313536 0.6819984 0 0 0 0 1 0 0 0 0 1 0.6946587 0.7193395 0 0 -0.7193395 0.6946587 0 0 0 0 1 0 0 0 0 1 0.7071066 0.7071069 0 0 -0.7071069 0.7071066 0 0 0 0 1 0 0 0 0 1 0.71934 0.6946582 0 0 -0.6946582 0.71934 0 0 0 0 1 0 0 0 0 1 0.7313538 0.6819983 0 0 -0.6819983 0.7313538 0 0 0 0 1 0 0 0 0 1 0.7431449 0.6691306 0 0 -0.6691306 0.7431449 0 0 0 0 1 0 0 0 0 1 0.7547098 0.6560587 0 0 -0.6560587 0.7547098 0 0 0 0 1 0 0 0 0 1 0.7660446 0.6427874 0 0 -0.6427874 0.7660446 0 0 0 0 1 0 0 0 0 1 0.7771461 0.6293202 0 0 -0.6293202 0.7771461 0 0 0 0 1 0 0 0 0 1 0.7880108 0.6156614 0 0 -0.6156614 0.7880108 0 0 0 0 1 0 0 0 0 1 0.7986355 0.601815 0 0 -0.601815 0.7986355 0 0 0 0 1 0 0 0 0 1 0.8090169 0.5877853 0 0 -0.5877853 0.8090169 0 0 0 0 1 0 0 0 0 1 0.8191522 0.5735762 0 0 -0.5735762 0.8191522 0 0 0 0 1 0 0 0 0 1 0.8290374 0.5591931 0 0 -0.5591931 0.8290374 0 0 0 0 1 0 0 0 0 1 0.8386706 0.5446389 0 0 -0.5446389 0.8386706 0 0 0 0 1 0 0 0 0 1 0.8480481 0.5299193 0 0 -0.5299193 0.8480481 0 0 0 0 1 0 0 0 0 1 0.8571672 0.5150381 0 0 -0.5150381 0.8571672 0 0 0 0 1 0 0 0 0 1 0.8660256 0.4999998 0 0 -0.4999998 0.8660256 0 0 0 0 1 0 0 0 0 1 0.8746198 0.4848095 0 0 -0.4848095 0.8746198 0 0 0 0 1 0 0 0 0 1 0.8829476 0.4694715 0 0 -0.4694715 0.8829476 0 0 0 0 1 0 0 0 0 1 0.8910065 0.4539905 0 0 -0.4539905 0.8910065 0 0 0 0 1 0 0 0 0 1 0.8987942 0.4383708 0 0 -0.4383708 0.8987942 0 0 0 0 1 0 0 0 0 1 0.9063079 0.422618 0 0 -0.422618 0.9063079 0 0 0 0 1 0 0 0 0 1 0.9135455 0.4067365 0 0 -0.4067365 0.9135455 0 0 0 0 1 0 0 0 0 1 0.920505 0.3907306 0 0 -0.3907306 0.920505 0 0 0 0 1 0 0 0 0 1 0.927184 0.3746062 0 0 -0.3746062 0.927184 0 0 0 0 1 0 0 0 0 1 0.9335806 0.3583676 0 0 -0.3583676 0.9335806 0 0 0 0 1 0 0 0 0 1 0.9396926 0.3420204 0 0 -0.3420204 0.9396926 0 0 0 0 1 0 0 0 0 1 0.9455186 0.325568 0 0 -0.325568 0.9455186 0 0 0 0 1 0 0 0 0 1 0.9510565 0.3090169 0 0 -0.3090169 0.9510565 0 0 0 0 1 0 0 0 0 1 0.9563047 0.2923717 0 0 -0.2923717 0.9563047 0 0 0 0 1 0 0 0 0 1 0.9612616 0.2756375 0 0 -0.2756375 0.9612616 0 0 0 0 1 0 0 0 0 1 0.9659259 0.2588188 0 0 -0.2588188 0.9659259 0 0 0 0 1 0 0 0 0 1 0.9702958 0.2419218 0 0 -0.2419218 0.9702958 0 0 0 0 1 0 0 0 0 1 0.9743701 0.224951 0 0 -0.224951 0.9743701 0 0 0 0 1 0 0 0 0 1 0.9781477 0.2079113 0 0 -0.2079113 0.9781477 0 0 0 0 1 0 0 0 0 1 0.9816272 0.1908087 0 0 -0.1908087 0.9816272 0 0 0 0 1 0 0 0 0 1 0.9848078 0.173648 0 0 -0.173648 0.9848078 0 0 0 0 1 0 0 0 0 1 0.9876884 0.1564339 0 0 -0.1564339 0.9876884 0 0 0 0 1 0 0 0 0 1 0.9902681 0.1391726 0 0 -0.1391726 0.9902681 0 0 0 0 1 0 0 0 0 1 0.9925461 0.1218694 0 0 -0.1218694 0.9925461 0 0 0 0 1 0 0 0 0 1 0.9945219 0.1045287 0 0 -0.1045287 0.9945219 0 0 0 0 1 0 0 0 0 1 0.9961947 0.08715603 0 0 -0.08715603 0.9961947 0 0 0 0 1 0 0 0 0 1 0.9975641 0.06975638 0 0 -0.06975638 0.9975641 0 0 0 0 1 0 0 0 0 1 0.9986295 0.05233596 0 0 -0.05233596 0.9986295 0 0 0 0 1 0 0 0 0 1 0.9993908 0.0348996 0 0 -0.0348996 0.9993908 0 0 0 0 1 0 0 0 0 1 0.9998477 0.01745213 0 0 -0.01745213 0.9998477 0 0 0 0 1 0 0 0 0 1 1 -1.74846e-7 0 0 1.74846e-7 1 0 0 0 0 1 0 0 0 0 1</float_array>
          <technique_common>
            <accessor source="#_0250410_110052_D_12_5_k_7_Area2_str_003_20250410_110052_D_12_5_k_7_Area2_str_001Action_144_transform-output-array" count="361" stride="16">
              <param name="TRANSFORM" type="float4x4"/>
            </accessor>
          </technique_common>
        </source>
        <source id="_0250410_110052_D_12_5_k_7_Area2_str_003_20250410_110052_D_12_5_k_7_Area2_str_001Action_144_transform-interpolation">
          <Name_array id="_0250410_110052_D_12_5_k_7_Area2_str_003_20250410_110052_D_12_5_k_7_Area2_str_001Action_144_transform-interpolation-array" count="361">LINEAR LINEAR LINEAR LINEAR LINEAR LINEAR LINEAR LINEAR LINEAR LINEAR LINEAR LINEAR LINEAR LINEAR LINEAR LINEAR LINEAR LINEAR LINEAR LINEAR LINEAR LINEAR LINEAR LINEAR LINEAR LINEAR LINEAR LINEAR LINEAR LINEAR LINEAR LINEAR LINEAR LINEAR LINEAR LINEAR LINEAR LINEAR LINEAR LINEAR LINEAR LINEAR LINEAR LINEAR LINEAR LINEAR LINEAR LINEAR LINEAR LINEAR LINEAR LINEAR LINEAR LINEAR LINEAR LINEAR LINEAR LINEAR LINEAR LINEAR LINEAR LINEAR LINEAR LINEAR LINEAR LINEAR LINEAR LINEAR LINEAR LINEAR LINEAR LINEAR LINEAR LINEAR LINEAR LINEAR LINEAR LINEAR LINEAR LINEAR LINEAR LINEAR LINEAR LINEAR LINEAR LINEAR LINEAR LINEAR LINEAR LINEAR LINEAR LINEAR LINEAR LINEAR LINEAR LINEAR LINEAR LINEAR LINEAR LINEAR LINEAR LINEAR LINEAR LINEAR LINEAR LINEAR LINEAR LINEAR LINEAR LINEAR LINEAR LINEAR LINEAR LINEAR LINEAR LINEAR LINEAR LINEAR LINEAR LINEAR LINEAR LINEAR LINEAR LINEAR LINEAR LINEAR LINEAR LINEAR LINEAR LINEAR LINEAR LINEAR LINEAR LINEAR LINEAR LINEAR LINEAR LINEAR LINEAR LINEAR LINEAR LINEAR LINEAR LINEAR LINEAR LINEAR LINEAR LINEAR LINEAR LINEAR LINEAR LINEAR LINEAR LINEAR LINEAR LINEAR LINEAR LINEAR LINEAR LINEAR LINEAR LINEAR LINEAR LINEAR LINEAR LINEAR LINEAR LINEAR LINEAR LINEAR LINEAR LINEAR LINEAR LINEAR LINEAR LINEAR LINEAR LINEAR LINEAR LINEAR LINEAR LINEAR LINEAR LINEAR LINEAR LINEAR LINEAR LINEAR LINEAR LINEAR LINEAR LINEAR LINEAR LINEAR LINEAR LINEAR LINEAR LINEAR LINEAR LINEAR LINEAR LINEAR LINEAR LINEAR LINEAR LINEAR LINEAR LINEAR LINEAR LINEAR LINEAR LINEAR LINEAR LINEAR LINEAR LINEAR LINEAR LINEAR LINEAR LINEAR LINEAR LINEAR LINEAR LINEAR LINEAR LINEAR LINEAR LINEAR LINEAR LINEAR LINEAR LINEAR LINEAR LINEAR LINEAR LINEAR LINEAR LINEAR LINEAR LINEAR LINEAR LINEAR LINEAR LINEAR LINEAR LINEAR LINEAR LINEAR LINEAR LINEAR LINEAR LINEAR LINEAR LINEAR LINEAR LINEAR LINEAR LINEAR LINEAR LINEAR LINEAR LINEAR LINEAR LINEAR LINEAR LINEAR LINEAR LINEAR LINEAR LINEAR LINEAR LINEAR LINEAR LINEAR LINEAR LINEAR LINEAR LINEAR LINEAR LINEAR LINEAR LINEAR LINEAR LINEAR LINEAR LINEAR LINEAR LINEAR LINEAR LINEAR LINEAR LINEAR LINEAR LINEAR LINEAR LINEAR LINEAR LINEAR LINEAR LINEAR LINEAR LINEAR LINEAR LINEAR LINEAR LINEAR LINEAR LINEAR LINEAR LINEAR LINEAR LINEAR LINEAR LINEAR LINEAR LINEAR LINEAR LINEAR LINEAR LINEAR LINEAR LINEAR LINEAR LINEAR LINEAR LINEAR LINEAR LINEAR LINEAR LINEAR LINEAR LINEAR LINEAR LINEAR LINEAR LINEAR LINEAR LINEAR LINEAR LINEAR LINEAR LINEAR LINEAR LINEAR LINEAR LINEAR LINEAR LINEAR LINEAR LINEAR LINEAR LINEAR LINEAR LINEAR LINEAR LINEAR LINEAR LINEAR LINEAR LINEAR LINEAR</Name_array>
          <technique_common>
            <accessor source="#_0250410_110052_D_12_5_k_7_Area2_str_003_20250410_110052_D_12_5_k_7_Area2_str_001Action_144_transform-interpolation-array" count="361" stride="1">
              <param name="INTERPOLATION" type="name"/>
            </accessor>
          </technique_common>
        </source>
        <sampler id="_0250410_110052_D_12_5_k_7_Area2_str_003_20250410_110052_D_12_5_k_7_Area2_str_001Action_144_transform-sampler">
          <input semantic="INPUT" source="#_0250410_110052_D_12_5_k_7_Area2_str_003_20250410_110052_D_12_5_k_7_Area2_str_001Action_144_transform-input"/>
          <input semantic="OUTPUT" source="#_0250410_110052_D_12_5_k_7_Area2_str_003_20250410_110052_D_12_5_k_7_Area2_str_001Action_144_transform-output"/>
          <input semantic="INTERPOLATION" source="#_0250410_110052_D_12_5_k_7_Area2_str_003_20250410_110052_D_12_5_k_7_Area2_str_001Action_144_transform-interpolation"/>
        </sampler>
        <channel source="#_0250410_110052_D_12_5_k_7_Area2_str_003_20250410_110052_D_12_5_k_7_Area2_str_001Action_144_transform-sampler" target="_0250410_110052_D_12_5_k_7_Area2_str_003/transform"/>
      </animation>
    </animation>
    <animation id="action_container-_0250410_110052_D_12_5_k_7_Area5_str_003" name="20250410_110052_D=12.5_k=7_Area5_str.003">
      <animation id="_0250410_110052_D_12_5_k_7_Area5_str_003_20250410_110052_D_12_5_k_7_Area5_str_001Action_144_transform" name="20250410_110052_D=12.5_k=7_Area5_str.003">
        <source id="_0250410_110052_D_12_5_k_7_Area5_str_003_20250410_110052_D_12_5_k_7_Area5_str_001Action_144_transform-input">
          <float_array id="_0250410_110052_D_12_5_k_7_Area5_str_003_20250410_110052_D_12_5_k_7_Area5_str_001Action_144_transform-input-array" count="361">0 0.04166662 0.08333331 0.125 0.1666666 0.2083333 0.25 0.2916666 0.3333333 0.375 0.4166666 0.4583333 0.5 0.5416667 0.5833333 0.625 0.6666667 0.7083333 0.75 0.7916667 0.8333333 0.875 0.9166667 0.9583333 1 1.041667 1.083333 1.125 1.166667 1.208333 1.25 1.291667 1.333333 1.375 1.416667 1.458333 1.5 1.541667 1.583333 1.625 1.666667 1.708333 1.75 1.791667 1.833333 1.875 1.916667 1.958333 2 2.041667 2.083333 2.125 2.166667 2.208333 2.25 2.291667 2.333333 2.375 2.416667 2.458333 2.5 2.541667 2.583333 2.625 2.666667 2.708333 2.75 2.791667 2.833333 2.875 2.916667 2.958333 3 3.041667 3.083333 3.125 3.166667 3.208333 3.25 3.291667 3.333333 3.375 3.416667 3.458333 3.5 3.541667 3.583333 3.625 3.666667 3.708333 3.75 3.791667 3.833333 3.875 3.916667 3.958333 4 4.041666 4.083333 4.125 4.166666 4.208333 4.25 4.291666 4.333333 4.375 4.416666 4.458333 4.5 4.541666 4.583333 4.625 4.666666 4.708333 4.75 4.791666 4.833333 4.875 4.916666 4.958333 5 5.041666 5.083333 5.125 5.166666 5.208333 5.25 5.291666 5.333333 5.375 5.416666 5.458333 5.5 5.541666 5.583333 5.625 5.666666 5.708333 5.75 5.791666 5.833333 5.875 5.916666 5.958333 6 6.041666 6.083333 6.125 6.166666 6.208333 6.25 6.291666 6.333333 6.375 6.416666 6.458333 6.5 6.541666 6.583333 6.625 6.666666 6.708333 6.75 6.791666 6.833333 6.875 6.916666 6.958333 7 7.041666 7.083333 7.125 7.166666 7.208333 7.25 7.291666 7.333333 7.375 7.416666 7.458333 7.5 7.541666 7.583333 7.625 7.666666 7.708333 7.75 7.791666 7.833333 7.875 7.916666 7.958333 8 8.041667 8.083333 8.125 8.166667 8.208333 8.25 8.291667 8.333333 8.375 8.416667 8.458333 8.5 8.541667 8.583333 8.625 8.666667 8.708333 8.75 8.791667 8.833333 8.875 8.916667 8.958333 9 9.041667 9.083333 9.125 9.166667 9.208333 9.25 9.291667 9.333333 9.375 9.416667 9.458333 9.5 9.541667 9.583333 9.625 9.666667 9.708333 9.75 9.791667 9.833333 9.875 9.916667 9.958333 10 10.04167 10.08333 10.125 10.16667 10.20833 10.25 10.29167 10.33333 10.375 10.41667 10.45833 10.5 10.54167 10.58333 10.625 10.66667 10.70833 10.75 10.79167 10.83333 10.875 10.91667 10.95833 11 11.04167 11.08333 11.125 11.16667 11.20833 11.25 11.29167 11.33333 11.375 11.41667 11.45833 11.5 11.54167 11.58333 11.625 11.66667 11.70833 11.75 11.79167 11.83333 11.875 11.91667 11.95833 12 12.04167 12.08333 12.125 12.16667 12.20833 12.25 12.29167 12.33333 12.375 12.41667 12.45833 12.5 12.54167 12.58333 12.625 12.66667 12.70833 12.75 12.79167 12.83333 12.875 12.91667 12.95833 13 13.04167 13.08333 13.125 13.16667 13.20833 13.25 13.29167 13.33333 13.375 13.41667 13.45833 13.5 13.54167 13.58333 13.625 13.66667 13.70833 13.75 13.79167 13.83333 13.875 13.91667 13.95833 14 14.04167 14.08333 14.125 14.16667 14.20833 14.25 14.29167 14.33333 14.375 14.41667 14.45833 14.5 14.54167 14.58333 14.625 14.66667 14.70833 14.75 14.79167 14.83333 14.875 14.91667 14.95833 15</float_array>
          <technique_common>
            <accessor source="#_0250410_110052_D_12_5_k_7_Area5_str_003_20250410_110052_D_12_5_k_7_Area5_str_001Action_144_transform-input-array" count="361" stride="1">
              <param name="TIME" type="float"/>
            </accessor>
          </technique_common>
        </source>
        <source id="_0250410_110052_D_12_5_k_7_Area5_str_003_20250410_110052_D_12_5_k_7_Area5_str_001Action_144_transform-output">
          <float_array id="_0250410_110052_D_12_5_k_7_Area5_str_003_20250410_110052_D_12_5_k_7_Area5_str_001Action_144_transform-output-array" count="5776">1 0 0 0 0 1 0 0 0 0 1 0 0 0 0 1 0.9998477 -0.01745241 0 0 0.01745241 0.9998477 0 0 0 0 1 0 0 0 0 1 0.9993908 -0.0348995 0 0 0.0348995 0.9993908 0 0 0 0 1 0 0 0 0 1 0.9986295 -0.05233596 0 0 0.05233596 0.9986295 0 0 0 0 1 0 0 0 0 1 0.9975641 -0.06975647 0 0 0.06975647 0.9975641 0 0 0 0 1 0 0 0 0 1 0.9961947 -0.08715574 0 0 0.08715574 0.9961947 0 0 0 0 1 0 0 0 0 1 0.9945219 -0.1045285 0 0 0.1045285 0.9945219 0 0 0 0 1 0 0 0 0 1 0.9925461 -0.1218693 0 0 0.1218693 0.9925461 0 0 0 0 1 0 0 0 0 1 0.9902681 -0.1391731 0 0 0.1391731 0.9902681 0 0 0 0 1 0 0 0 0 1 0.9876884 -0.1564345 0 0 0.1564345 0.9876884 0 0 0 0 1 0 0 0 0 1 0.9848077 -0.1736482 0 0 0.1736482 0.9848077 0 0 0 0 1 0 0 0 0 1 0.9816272 -0.190809 0 0 0.190809 0.9816272 0 0 0 0 1 0 0 0 0 1 0.9781476 -0.2079117 0 0 0.2079117 0.9781476 0 0 0 0 1 0 0 0 0 1 0.9743701 -0.2249511 0 0 0.2249511 0.9743701 0 0 0 0 1 0 0 0 0 1 0.9702957 -0.2419219 0 0 0.2419219 0.9702957 0 0 0 0 1 0 0 0 0 1 0.9659258 -0.258819 0 0 0.258819 0.9659258 0 0 0 0 1 0 0 0 0 1 0.9612617 -0.2756374 0 0 0.2756374 0.9612617 0 0 0 0 1 0 0 0 0 1 0.9563047 -0.2923717 0 0 0.2923717 0.9563047 0 0 0 0 1 0 0 0 0 1 0.9510565 -0.309017 0 0 0.309017 0.9510565 0 0 0 0 1 0 0 0 0 1 0.9455186 -0.3255681 0 0 0.3255681 0.9455186 0 0 0 0 1 0 0 0 0 1 0.9396926 -0.3420202 0 0 0.3420202 0.9396926 0 0 0 0 1 0 0 0 0 1 0.9335804 -0.3583679 0 0 0.3583679 0.9335804 0 0 0 0 1 0 0 0 0 1 0.9271839 -0.3746066 0 0 0.3746066 0.9271839 0 0 0 0 1 0 0 0 0 1 0.9205049 -0.3907311 0 0 0.3907311 0.9205049 0 0 0 0 1 0 0 0 0 1 0.9135454 -0.4067366 0 0 0.4067366 0.9135454 0 0 0 0 1 0 0 0 0 1 0.9063078 -0.4226183 0 0 0.4226183 0.9063078 0 0 0 0 1 0 0 0 0 1 0.8987941 -0.4383712 0 0 0.4383712 0.8987941 0 0 0 0 1 0 0 0 0 1 0.8910065 -0.4539905 0 0 0.4539905 0.8910065 0 0 0 0 1 0 0 0 0 1 0.8829476 -0.4694716 0 0 0.4694716 0.8829476 0 0 0 0 1 0 0 0 0 1 0.8746197 -0.4848096 0 0 0.4848096 0.8746197 0 0 0 0 1 0 0 0 0 1 0.8660254 -0.5 0 0 0.5 0.8660254 0 0 0 0 1 0 0 0 0 1 0.8571673 -0.5150381 0 0 0.5150381 0.8571673 0 0 0 0 1 0 0 0 0 1 0.8480481 -0.5299193 0 0 0.5299193 0.8480481 0 0 0 0 1 0 0 0 0 1 0.8386706 -0.5446391 0 0 0.5446391 0.8386706 0 0 0 0 1 0 0 0 0 1 0.8290375 -0.559193 0 0 0.559193 0.8290375 0 0 0 0 1 0 0 0 0 1 0.819152 -0.5735765 0 0 0.5735765 0.819152 0 0 0 0 1 0 0 0 0 1 0.809017 -0.5877852 0 0 0.5877852 0.809017 0 0 0 0 1 0 0 0 0 1 0.7986355 -0.601815 0 0 0.601815 0.7986355 0 0 0 0 1 0 0 0 0 1 0.7880108 -0.6156615 0 0 0.6156615 0.7880108 0 0 0 0 1 0 0 0 0 1 0.7771459 -0.6293204 0 0 0.6293204 0.7771459 0 0 0 0 1 0 0 0 0 1 0.7660444 -0.6427876 0 0 0.6427876 0.7660444 0 0 0 0 1 0 0 0 0 1 0.7547096 -0.656059 0 0 0.656059 0.7547096 0 0 0 0 1 0 0 0 0 1 0.7431448 -0.6691306 0 0 0.6691306 0.7431448 0 0 0 0 1 0 0 0 0 1 0.7313537 -0.6819984 0 0 0.6819984 0.7313537 0 0 0 0 1 0 0 0 0 1 0.7193397 -0.6946584 0 0 0.6946584 0.7193397 0 0 0 0 1 0 0 0 0 1 0.7071068 -0.7071068 0 0 0.7071068 0.7071068 0 0 0 0 1 0 0 0 0 1 0.6946584 -0.7193398 0 0 0.7193398 0.6946584 0 0 0 0 1 0 0 0 0 1 0.6819983 -0.7313538 0 0 0.7313538 0.6819983 0 0 0 0 1 0 0 0 0 1 0.6691306 -0.7431449 0 0 0.7431449 0.6691306 0 0 0 0 1 0 0 0 0 1 0.656059 -0.7547096 0 0 0.7547096 0.656059 0 0 0 0 1 0 0 0 0 1 0.6427876 -0.7660444 0 0 0.7660444 0.6427876 0 0 0 0 1 0 0 0 0 1 0.6293203 -0.777146 0 0 0.777146 0.6293203 0 0 0 0 1 0 0 0 0 1 0.6156614 -0.7880108 0 0 0.7880108 0.6156614 0 0 0 0 1 0 0 0 0 1 0.601815 -0.7986355 0 0 0.7986355 0.601815 0 0 0 0 1 0 0 0 0 1 0.5877852 -0.809017 0 0 0.809017 0.5877852 0 0 0 0 1 0 0 0 0 1 0.5735765 -0.8191521 0 0 0.8191521 0.5735765 0 0 0 0 1 0 0 0 0 1 0.5591928 -0.8290376 0 0 0.8290376 0.5591928 0 0 0 0 1 0 0 0 0 1 0.544639 -0.8386706 0 0 0.8386706 0.544639 0 0 0 0 1 0 0 0 0 1 0.5299193 -0.8480481 0 0 0.8480481 0.5299193 0 0 0 0 1 0 0 0 0 1 0.5150381 -0.8571673 0 0 0.8571673 0.5150381 0 0 0 0 1 0 0 0 0 1 0.5 -0.8660254 0 0 0.8660254 0.5 0 0 0 0 1 0 0 0 0 1 0.4848096 -0.8746197 0 0 0.8746197 0.4848096 0 0 0 0 1 0 0 0 0 1 0.4694715 -0.8829476 0 0 0.8829476 0.4694715 0 0 0 0 1 0 0 0 0 1 0.4539904 -0.8910066 0 0 0.8910066 0.4539904 0 0 0 0 1 0 0 0 0 1 0.4383712 -0.8987941 0 0 0.8987941 0.4383712 0 0 0 0 1 0 0 0 0 1 0.4226182 -0.9063078 0 0 0.9063078 0.4226182 0 0 0 0 1 0 0 0 0 1 0.4067366 -0.9135455 0 0 0.9135455 0.4067366 0 0 0 0 1 0 0 0 0 1 0.3907311 -0.9205049 0 0 0.9205049 0.3907311 0 0 0 0 1 0 0 0 0 1 0.3746065 -0.9271839 0 0 0.9271839 0.3746065 0 0 0 0 1 0 0 0 0 1 0.358368 -0.9335804 0 0 0.9335804 0.358368 0 0 0 0 1 0 0 0 0 1 0.34202 -0.9396927 0 0 0.9396927 0.34202 0 0 0 0 1 0 0 0 0 1 0.3255681 -0.9455186 0 0 0.9455186 0.3255681 0 0 0 0 1 0 0 0 0 1 0.309017 -0.9510565 0 0 0.9510565 0.309017 0 0 0 0 1 0 0 0 0 1 0.2923717 -0.9563048 0 0 0.9563048 0.2923717 0 0 0 0 1 0 0 0 0 1 0.2756373 -0.9612617 0 0 0.9612617 0.2756373 0 0 0 0 1 0 0 0 0 1 0.258819 -0.9659259 0 0 0.9659259 0.258819 0 0 0 0 1 0 0 0 0 1 0.2419219 -0.9702957 0 0 0.9702957 0.2419219 0 0 0 0 1 0 0 0 0 1 0.224951 -0.9743701 0 0 0.9743701 0.224951 0 0 0 0 1 0 0 0 0 1 0.2079117 -0.9781476 0 0 0.9781476 0.2079117 0 0 0 0 1 0 0 0 0 1 0.1908089 -0.9816272 0 0 0.9816272 0.1908089 0 0 0 0 1 0 0 0 0 1 0.1736481 -0.9848078 0 0 0.9848078 0.1736481 0 0 0 0 1 0 0 0 0 1 0.1564345 -0.9876884 0 0 0.9876884 0.1564345 0 0 0 0 1 0 0 0 0 1 0.1391731 -0.9902681 0 0 0.9902681 0.1391731 0 0 0 0 1 0 0 0 0 1 0.1218693 -0.9925461 0 0 0.9925461 0.1218693 0 0 0 0 1 0 0 0 0 1 0.1045284 -0.9945219 0 0 0.9945219 0.1045284 0 0 0 0 1 0 0 0 0 1 0.0871558 -0.9961947 0 0 0.9961947 0.0871558 0 0 0 0 1 0 0 0 0 1 0.06975651 -0.9975641 0 0 0.9975641 0.06975651 0 0 0 0 1 0 0 0 0 1 0.05233585 -0.9986295 0 0 0.9986295 0.05233585 0 0 0 0 1 0 0 0 0 1 0.03489938 -0.9993908 0 0 0.9993908 0.03489938 0 0 0 0 1 0 0 0 0 1 0.01745238 -0.9998477 0 0 0.9998477 0.01745238 0 0 0 0 1 0 0 0 0 1 -4.37114e-8 -1 0 0 1 -4.37114e-8 0 0 0 0 1 0 0 0 0 1 -0.01745247 -0.9998477 0 0 0.9998477 -0.01745247 0 0 0 0 1 0 0 0 0 1 -0.03489946 -0.9993908 0 0 0.9993908 -0.03489946 0 0 0 0 1 0 0 0 0 1 -0.05233594 -0.9986295 0 0 0.9986295 -0.05233594 0 0 0 0 1 0 0 0 0 1 -0.0697566 -0.997564 0 0 0.997564 -0.0697566 0 0 0 0 1 0 0 0 0 1 -0.08715589 -0.9961947 0 0 0.9961947 -0.08715589 0 0 0 0 1 0 0 0 0 1 -0.1045285 -0.9945219 0 0 0.9945219 -0.1045285 0 0 0 0 1 0 0 0 0 1 -0.1218694 -0.9925461 0 0 0.9925461 -0.1218694 0 0 0 0 1 0 0 0 0 1 -0.1391732 -0.9902681 0 0 0.9902681 -0.1391732 0 0 0 0 1 0 0 0 0 1 -0.1564344 -0.9876884 0 0 0.9876884 -0.1564344 0 0 0 0 1 0 0 0 0 1 -0.1736482 -0.9848077 0 0 0.9848077 -0.1736482 0 0 0 0 1 0 0 0 0 1 -0.190809 -0.9816272 0 0 0.9816272 -0.190809 0 0 0 0 1 0 0 0 0 1 -0.2079118 -0.9781476 0 0 0.9781476 -0.2079118 0 0 0 0 1 0 0 0 0 1 -0.2249511 -0.9743701 0 0 0.9743701 -0.2249511 0 0 0 0 1 0 0 0 0 1 -0.241922 -0.9702957 0 0 0.9702957 -0.241922 0 0 0 0 1 0 0 0 0 1 -0.2588192 -0.9659258 0 0 0.9659258 -0.2588192 0 0 0 0 1 0 0 0 0 1 -0.2756374 -0.9612617 0 0 0.9612617 -0.2756374 0 0 0 0 1 0 0 0 0 1 -0.2923717 -0.9563047 0 0 0.9563047 -0.2923717 0 0 0 0 1 0 0 0 0 1 -0.309017 -0.9510565 0 0 0.9510565 -0.309017 0 0 0 0 1 0 0 0 0 1 -0.3255681 -0.9455186 0 0 0.9455186 -0.3255681 0 0 0 0 1 0 0 0 0 1 -0.3420201 -0.9396926 0 0 0.9396926 -0.3420201 0 0 0 0 1 0 0 0 0 1 -0.3583681 -0.9335804 0 0 0.9335804 -0.3583681 0 0 0 0 1 0 0 0 0 1 -0.3746067 -0.9271838 0 0 0.9271838 -0.3746067 0 0 0 0 1 0 0 0 0 1 -0.3907312 -0.9205049 0 0 0.9205049 -0.3907312 0 0 0 0 1 0 0 0 0 1 -0.4067367 -0.9135454 0 0 0.9135454 -0.4067367 0 0 0 0 1 0 0 0 0 1 -0.4226183 -0.9063078 0 0 0.9063078 -0.4226183 0 0 0 0 1 0 0 0 0 1 -0.4383711 -0.8987941 0 0 0.8987941 -0.4383711 0 0 0 0 1 0 0 0 0 1 -0.4539906 -0.8910065 0 0 0.8910065 -0.4539906 0 0 0 0 1 0 0 0 0 1 -0.4694716 -0.8829476 0 0 0.8829476 -0.4694716 0 0 0 0 1 0 0 0 0 1 -0.4848098 -0.8746196 0 0 0.8746196 -0.4848098 0 0 0 0 1 0 0 0 0 1 -0.5000001 -0.8660254 0 0 0.8660254 -0.5000001 0 0 0 0 1 0 0 0 0 1 -0.515038 -0.8571673 0 0 0.8571673 -0.515038 0 0 0 0 1 0 0 0 0 1 -0.5299193 -0.848048 0 0 0.848048 -0.5299193 0 0 0 0 1 0 0 0 0 1 -0.5446391 -0.8386706 0 0 0.8386706 -0.5446391 0 0 0 0 1 0 0 0 0 1 -0.559193 -0.8290375 0 0 0.8290375 -0.559193 0 0 0 0 1 0 0 0 0 1 -0.5735765 -0.819152 0 0 0.819152 -0.5735765 0 0 0 0 1 0 0 0 0 1 -0.5877854 -0.8090169 0 0 0.8090169 -0.5877854 0 0 0 0 1 0 0 0 0 1 -0.6018151 -0.7986355 0 0 0.7986355 -0.6018151 0 0 0 0 1 0 0 0 0 1 -0.6156614 -0.7880108 0 0 0.7880108 -0.6156614 0 0 0 0 1 0 0 0 0 1 -0.6293205 -0.7771459 0 0 0.7771459 -0.6293205 0 0 0 0 1 0 0 0 0 1 -0.6427876 -0.7660444 0 0 0.7660444 -0.6427876 0 0 0 0 1 0 0 0 0 1 -0.656059 -0.7547096 0 0 0.7547096 -0.656059 0 0 0 0 1 0 0 0 0 1 -0.6691307 -0.7431448 0 0 0.7431448 -0.6691307 0 0 0 0 1 0 0 0 0 1 -0.6819985 -0.7313536 0 0 0.7313536 -0.6819985 0 0 0 0 1 0 0 0 0 1 -0.6946585 -0.7193397 0 0 0.7193397 -0.6946585 0 0 0 0 1 0 0 0 0 1 -0.7071068 -0.7071068 0 0 0.7071068 -0.7071068 0 0 0 0 1 0 0 0 0 1 -0.7193399 -0.6946583 0 0 0.6946583 -0.7193399 0 0 0 0 1 0 0 0 0 1 -0.7313538 -0.6819983 0 0 0.6819983 -0.7313538 0 0 0 0 1 0 0 0 0 1 -0.7431448 -0.6691306 0 0 0.6691306 -0.7431448 0 0 0 0 1 0 0 0 0 1 -0.7547097 -0.656059 0 0 0.656059 -0.7547097 0 0 0 0 1 0 0 0 0 1 -0.7660446 -0.6427875 0 0 0.6427875 -0.7660446 0 0 0 0 1 0 0 0 0 1 -0.777146 -0.6293203 0 0 0.6293203 -0.777146 0 0 0 0 1 0 0 0 0 1 -0.7880108 -0.6156614 0 0 0.6156614 -0.7880108 0 0 0 0 1 0 0 0 0 1 -0.7986356 -0.6018149 0 0 0.6018149 -0.7986356 0 0 0 0 1 0 0 0 0 1 -0.8090171 -0.5877852 0 0 0.5877852 -0.8090171 0 0 0 0 1 0 0 0 0 1 -0.8191521 -0.5735765 0 0 0.5735765 -0.8191521 0 0 0 0 1 0 0 0 0 1 -0.8290376 -0.5591928 0 0 0.5591928 -0.8290376 0 0 0 0 1 0 0 0 0 1 -0.8386707 -0.5446388 0 0 0.5446388 -0.8386707 0 0 0 0 1 0 0 0 0 1 -0.8480482 -0.5299191 0 0 0.5299191 -0.8480482 0 0 0 0 1 0 0 0 0 1 -0.8571673 -0.515038 0 0 0.515038 -0.8571673 0 0 0 0 1 0 0 0 0 1 -0.8660255 -0.4999998 0 0 0.4999998 -0.8660255 0 0 0 0 1 0 0 0 0 1 -0.8746198 -0.4848095 0 0 0.4848095 -0.8746198 0 0 0 0 1 0 0 0 0 1 -0.8829476 -0.4694716 0 0 0.4694716 -0.8829476 0 0 0 0 1 0 0 0 0 1 -0.8910066 -0.4539904 0 0 0.4539904 -0.8910066 0 0 0 0 1 0 0 0 0 1 -0.8987941 -0.4383711 0 0 0.4383711 -0.8987941 0 0 0 0 1 0 0 0 0 1 -0.9063078 -0.4226183 0 0 0.4226183 -0.9063078 0 0 0 0 1 0 0 0 0 1 -0.9135455 -0.4067366 0 0 0.4067366 -0.9135455 0 0 0 0 1 0 0 0 0 1 -0.9205049 -0.3907309 0 0 0.3907309 -0.9205049 0 0 0 0 1 0 0 0 0 1 -0.9271839 -0.3746065 0 0 0.3746065 -0.9271839 0 0 0 0 1 0 0 0 0 1 -0.9335805 -0.3583679 0 0 0.3583679 -0.9335805 0 0 0 0 1 0 0 0 0 1 -0.9396927 -0.34202 0 0 0.34202 -0.9396927 0 0 0 0 1 0 0 0 0 1 -0.9455186 -0.3255681 0 0 0.3255681 -0.9455186 0 0 0 0 1 0 0 0 0 1 -0.9510565 -0.309017 0 0 0.309017 -0.9510565 0 0 0 0 1 0 0 0 0 1 -0.9563047 -0.2923718 0 0 0.2923718 -0.9563047 0 0 0 0 1 0 0 0 0 1 -0.9612617 -0.2756374 0 0 0.2756374 -0.9612617 0 0 0 0 1 0 0 0 0 1 -0.9659259 -0.2588189 0 0 0.2588189 -0.9659259 0 0 0 0 1 0 0 0 0 1 -0.9702957 -0.2419219 0 0 0.2419219 -0.9702957 0 0 0 0 1 0 0 0 0 1 -0.9743701 -0.2249509 0 0 0.2249509 -0.9743701 0 0 0 0 1 0 0 0 0 1 -0.9781476 -0.2079116 0 0 0.2079116 -0.9781476 0 0 0 0 1 0 0 0 0 1 -0.9816272 -0.1908088 0 0 0.1908088 -0.9816272 0 0 0 0 1 0 0 0 0 1 -0.9848077 -0.1736483 0 0 0.1736483 -0.9848077 0 0 0 0 1 0 0 0 0 1 -0.9876884 -0.1564344 0 0 0.1564344 -0.9876884 0 0 0 0 1 0 0 0 0 1 -0.9902681 -0.1391732 0 0 0.1391732 -0.9902681 0 0 0 0 1 0 0 0 0 1 -0.9925461 -0.1218693 0 0 0.1218693 -0.9925461 0 0 0 0 1 0 0 0 0 1 -0.9945219 -0.1045283 0 0 0.1045283 -0.9945219 0 0 0 0 1 0 0 0 0 1 -0.9961947 -0.08715564 0 0 0.08715564 -0.9961947 0 0 0 0 1 0 0 0 0 1 -0.9975641 -0.06975623 0 0 0.06975623 -0.9975641 0 0 0 0 1 0 0 0 0 1 -0.9986295 -0.05233605 0 0 0.05233605 -0.9986295 0 0 0 0 1 0 0 0 0 1 -0.9993908 -0.03489945 0 0 0.03489945 -0.9993908 0 0 0 0 1 0 0 0 0 1 -0.9998477 -0.01745246 0 0 0.01745246 -0.9998477 0 0 0 0 1 0 0 0 0 1 -1 8.74228e-8 0 0 -8.74228e-8 -1 0 0 0 0 1 0 0 0 0 1 -0.9998477 0.01745263 0 0 -0.01745263 -0.9998477 0 0 0 0 1 0 0 0 0 1 -0.9993908 0.03489963 0 0 -0.03489963 -0.9993908 0 0 0 0 1 0 0 0 0 1 -0.9986295 0.05233622 0 0 -0.05233622 -0.9986295 0 0 0 0 1 0 0 0 0 1 -0.9975641 0.0697564 0 0 -0.0697564 -0.9975641 0 0 0 0 1 0 0 0 0 1 -0.9961947 0.08715581 0 0 -0.08715581 -0.9961947 0 0 0 0 1 0 0 0 0 1 -0.9945219 0.1045284 0 0 -0.1045284 -0.9945219 0 0 0 0 1 0 0 0 0 1 -0.9925461 0.1218695 0 0 -0.1218695 -0.9925461 0 0 0 0 1 0 0 0 0 1 -0.9902681 0.1391733 0 0 -0.1391733 -0.9902681 0 0 0 0 1 0 0 0 0 1 -0.9876883 0.1564346 0 0 -0.1564346 -0.9876883 0 0 0 0 1 0 0 0 0 1 -0.9848077 0.1736485 0 0 -0.1736485 -0.9848077 0 0 0 0 1 0 0 0 0 1 -0.9816272 0.190809 0 0 -0.190809 -0.9816272 0 0 0 0 1 0 0 0 0 1 -0.9781476 0.2079118 0 0 -0.2079118 -0.9781476 0 0 0 0 1 0 0 0 0 1 -0.9743701 0.224951 0 0 -0.224951 -0.9743701 0 0 0 0 1 0 0 0 0 1 -0.9702957 0.241922 0 0 -0.241922 -0.9702957 0 0 0 0 1 0 0 0 0 1 -0.9659258 0.2588193 0 0 -0.2588193 -0.9659258 0 0 0 0 1 0 0 0 0 1 -0.9612616 0.2756375 0 0 -0.2756375 -0.9612616 0 0 0 0 1 0 0 0 0 1 -0.9563047 0.292372 0 0 -0.292372 -0.9563047 0 0 0 0 1 0 0 0 0 1 -0.9510565 0.309017 0 0 -0.309017 -0.9510565 0 0 0 0 1 0 0 0 0 1 -0.9455186 0.3255683 0 0 -0.3255683 -0.9455186 0 0 0 0 1 0 0 0 0 1 -0.9396926 0.3420202 0 0 -0.3420202 -0.9396926 0 0 0 0 1 0 0 0 0 1 -0.9335804 0.3583681 0 0 -0.3583681 -0.9335804 0 0 0 0 1 0 0 0 0 1 -0.9271838 0.3746066 0 0 -0.3746066 -0.9271838 0 0 0 0 1 0 0 0 0 1 -0.9205047 0.3907313 0 0 -0.3907313 -0.9205047 0 0 0 0 1 0 0 0 0 1 -0.9135453 0.4067369 0 0 -0.4067369 -0.9135453 0 0 0 0 1 0 0 0 0 1 -0.9063078 0.4226183 0 0 -0.4226183 -0.9063078 0 0 0 0 1 0 0 0 0 1 -0.898794 0.4383713 0 0 -0.4383713 -0.898794 0 0 0 0 1 0 0 0 0 1 -0.8910065 0.4539905 0 0 -0.4539905 -0.8910065 0 0 0 0 1 0 0 0 0 1 -0.8829475 0.4694717 0 0 -0.4694717 -0.8829475 0 0 0 0 1 0 0 0 0 1 -0.8746197 0.4848097 0 0 -0.4848097 -0.8746197 0 0 0 0 1 0 0 0 0 1 -0.8660253 0.5000002 0 0 -0.5000002 -0.8660253 0 0 0 0 1 0 0 0 0 1 -0.8571671 0.5150384 0 0 -0.5150384 -0.8571671 0 0 0 0 1 0 0 0 0 1 -0.8480481 0.5299193 0 0 -0.5299193 -0.8480481 0 0 0 0 1 0 0 0 0 1 -0.8386706 0.544639 0 0 -0.544639 -0.8386706 0 0 0 0 1 0 0 0 0 1 -0.8290375 0.559193 0 0 -0.559193 -0.8290375 0 0 0 0 1 0 0 0 0 1 -0.8191519 0.5735766 0 0 -0.5735766 -0.8191519 0 0 0 0 1 0 0 0 0 1 -0.8090169 0.5877854 0 0 -0.5877854 -0.8090169 0 0 0 0 1 0 0 0 0 1 -0.7986354 0.6018152 0 0 -0.6018152 -0.7986354 0 0 0 0 1 0 0 0 0 1 -0.7880108 0.6156614 0 0 -0.6156614 -0.7880108 0 0 0 0 1 0 0 0 0 1 -0.7771459 0.6293204 0 0 -0.6293204 -0.7771459 0 0 0 0 1 0 0 0 0 1 -0.7660445 0.6427876 0 0 -0.6427876 -0.7660445 0 0 0 0 1 0 0 0 0 1 -0.7547095 0.6560591 0 0 -0.6560591 -0.7547095 0 0 0 0 1 0 0 0 0 1 -0.7431447 0.6691308 0 0 -0.6691308 -0.7431447 0 0 0 0 1 0 0 0 0 1 -0.7313536 0.6819984 0 0 -0.6819984 -0.7313536 0 0 0 0 1 0 0 0 0 1 -0.7193396 0.6946586 0 0 -0.6946586 -0.7193396 0 0 0 0 1 0 0 0 0 1 -0.7071068 0.7071067 0 0 -0.7071067 -0.7071068 0 0 0 0 1 0 0 0 0 1 -0.6946583 0.7193398 0 0 -0.7193398 -0.6946583 0 0 0 0 1 0 0 0 0 1 -0.6819984 0.7313537 0 0 -0.7313537 -0.6819984 0 0 0 0 1 0 0 0 0 1 -0.6691305 0.7431449 0 0 -0.7431449 -0.6691305 0 0 0 0 1 0 0 0 0 1 -0.6560588 0.7547097 0 0 -0.7547097 -0.6560588 0 0 0 0 1 0 0 0 0 1 -0.6427875 0.7660446 0 0 -0.7660446 -0.6427875 0 0 0 0 1 0 0 0 0 1 -0.6293203 0.777146 0 0 -0.777146 -0.6293203 0 0 0 0 1 0 0 0 0 1 -0.6156615 0.7880107 0 0 -0.7880107 -0.6156615 0 0 0 0 1 0 0 0 0 1 -0.6018152 0.7986354 0 0 -0.7986354 -0.6018152 0 0 0 0 1 0 0 0 0 1 -0.5877851 0.8090171 0 0 -0.8090171 -0.5877851 0 0 0 0 1 0 0 0 0 1 -0.5735763 0.8191521 0 0 -0.8191521 -0.5735763 0 0 0 0 1 0 0 0 0 1 -0.5591929 0.8290376 0 0 -0.8290376 -0.5591929 0 0 0 0 1 0 0 0 0 1 -0.5446387 0.8386708 0 0 -0.8386708 -0.5446387 0 0 0 0 1 0 0 0 0 1 -0.529919 0.8480483 0 0 -0.8480483 -0.529919 0 0 0 0 1 0 0 0 0 1 -0.5150383 0.8571672 0 0 -0.8571672 -0.5150383 0 0 0 0 1 0 0 0 0 1 -0.4999999 0.8660254 0 0 -0.8660254 -0.4999999 0 0 0 0 1 0 0 0 0 1 -0.4848096 0.8746197 0 0 -0.8746197 -0.4848096 0 0 0 0 1 0 0 0 0 1 -0.4694716 0.8829476 0 0 -0.8829476 -0.4694716 0 0 0 0 1 0 0 0 0 1 -0.4539902 0.8910066 0 0 -0.8910066 -0.4539902 0 0 0 0 1 0 0 0 0 1 -0.438371 0.8987941 0 0 -0.8987941 -0.438371 0 0 0 0 1 0 0 0 0 1 -0.4226182 0.9063078 0 0 -0.9063078 -0.4226182 0 0 0 0 1 0 0 0 0 1 -0.4067366 0.9135454 0 0 -0.9135454 -0.4067366 0 0 0 0 1 0 0 0 0 1 -0.3907312 0.9205048 0 0 -0.9205048 -0.3907312 0 0 0 0 1 0 0 0 0 1 -0.3746063 0.927184 0 0 -0.927184 -0.3746063 0 0 0 0 1 0 0 0 0 1 -0.3583678 0.9335805 0 0 -0.9335805 -0.3583678 0 0 0 0 1 0 0 0 0 1 -0.3420201 0.9396927 0 0 -0.9396927 -0.3420201 0 0 0 0 1 0 0 0 0 1 -0.3255682 0.9455186 0 0 -0.9455186 -0.3255682 0 0 0 0 1 0 0 0 0 1 -0.3090166 0.9510566 0 0 -0.9510566 -0.3090166 0 0 0 0 1 0 0 0 0 1 -0.2923719 0.9563047 0 0 -0.9563047 -0.2923719 0 0 0 0 1 0 0 0 0 1 -0.2756372 0.9612617 0 0 -0.9612617 -0.2756372 0 0 0 0 1 0 0 0 0 1 -0.258819 0.9659259 0 0 -0.9659259 -0.258819 0 0 0 0 1 0 0 0 0 1 -0.2419219 0.9702957 0 0 -0.9702957 -0.2419219 0 0 0 0 1 0 0 0 0 1 -0.2249507 0.9743701 0 0 -0.9743701 -0.2249507 0 0 0 0 1 0 0 0 0 1 -0.2079114 0.9781476 0 0 -0.9781476 -0.2079114 0 0 0 0 1 0 0 0 0 1 -0.1908088 0.9816272 0 0 -0.9816272 -0.1908088 0 0 0 0 1 0 0 0 0 1 -0.1736481 0.9848078 0 0 -0.9848078 -0.1736481 0 0 0 0 1 0 0 0 0 1 -0.1564345 0.9876883 0 0 -0.9876883 -0.1564345 0 0 0 0 1 0 0 0 0 1 -0.1391733 0.9902681 0 0 -0.9902681 -0.1391733 0 0 0 0 1 0 0 0 0 1 -0.1218691 0.9925462 0 0 -0.9925462 -0.1218691 0 0 0 0 1 0 0 0 0 1 -0.1045283 0.9945219 0 0 -0.9945219 -0.1045283 0 0 0 0 1 0 0 0 0 1 -0.08715571 0.9961947 0 0 -0.9961947 -0.08715571 0 0 0 0 1 0 0 0 0 1 -0.06975607 0.9975641 0 0 -0.9975641 -0.06975607 0 0 0 0 1 0 0 0 0 1 -0.05233612 0.9986295 0 0 -0.9986295 -0.05233612 0 0 0 0 1 0 0 0 0 1 -0.03489929 0.9993908 0 0 -0.9993908 -0.03489929 0 0 0 0 1 0 0 0 0 1 -0.0174523 0.9998477 0 0 -0.9998477 -0.0174523 0 0 0 0 1 0 0 0 0 1 1.19249e-8 1 0 0 -1 1.19249e-8 0 0 0 0 1 0 0 0 0 1 0.0174528 0.9998477 0 0 -0.9998477 0.0174528 0 0 0 0 1 0 0 0 0 1 0.03489979 0.9993908 0 0 -0.9993908 0.03489979 0 0 0 0 1 0 0 0 0 1 0.05233615 0.9986295 0 0 -0.9986295 0.05233615 0 0 0 0 1 0 0 0 0 1 0.06975657 0.997564 0 0 -0.997564 0.06975657 0 0 0 0 1 0 0 0 0 1 0.08715574 0.9961947 0 0 -0.9961947 0.08715574 0 0 0 0 1 0 0 0 0 1 0.1045284 0.9945219 0 0 -0.9945219 0.1045284 0 0 0 0 1 0 0 0 0 1 0.1218696 0.9925461 0 0 -0.9925461 0.1218696 0 0 0 0 1 0 0 0 0 1 0.1391733 0.9902681 0 0 -0.9902681 0.1391733 0 0 0 0 1 0 0 0 0 1 0.1564345 0.9876883 0 0 -0.9876883 0.1564345 0 0 0 0 1 0 0 0 0 1 0.1736486 0.9848077 0 0 -0.9848077 0.1736486 0 0 0 0 1 0 0 0 0 1 0.1908089 0.9816272 0 0 -0.9816272 0.1908089 0 0 0 0 1 0 0 0 0 1 0.2079119 0.9781476 0 0 -0.9781476 0.2079119 0 0 0 0 1 0 0 0 0 1 0.2249512 0.97437 0 0 -0.97437 0.2249512 0 0 0 0 1 0 0 0 0 1 0.2419219 0.9702957 0 0 -0.9702957 0.2419219 0 0 0 0 1 0 0 0 0 1 0.2588195 0.9659257 0 0 -0.9659257 0.2588195 0 0 0 0 1 0 0 0 0 1 0.2756377 0.9612616 0 0 -0.9612616 0.2756377 0 0 0 0 1 0 0 0 0 1 0.2923719 0.9563047 0 0 -0.9563047 0.2923719 0 0 0 0 1 0 0 0 0 1 0.3090171 0.9510565 0 0 -0.9510565 0.3090171 0 0 0 0 1 0 0 0 0 1 0.3255682 0.9455186 0 0 -0.9455186 0.3255682 0 0 0 0 1 0 0 0 0 1 0.3420201 0.9396926 0 0 -0.9396926 0.3420201 0 0 0 0 1 0 0 0 0 1 0.3583682 0.9335803 0 0 -0.9335803 0.3583682 0 0 0 0 1 0 0 0 0 1 0.3746068 0.9271837 0 0 -0.9271837 0.3746068 0 0 0 0 1 0 0 0 0 1 0.3907312 0.9205048 0 0 -0.9205048 0.3907312 0 0 0 0 1 0 0 0 0 1 0.4067371 0.9135453 0 0 -0.9135453 0.4067371 0 0 0 0 1 0 0 0 0 1 0.4226182 0.9063078 0 0 -0.9063078 0.4226182 0 0 0 0 1 0 0 0 0 1 0.4383714 0.8987939 0 0 -0.8987939 0.4383714 0 0 0 0 1 0 0 0 0 1 0.4539907 0.8910064 0 0 -0.8910064 0.4539907 0 0 0 0 1 0 0 0 0 1 0.4694717 0.8829476 0 0 -0.8829476 0.4694717 0 0 0 0 1 0 0 0 0 1 0.4848096 0.8746197 0 0 -0.8746197 0.4848096 0 0 0 0 1 0 0 0 0 1 0.5000004 0.8660252 0 0 -0.8660252 0.5000004 0 0 0 0 1 0 0 0 0 1 0.5150379 0.8571674 0 0 -0.8571674 0.5150379 0 0 0 0 1 0 0 0 0 1 0.5299194 0.848048 0 0 -0.848048 0.5299194 0 0 0 0 1 0 0 0 0 1 0.5446391 0.8386705 0 0 -0.8386705 0.5446391 0 0 0 0 1 0 0 0 0 1 0.5591929 0.8290376 0 0 -0.8290376 0.5591929 0 0 0 0 1 0 0 0 0 1 0.5735767 0.8191518 0 0 -0.8191518 0.5735767 0 0 0 0 1 0 0 0 0 1 0.5877855 0.8090168 0 0 -0.8090168 0.5877855 0 0 0 0 1 0 0 0 0 1 0.6018152 0.7986354 0 0 -0.7986354 0.6018152 0 0 0 0 1 0 0 0 0 1 0.6156615 0.7880107 0 0 -0.7880107 0.6156615 0 0 0 0 1 0 0 0 0 1 0.6293204 0.777146 0 0 -0.777146 0.6293204 0 0 0 0 1 0 0 0 0 1 0.6427875 0.7660445 0 0 -0.7660445 0.6427875 0 0 0 0 1 0 0 0 0 1 0.6560592 0.7547094 0 0 -0.7547094 0.6560592 0 0 0 0 1 0 0 0 0 1 0.6691307 0.7431448 0 0 -0.7431448 0.6691307 0 0 0 0 1 0 0 0 0 1 0.6819984 0.7313536 0 0 -0.7313536 0.6819984 0 0 0 0 1 0 0 0 0 1 0.6946587 0.7193395 0 0 -0.7193395 0.6946587 0 0 0 0 1 0 0 0 0 1 0.7071066 0.7071069 0 0 -0.7071069 0.7071066 0 0 0 0 1 0 0 0 0 1 0.71934 0.6946582 0 0 -0.6946582 0.71934 0 0 0 0 1 0 0 0 0 1 0.7313538 0.6819983 0 0 -0.6819983 0.7313538 0 0 0 0 1 0 0 0 0 1 0.7431449 0.6691306 0 0 -0.6691306 0.7431449 0 0 0 0 1 0 0 0 0 1 0.7547098 0.6560587 0 0 -0.6560587 0.7547098 0 0 0 0 1 0 0 0 0 1 0.7660446 0.6427874 0 0 -0.6427874 0.7660446 0 0 0 0 1 0 0 0 0 1 0.7771461 0.6293202 0 0 -0.6293202 0.7771461 0 0 0 0 1 0 0 0 0 1 0.7880108 0.6156614 0 0 -0.6156614 0.7880108 0 0 0 0 1 0 0 0 0 1 0.7986355 0.601815 0 0 -0.601815 0.7986355 0 0 0 0 1 0 0 0 0 1 0.8090169 0.5877853 0 0 -0.5877853 0.8090169 0 0 0 0 1 0 0 0 0 1 0.8191522 0.5735762 0 0 -0.5735762 0.8191522 0 0 0 0 1 0 0 0 0 1 0.8290374 0.5591931 0 0 -0.5591931 0.8290374 0 0 0 0 1 0 0 0 0 1 0.8386706 0.5446389 0 0 -0.5446389 0.8386706 0 0 0 0 1 0 0 0 0 1 0.8480481 0.5299193 0 0 -0.5299193 0.8480481 0 0 0 0 1 0 0 0 0 1 0.8571672 0.5150381 0 0 -0.5150381 0.8571672 0 0 0 0 1 0 0 0 0 1 0.8660256 0.4999998 0 0 -0.4999998 0.8660256 0 0 0 0 1 0 0 0 0 1 0.8746198 0.4848095 0 0 -0.4848095 0.8746198 0 0 0 0 1 0 0 0 0 1 0.8829476 0.4694715 0 0 -0.4694715 0.8829476 0 0 0 0 1 0 0 0 0 1 0.8910065 0.4539905 0 0 -0.4539905 0.8910065 0 0 0 0 1 0 0 0 0 1 0.8987942 0.4383708 0 0 -0.4383708 0.8987942 0 0 0 0 1 0 0 0 0 1 0.9063079 0.422618 0 0 -0.422618 0.9063079 0 0 0 0 1 0 0 0 0 1 0.9135455 0.4067365 0 0 -0.4067365 0.9135455 0 0 0 0 1 0 0 0 0 1 0.920505 0.3907306 0 0 -0.3907306 0.920505 0 0 0 0 1 0 0 0 0 1 0.927184 0.3746062 0 0 -0.3746062 0.927184 0 0 0 0 1 0 0 0 0 1 0.9335806 0.3583676 0 0 -0.3583676 0.9335806 0 0 0 0 1 0 0 0 0 1 0.9396926 0.3420204 0 0 -0.3420204 0.9396926 0 0 0 0 1 0 0 0 0 1 0.9455186 0.325568 0 0 -0.325568 0.9455186 0 0 0 0 1 0 0 0 0 1 0.9510565 0.3090169 0 0 -0.3090169 0.9510565 0 0 0 0 1 0 0 0 0 1 0.9563047 0.2923717 0 0 -0.2923717 0.9563047 0 0 0 0 1 0 0 0 0 1 0.9612616 0.2756375 0 0 -0.2756375 0.9612616 0 0 0 0 1 0 0 0 0 1 0.9659259 0.2588188 0 0 -0.2588188 0.9659259 0 0 0 0 1 0 0 0 0 1 0.9702958 0.2419218 0 0 -0.2419218 0.9702958 0 0 0 0 1 0 0 0 0 1 0.9743701 0.224951 0 0 -0.224951 0.9743701 0 0 0 0 1 0 0 0 0 1 0.9781477 0.2079113 0 0 -0.2079113 0.9781477 0 0 0 0 1 0 0 0 0 1 0.9816272 0.1908087 0 0 -0.1908087 0.9816272 0 0 0 0 1 0 0 0 0 1 0.9848078 0.173648 0 0 -0.173648 0.9848078 0 0 0 0 1 0 0 0 0 1 0.9876884 0.1564339 0 0 -0.1564339 0.9876884 0 0 0 0 1 0 0 0 0 1 0.9902681 0.1391726 0 0 -0.1391726 0.9902681 0 0 0 0 1 0 0 0 0 1 0.9925461 0.1218694 0 0 -0.1218694 0.9925461 0 0 0 0 1 0 0 0 0 1 0.9945219 0.1045287 0 0 -0.1045287 0.9945219 0 0 0 0 1 0 0 0 0 1 0.9961947 0.08715603 0 0 -0.08715603 0.9961947 0 0 0 0 1 0 0 0 0 1 0.9975641 0.06975638 0 0 -0.06975638 0.9975641 0 0 0 0 1 0 0 0 0 1 0.9986295 0.05233596 0 0 -0.05233596 0.9986295 0 0 0 0 1 0 0 0 0 1 0.9993908 0.0348996 0 0 -0.0348996 0.9993908 0 0 0 0 1 0 0 0 0 1 0.9998477 0.01745213 0 0 -0.01745213 0.9998477 0 0 0 0 1 0 0 0 0 1 1 -1.74846e-7 0 0 1.74846e-7 1 0 0 0 0 1 0 0 0 0 1</float_array>
          <technique_common>
            <accessor source="#_0250410_110052_D_12_5_k_7_Area5_str_003_20250410_110052_D_12_5_k_7_Area5_str_001Action_144_transform-output-array" count="361" stride="16">
              <param name="TRANSFORM" type="float4x4"/>
            </accessor>
          </technique_common>
        </source>
        <source id="_0250410_110052_D_12_5_k_7_Area5_str_003_20250410_110052_D_12_5_k_7_Area5_str_001Action_144_transform-interpolation">
          <Name_array id="_0250410_110052_D_12_5_k_7_Area5_str_003_20250410_110052_D_12_5_k_7_Area5_str_001Action_144_transform-interpolation-array" count="361">LINEAR LINEAR LINEAR LINEAR LINEAR LINEAR LINEAR LINEAR LINEAR LINEAR LINEAR LINEAR LINEAR LINEAR LINEAR LINEAR LINEAR LINEAR LINEAR LINEAR LINEAR LINEAR LINEAR LINEAR LINEAR LINEAR LINEAR LINEAR LINEAR LINEAR LINEAR LINEAR LINEAR LINEAR LINEAR LINEAR LINEAR LINEAR LINEAR LINEAR LINEAR LINEAR LINEAR LINEAR LINEAR LINEAR LINEAR LINEAR LINEAR LINEAR LINEAR LINEAR LINEAR LINEAR LINEAR LINEAR LINEAR LINEAR LINEAR LINEAR LINEAR LINEAR LINEAR LINEAR LINEAR LINEAR LINEAR LINEAR LINEAR LINEAR LINEAR LINEAR LINEAR LINEAR LINEAR LINEAR LINEAR LINEAR LINEAR LINEAR LINEAR LINEAR LINEAR LINEAR LINEAR LINEAR LINEAR LINEAR LINEAR LINEAR LINEAR LINEAR LINEAR LINEAR LINEAR LINEAR LINEAR LINEAR LINEAR LINEAR LINEAR LINEAR LINEAR LINEAR LINEAR LINEAR LINEAR LINEAR LINEAR LINEAR LINEAR LINEAR LINEAR LINEAR LINEAR LINEAR LINEAR LINEAR LINEAR LINEAR LINEAR LINEAR LINEAR LINEAR LINEAR LINEAR LINEAR LINEAR LINEAR LINEAR LINEAR LINEAR LINEAR LINEAR LINEAR LINEAR LINEAR LINEAR LINEAR LINEAR LINEAR LINEAR LINEAR LINEAR LINEAR LINEAR LINEAR LINEAR LINEAR LINEAR LINEAR LINEAR LINEAR LINEAR LINEAR LINEAR LINEAR LINEAR LINEAR LINEAR LINEAR LINEAR LINEAR LINEAR LINEAR LINEAR LINEAR LINEAR LINEAR LINEAR LINEAR LINEAR LINEAR LINEAR LINEAR LINEAR LINEAR LINEAR LINEAR LINEAR LINEAR LINEAR LINEAR LINEAR LINEAR LINEAR LINEAR LINEAR LINEAR LINEAR LINEAR LINEAR LINEAR LINEAR LINEAR LINEAR LINEAR LINEAR LINEAR LINEAR LINEAR LINEAR LINEAR LINEAR LINEAR LINEAR LINEAR LINEAR LINEAR LINEAR LINEAR LINEAR LINEAR LINEAR LINEAR LINEAR LINEAR LINEAR LINEAR LINEAR LINEAR LINEAR LINEAR LINEAR LINEAR LINEAR LINEAR LINEAR LINEAR LINEAR LINEAR LINEAR LINEAR LINEAR LINEAR LINEAR LINEAR LINEAR LINEAR LINEAR LINEAR LINEAR LINEAR LINEAR LINEAR LINEAR LINEAR LINEAR LINEAR LINEAR LINEAR LINEAR LINEAR LINEAR LINEAR LINEAR LINEAR LINEAR LINEAR LINEAR LINEAR LINEAR LINEAR LINEAR LINEAR LINEAR LINEAR LINEAR LINEAR LINEAR LINEAR LINEAR LINEAR LINEAR LINEAR LINEAR LINEAR LINEAR LINEAR LINEAR LINEAR LINEAR LINEAR LINEAR LINEAR LINEAR LINEAR LINEAR LINEAR LINEAR LINEAR LINEAR LINEAR LINEAR LINEAR LINEAR LINEAR LINEAR LINEAR LINEAR LINEAR LINEAR LINEAR LINEAR LINEAR LINEAR LINEAR LINEAR LINEAR LINEAR LINEAR LINEAR LINEAR LINEAR LINEAR LINEAR LINEAR LINEAR LINEAR LINEAR LINEAR LINEAR LINEAR LINEAR LINEAR LINEAR LINEAR LINEAR LINEAR LINEAR LINEAR LINEAR LINEAR LINEAR LINEAR LINEAR LINEAR LINEAR LINEAR LINEAR LINEAR LINEAR LINEAR LINEAR LINEAR LINEAR LINEAR LINEAR LINEAR LINEAR LINEAR LINEAR LINEAR LINEAR LINEAR LINEAR LINEAR LINEAR LINEAR LINEAR LINEAR</Name_array>
          <technique_common>
            <accessor source="#_0250410_110052_D_12_5_k_7_Area5_str_003_20250410_110052_D_12_5_k_7_Area5_str_001Action_144_transform-interpolation-array" count="361" stride="1">
              <param name="INTERPOLATION" type="name"/>
            </accessor>
          </technique_common>
        </source>
        <sampler id="_0250410_110052_D_12_5_k_7_Area5_str_003_20250410_110052_D_12_5_k_7_Area5_str_001Action_144_transform-sampler">
          <input semantic="INPUT" source="#_0250410_110052_D_12_5_k_7_Area5_str_003_20250410_110052_D_12_5_k_7_Area5_str_001Action_144_transform-input"/>
          <input semantic="OUTPUT" source="#_0250410_110052_D_12_5_k_7_Area5_str_003_20250410_110052_D_12_5_k_7_Area5_str_001Action_144_transform-output"/>
          <input semantic="INTERPOLATION" source="#_0250410_110052_D_12_5_k_7_Area5_str_003_20250410_110052_D_12_5_k_7_Area5_str_001Action_144_transform-interpolation"/>
        </sampler>
        <channel source="#_0250410_110052_D_12_5_k_7_Area5_str_003_20250410_110052_D_12_5_k_7_Area5_str_001Action_144_transform-sampler" target="_0250410_110052_D_12_5_k_7_Area5_str_003/transform"/>
      </animation>
    </animation>
    <animation id="action_container-_0250411_112040_D_12_5_k_7_Area1_str_outline_002" name="20250411_112040_D=12.5_k=7_Area1_str_outline.002">
      <animation id="_0250411_112040_D_12_5_k_7_Area1_str_outline_002_20250411_112040_D_12_5_k_7_Area1_str_outlineAction_144_transform" name="20250411_112040_D=12.5_k=7_Area1_str_outline.002">
        <source id="_0250411_112040_D_12_5_k_7_Area1_str_outline_002_20250411_112040_D_12_5_k_7_Area1_str_outlineAction_144_transform-input">
          <float_array id="_0250411_112040_D_12_5_k_7_Area1_str_outline_002_20250411_112040_D_12_5_k_7_Area1_str_outlineAction_144_transform-input-array" count="361">0 0.04166662 0.08333331 0.125 0.1666666 0.2083333 0.25 0.2916666 0.3333333 0.375 0.4166666 0.4583333 0.5 0.5416667 0.5833333 0.625 0.6666667 0.7083333 0.75 0.7916667 0.8333333 0.875 0.9166667 0.9583333 1 1.041667 1.083333 1.125 1.166667 1.208333 1.25 1.291667 1.333333 1.375 1.416667 1.458333 1.5 1.541667 1.583333 1.625 1.666667 1.708333 1.75 1.791667 1.833333 1.875 1.916667 1.958333 2 2.041667 2.083333 2.125 2.166667 2.208333 2.25 2.291667 2.333333 2.375 2.416667 2.458333 2.5 2.541667 2.583333 2.625 2.666667 2.708333 2.75 2.791667 2.833333 2.875 2.916667 2.958333 3 3.041667 3.083333 3.125 3.166667 3.208333 3.25 3.291667 3.333333 3.375 3.416667 3.458333 3.5 3.541667 3.583333 3.625 3.666667 3.708333 3.75 3.791667 3.833333 3.875 3.916667 3.958333 4 4.041666 4.083333 4.125 4.166666 4.208333 4.25 4.291666 4.333333 4.375 4.416666 4.458333 4.5 4.541666 4.583333 4.625 4.666666 4.708333 4.75 4.791666 4.833333 4.875 4.916666 4.958333 5 5.041666 5.083333 5.125 5.166666 5.208333 5.25 5.291666 5.333333 5.375 5.416666 5.458333 5.5 5.541666 5.583333 5.625 5.666666 5.708333 5.75 5.791666 5.833333 5.875 5.916666 5.958333 6 6.041666 6.083333 6.125 6.166666 6.208333 6.25 6.291666 6.333333 6.375 6.416666 6.458333 6.5 6.541666 6.583333 6.625 6.666666 6.708333 6.75 6.791666 6.833333 6.875 6.916666 6.958333 7 7.041666 7.083333 7.125 7.166666 7.208333 7.25 7.291666 7.333333 7.375 7.416666 7.458333 7.5 7.541666 7.583333 7.625 7.666666 7.708333 7.75 7.791666 7.833333 7.875 7.916666 7.958333 8 8.041667 8.083333 8.125 8.166667 8.208333 8.25 8.291667 8.333333 8.375 8.416667 8.458333 8.5 8.541667 8.583333 8.625 8.666667 8.708333 8.75 8.791667 8.833333 8.875 8.916667 8.958333 9 9.041667 9.083333 9.125 9.166667 9.208333 9.25 9.291667 9.333333 9.375 9.416667 9.458333 9.5 9.541667 9.583333 9.625 9.666667 9.708333 9.75 9.791667 9.833333 9.875 9.916667 9.958333 10 10.04167 10.08333 10.125 10.16667 10.20833 10.25 10.29167 10.33333 10.375 10.41667 10.45833 10.5 10.54167 10.58333 10.625 10.66667 10.70833 10.75 10.79167 10.83333 10.875 10.91667 10.95833 11 11.04167 11.08333 11.125 11.16667 11.20833 11.25 11.29167 11.33333 11.375 11.41667 11.45833 11.5 11.54167 11.58333 11.625 11.66667 11.70833 11.75 11.79167 11.83333 11.875 11.91667 11.95833 12 12.04167 12.08333 12.125 12.16667 12.20833 12.25 12.29167 12.33333 12.375 12.41667 12.45833 12.5 12.54167 12.58333 12.625 12.66667 12.70833 12.75 12.79167 12.83333 12.875 12.91667 12.95833 13 13.04167 13.08333 13.125 13.16667 13.20833 13.25 13.29167 13.33333 13.375 13.41667 13.45833 13.5 13.54167 13.58333 13.625 13.66667 13.70833 13.75 13.79167 13.83333 13.875 13.91667 13.95833 14 14.04167 14.08333 14.125 14.16667 14.20833 14.25 14.29167 14.33333 14.375 14.41667 14.45833 14.5 14.54167 14.58333 14.625 14.66667 14.70833 14.75 14.79167 14.83333 14.875 14.91667 14.95833 15</float_array>
          <technique_common>
            <accessor source="#_0250411_112040_D_12_5_k_7_Area1_str_outline_002_20250411_112040_D_12_5_k_7_Area1_str_outlineAction_144_transform-input-array" count="361" stride="1">
              <param name="TIME" type="float"/>
            </accessor>
          </technique_common>
        </source>
        <source id="_0250411_112040_D_12_5_k_7_Area1_str_outline_002_20250411_112040_D_12_5_k_7_Area1_str_outlineAction_144_transform-output">
          <float_array id="_0250411_112040_D_12_5_k_7_Area1_str_outline_002_20250411_112040_D_12_5_k_7_Area1_str_outlineAction_144_transform-output-array" count="5776">1 0 0 0 0 1 0 0 0 0 1 0 0 0 0 1 0.9998477 -0.01745241 0 0 0.01745241 0.9998477 0 0 0 0 1 0 0 0 0 1 0.9993908 -0.0348995 0 0 0.0348995 0.9993908 0 0 0 0 1 0 0 0 0 1 0.9986295 -0.05233596 0 0 0.05233596 0.9986295 0 0 0 0 1 0 0 0 0 1 0.9975641 -0.06975647 0 0 0.06975647 0.9975641 0 0 0 0 1 0 0 0 0 1 0.9961947 -0.08715574 0 0 0.08715574 0.9961947 0 0 0 0 1 0 0 0 0 1 0.9945219 -0.1045285 0 0 0.1045285 0.9945219 0 0 0 0 1 0 0 0 0 1 0.9925461 -0.1218693 0 0 0.1218693 0.9925461 0 0 0 0 1 0 0 0 0 1 0.9902681 -0.1391731 0 0 0.1391731 0.9902681 0 0 0 0 1 0 0 0 0 1 0.9876884 -0.1564345 0 0 0.1564345 0.9876884 0 0 0 0 1 0 0 0 0 1 0.9848077 -0.1736482 0 0 0.1736482 0.9848077 0 0 0 0 1 0 0 0 0 1 0.9816272 -0.190809 0 0 0.190809 0.9816272 0 0 0 0 1 0 0 0 0 1 0.9781476 -0.2079117 0 0 0.2079117 0.9781476 0 0 0 0 1 0 0 0 0 1 0.9743701 -0.2249511 0 0 0.2249511 0.9743701 0 0 0 0 1 0 0 0 0 1 0.9702957 -0.2419219 0 0 0.2419219 0.9702957 0 0 0 0 1 0 0 0 0 1 0.9659258 -0.258819 0 0 0.258819 0.9659258 0 0 0 0 1 0 0 0 0 1 0.9612617 -0.2756374 0 0 0.2756374 0.9612617 0 0 0 0 1 0 0 0 0 1 0.9563047 -0.2923717 0 0 0.2923717 0.9563047 0 0 0 0 1 0 0 0 0 1 0.9510565 -0.309017 0 0 0.309017 0.9510565 0 0 0 0 1 0 0 0 0 1 0.9455186 -0.3255681 0 0 0.3255681 0.9455186 0 0 0 0 1 0 0 0 0 1 0.9396926 -0.3420202 0 0 0.3420202 0.9396926 0 0 0 0 1 0 0 0 0 1 0.9335804 -0.3583679 0 0 0.3583679 0.9335804 0 0 0 0 1 0 0 0 0 1 0.9271839 -0.3746066 0 0 0.3746066 0.9271839 0 0 0 0 1 0 0 0 0 1 0.9205049 -0.3907311 0 0 0.3907311 0.9205049 0 0 0 0 1 0 0 0 0 1 0.9135454 -0.4067366 0 0 0.4067366 0.9135454 0 0 0 0 1 0 0 0 0 1 0.9063078 -0.4226183 0 0 0.4226183 0.9063078 0 0 0 0 1 0 0 0 0 1 0.8987941 -0.4383712 0 0 0.4383712 0.8987941 0 0 0 0 1 0 0 0 0 1 0.8910065 -0.4539905 0 0 0.4539905 0.8910065 0 0 0 0 1 0 0 0 0 1 0.8829476 -0.4694716 0 0 0.4694716 0.8829476 0 0 0 0 1 0 0 0 0 1 0.8746197 -0.4848096 0 0 0.4848096 0.8746197 0 0 0 0 1 0 0 0 0 1 0.8660254 -0.5 0 0 0.5 0.8660254 0 0 0 0 1 0 0 0 0 1 0.8571673 -0.5150381 0 0 0.5150381 0.8571673 0 0 0 0 1 0 0 0 0 1 0.8480481 -0.5299193 0 0 0.5299193 0.8480481 0 0 0 0 1 0 0 0 0 1 0.8386706 -0.5446391 0 0 0.5446391 0.8386706 0 0 0 0 1 0 0 0 0 1 0.8290375 -0.559193 0 0 0.559193 0.8290375 0 0 0 0 1 0 0 0 0 1 0.819152 -0.5735765 0 0 0.5735765 0.819152 0 0 0 0 1 0 0 0 0 1 0.809017 -0.5877852 0 0 0.5877852 0.809017 0 0 0 0 1 0 0 0 0 1 0.7986355 -0.601815 0 0 0.601815 0.7986355 0 0 0 0 1 0 0 0 0 1 0.7880108 -0.6156615 0 0 0.6156615 0.7880108 0 0 0 0 1 0 0 0 0 1 0.7771459 -0.6293204 0 0 0.6293204 0.7771459 0 0 0 0 1 0 0 0 0 1 0.7660444 -0.6427876 0 0 0.6427876 0.7660444 0 0 0 0 1 0 0 0 0 1 0.7547096 -0.656059 0 0 0.656059 0.7547096 0 0 0 0 1 0 0 0 0 1 0.7431448 -0.6691306 0 0 0.6691306 0.7431448 0 0 0 0 1 0 0 0 0 1 0.7313537 -0.6819984 0 0 0.6819984 0.7313537 0 0 0 0 1 0 0 0 0 1 0.7193397 -0.6946584 0 0 0.6946584 0.7193397 0 0 0 0 1 0 0 0 0 1 0.7071068 -0.7071068 0 0 0.7071068 0.7071068 0 0 0 0 1 0 0 0 0 1 0.6946584 -0.7193398 0 0 0.7193398 0.6946584 0 0 0 0 1 0 0 0 0 1 0.6819983 -0.7313538 0 0 0.7313538 0.6819983 0 0 0 0 1 0 0 0 0 1 0.6691306 -0.7431449 0 0 0.7431449 0.6691306 0 0 0 0 1 0 0 0 0 1 0.656059 -0.7547096 0 0 0.7547096 0.656059 0 0 0 0 1 0 0 0 0 1 0.6427876 -0.7660444 0 0 0.7660444 0.6427876 0 0 0 0 1 0 0 0 0 1 0.6293203 -0.777146 0 0 0.777146 0.6293203 0 0 0 0 1 0 0 0 0 1 0.6156614 -0.7880108 0 0 0.7880108 0.6156614 0 0 0 0 1 0 0 0 0 1 0.601815 -0.7986355 0 0 0.7986355 0.601815 0 0 0 0 1 0 0 0 0 1 0.5877852 -0.809017 0 0 0.809017 0.5877852 0 0 0 0 1 0 0 0 0 1 0.5735765 -0.8191521 0 0 0.8191521 0.5735765 0 0 0 0 1 0 0 0 0 1 0.5591928 -0.8290376 0 0 0.8290376 0.5591928 0 0 0 0 1 0 0 0 0 1 0.544639 -0.8386706 0 0 0.8386706 0.544639 0 0 0 0 1 0 0 0 0 1 0.5299193 -0.8480481 0 0 0.8480481 0.5299193 0 0 0 0 1 0 0 0 0 1 0.5150381 -0.8571673 0 0 0.8571673 0.5150381 0 0 0 0 1 0 0 0 0 1 0.5 -0.8660254 0 0 0.8660254 0.5 0 0 0 0 1 0 0 0 0 1 0.4848096 -0.8746197 0 0 0.8746197 0.4848096 0 0 0 0 1 0 0 0 0 1 0.4694715 -0.8829476 0 0 0.8829476 0.4694715 0 0 0 0 1 0 0 0 0 1 0.4539904 -0.8910066 0 0 0.8910066 0.4539904 0 0 0 0 1 0 0 0 0 1 0.4383712 -0.8987941 0 0 0.8987941 0.4383712 0 0 0 0 1 0 0 0 0 1 0.4226182 -0.9063078 0 0 0.9063078 0.4226182 0 0 0 0 1 0 0 0 0 1 0.4067366 -0.9135455 0 0 0.9135455 0.4067366 0 0 0 0 1 0 0 0 0 1 0.3907311 -0.9205049 0 0 0.9205049 0.3907311 0 0 0 0 1 0 0 0 0 1 0.3746065 -0.9271839 0 0 0.9271839 0.3746065 0 0 0 0 1 0 0 0 0 1 0.358368 -0.9335804 0 0 0.9335804 0.358368 0 0 0 0 1 0 0 0 0 1 0.34202 -0.9396927 0 0 0.9396927 0.34202 0 0 0 0 1 0 0 0 0 1 0.3255681 -0.9455186 0 0 0.9455186 0.3255681 0 0 0 0 1 0 0 0 0 1 0.309017 -0.9510565 0 0 0.9510565 0.309017 0 0 0 0 1 0 0 0 0 1 0.2923717 -0.9563048 0 0 0.9563048 0.2923717 0 0 0 0 1 0 0 0 0 1 0.2756373 -0.9612617 0 0 0.9612617 0.2756373 0 0 0 0 1 0 0 0 0 1 0.258819 -0.9659259 0 0 0.9659259 0.258819 0 0 0 0 1 0 0 0 0 1 0.2419219 -0.9702957 0 0 0.9702957 0.2419219 0 0 0 0 1 0 0 0 0 1 0.224951 -0.9743701 0 0 0.9743701 0.224951 0 0 0 0 1 0 0 0 0 1 0.2079117 -0.9781476 0 0 0.9781476 0.2079117 0 0 0 0 1 0 0 0 0 1 0.1908089 -0.9816272 0 0 0.9816272 0.1908089 0 0 0 0 1 0 0 0 0 1 0.1736481 -0.9848078 0 0 0.9848078 0.1736481 0 0 0 0 1 0 0 0 0 1 0.1564345 -0.9876884 0 0 0.9876884 0.1564345 0 0 0 0 1 0 0 0 0 1 0.1391731 -0.9902681 0 0 0.9902681 0.1391731 0 0 0 0 1 0 0 0 0 1 0.1218693 -0.9925461 0 0 0.9925461 0.1218693 0 0 0 0 1 0 0 0 0 1 0.1045284 -0.9945219 0 0 0.9945219 0.1045284 0 0 0 0 1 0 0 0 0 1 0.0871558 -0.9961947 0 0 0.9961947 0.0871558 0 0 0 0 1 0 0 0 0 1 0.06975651 -0.9975641 0 0 0.9975641 0.06975651 0 0 0 0 1 0 0 0 0 1 0.05233585 -0.9986295 0 0 0.9986295 0.05233585 0 0 0 0 1 0 0 0 0 1 0.03489938 -0.9993908 0 0 0.9993908 0.03489938 0 0 0 0 1 0 0 0 0 1 0.01745238 -0.9998477 0 0 0.9998477 0.01745238 0 0 0 0 1 0 0 0 0 1 -4.37114e-8 -1 0 0 1 -4.37114e-8 0 0 0 0 1 0 0 0 0 1 -0.01745247 -0.9998477 0 0 0.9998477 -0.01745247 0 0 0 0 1 0 0 0 0 1 -0.03489946 -0.9993908 0 0 0.9993908 -0.03489946 0 0 0 0 1 0 0 0 0 1 -0.05233594 -0.9986295 0 0 0.9986295 -0.05233594 0 0 0 0 1 0 0 0 0 1 -0.0697566 -0.997564 0 0 0.997564 -0.0697566 0 0 0 0 1 0 0 0 0 1 -0.08715589 -0.9961947 0 0 0.9961947 -0.08715589 0 0 0 0 1 0 0 0 0 1 -0.1045285 -0.9945219 0 0 0.9945219 -0.1045285 0 0 0 0 1 0 0 0 0 1 -0.1218694 -0.9925461 0 0 0.9925461 -0.1218694 0 0 0 0 1 0 0 0 0 1 -0.1391732 -0.9902681 0 0 0.9902681 -0.1391732 0 0 0 0 1 0 0 0 0 1 -0.1564344 -0.9876884 0 0 0.9876884 -0.1564344 0 0 0 0 1 0 0 0 0 1 -0.1736482 -0.9848077 0 0 0.9848077 -0.1736482 0 0 0 0 1 0 0 0 0 1 -0.190809 -0.9816272 0 0 0.9816272 -0.190809 0 0 0 0 1 0 0 0 0 1 -0.2079118 -0.9781476 0 0 0.9781476 -0.2079118 0 0 0 0 1 0 0 0 0 1 -0.2249511 -0.9743701 0 0 0.9743701 -0.2249511 0 0 0 0 1 0 0 0 0 1 -0.241922 -0.9702957 0 0 0.9702957 -0.241922 0 0 0 0 1 0 0 0 0 1 -0.2588192 -0.9659258 0 0 0.9659258 -0.2588192 0 0 0 0 1 0 0 0 0 1 -0.2756374 -0.9612617 0 0 0.9612617 -0.2756374 0 0 0 0 1 0 0 0 0 1 -0.2923717 -0.9563047 0 0 0.9563047 -0.2923717 0 0 0 0 1 0 0 0 0 1 -0.309017 -0.9510565 0 0 0.9510565 -0.309017 0 0 0 0 1 0 0 0 0 1 -0.3255681 -0.9455186 0 0 0.9455186 -0.3255681 0 0 0 0 1 0 0 0 0 1 -0.3420201 -0.9396926 0 0 0.9396926 -0.3420201 0 0 0 0 1 0 0 0 0 1 -0.3583681 -0.9335804 0 0 0.9335804 -0.3583681 0 0 0 0 1 0 0 0 0 1 -0.3746067 -0.9271838 0 0 0.9271838 -0.3746067 0 0 0 0 1 0 0 0 0 1 -0.3907312 -0.9205049 0 0 0.9205049 -0.3907312 0 0 0 0 1 0 0 0 0 1 -0.4067367 -0.9135454 0 0 0.9135454 -0.4067367 0 0 0 0 1 0 0 0 0 1 -0.4226183 -0.9063078 0 0 0.9063078 -0.4226183 0 0 0 0 1 0 0 0 0 1 -0.4383711 -0.8987941 0 0 0.8987941 -0.4383711 0 0 0 0 1 0 0 0 0 1 -0.4539906 -0.8910065 0 0 0.8910065 -0.4539906 0 0 0 0 1 0 0 0 0 1 -0.4694716 -0.8829476 0 0 0.8829476 -0.4694716 0 0 0 0 1 0 0 0 0 1 -0.4848098 -0.8746196 0 0 0.8746196 -0.4848098 0 0 0 0 1 0 0 0 0 1 -0.5000001 -0.8660254 0 0 0.8660254 -0.5000001 0 0 0 0 1 0 0 0 0 1 -0.515038 -0.8571673 0 0 0.8571673 -0.515038 0 0 0 0 1 0 0 0 0 1 -0.5299193 -0.848048 0 0 0.848048 -0.5299193 0 0 0 0 1 0 0 0 0 1 -0.5446391 -0.8386706 0 0 0.8386706 -0.5446391 0 0 0 0 1 0 0 0 0 1 -0.559193 -0.8290375 0 0 0.8290375 -0.559193 0 0 0 0 1 0 0 0 0 1 -0.5735765 -0.819152 0 0 0.819152 -0.5735765 0 0 0 0 1 0 0 0 0 1 -0.5877854 -0.8090169 0 0 0.8090169 -0.5877854 0 0 0 0 1 0 0 0 0 1 -0.6018151 -0.7986355 0 0 0.7986355 -0.6018151 0 0 0 0 1 0 0 0 0 1 -0.6156614 -0.7880108 0 0 0.7880108 -0.6156614 0 0 0 0 1 0 0 0 0 1 -0.6293205 -0.7771459 0 0 0.7771459 -0.6293205 0 0 0 0 1 0 0 0 0 1 -0.6427876 -0.7660444 0 0 0.7660444 -0.6427876 0 0 0 0 1 0 0 0 0 1 -0.656059 -0.7547096 0 0 0.7547096 -0.656059 0 0 0 0 1 0 0 0 0 1 -0.6691307 -0.7431448 0 0 0.7431448 -0.6691307 0 0 0 0 1 0 0 0 0 1 -0.6819985 -0.7313536 0 0 0.7313536 -0.6819985 0 0 0 0 1 0 0 0 0 1 -0.6946585 -0.7193397 0 0 0.7193397 -0.6946585 0 0 0 0 1 0 0 0 0 1 -0.7071068 -0.7071068 0 0 0.7071068 -0.7071068 0 0 0 0 1 0 0 0 0 1 -0.7193399 -0.6946583 0 0 0.6946583 -0.7193399 0 0 0 0 1 0 0 0 0 1 -0.7313538 -0.6819983 0 0 0.6819983 -0.7313538 0 0 0 0 1 0 0 0 0 1 -0.7431448 -0.6691306 0 0 0.6691306 -0.7431448 0 0 0 0 1 0 0 0 0 1 -0.7547097 -0.656059 0 0 0.656059 -0.7547097 0 0 0 0 1 0 0 0 0 1 -0.7660446 -0.6427875 0 0 0.6427875 -0.7660446 0 0 0 0 1 0 0 0 0 1 -0.777146 -0.6293203 0 0 0.6293203 -0.777146 0 0 0 0 1 0 0 0 0 1 -0.7880108 -0.6156614 0 0 0.6156614 -0.7880108 0 0 0 0 1 0 0 0 0 1 -0.7986356 -0.6018149 0 0 0.6018149 -0.7986356 0 0 0 0 1 0 0 0 0 1 -0.8090171 -0.5877852 0 0 0.5877852 -0.8090171 0 0 0 0 1 0 0 0 0 1 -0.8191521 -0.5735765 0 0 0.5735765 -0.8191521 0 0 0 0 1 0 0 0 0 1 -0.8290376 -0.5591928 0 0 0.5591928 -0.8290376 0 0 0 0 1 0 0 0 0 1 -0.8386707 -0.5446388 0 0 0.5446388 -0.8386707 0 0 0 0 1 0 0 0 0 1 -0.8480482 -0.5299191 0 0 0.5299191 -0.8480482 0 0 0 0 1 0 0 0 0 1 -0.8571673 -0.515038 0 0 0.515038 -0.8571673 0 0 0 0 1 0 0 0 0 1 -0.8660255 -0.4999998 0 0 0.4999998 -0.8660255 0 0 0 0 1 0 0 0 0 1 -0.8746198 -0.4848095 0 0 0.4848095 -0.8746198 0 0 0 0 1 0 0 0 0 1 -0.8829476 -0.4694716 0 0 0.4694716 -0.8829476 0 0 0 0 1 0 0 0 0 1 -0.8910066 -0.4539904 0 0 0.4539904 -0.8910066 0 0 0 0 1 0 0 0 0 1 -0.8987941 -0.4383711 0 0 0.4383711 -0.8987941 0 0 0 0 1 0 0 0 0 1 -0.9063078 -0.4226183 0 0 0.4226183 -0.9063078 0 0 0 0 1 0 0 0 0 1 -0.9135455 -0.4067366 0 0 0.4067366 -0.9135455 0 0 0 0 1 0 0 0 0 1 -0.9205049 -0.3907309 0 0 0.3907309 -0.9205049 0 0 0 0 1 0 0 0 0 1 -0.9271839 -0.3746065 0 0 0.3746065 -0.9271839 0 0 0 0 1 0 0 0 0 1 -0.9335805 -0.3583679 0 0 0.3583679 -0.9335805 0 0 0 0 1 0 0 0 0 1 -0.9396927 -0.34202 0 0 0.34202 -0.9396927 0 0 0 0 1 0 0 0 0 1 -0.9455186 -0.3255681 0 0 0.3255681 -0.9455186 0 0 0 0 1 0 0 0 0 1 -0.9510565 -0.309017 0 0 0.309017 -0.9510565 0 0 0 0 1 0 0 0 0 1 -0.9563047 -0.2923718 0 0 0.2923718 -0.9563047 0 0 0 0 1 0 0 0 0 1 -0.9612617 -0.2756374 0 0 0.2756374 -0.9612617 0 0 0 0 1 0 0 0 0 1 -0.9659259 -0.2588189 0 0 0.2588189 -0.9659259 0 0 0 0 1 0 0 0 0 1 -0.9702957 -0.2419219 0 0 0.2419219 -0.9702957 0 0 0 0 1 0 0 0 0 1 -0.9743701 -0.2249509 0 0 0.2249509 -0.9743701 0 0 0 0 1 0 0 0 0 1 -0.9781476 -0.2079116 0 0 0.2079116 -0.9781476 0 0 0 0 1 0 0 0 0 1 -0.9816272 -0.1908088 0 0 0.1908088 -0.9816272 0 0 0 0 1 0 0 0 0 1 -0.9848077 -0.1736483 0 0 0.1736483 -0.9848077 0 0 0 0 1 0 0 0 0 1 -0.9876884 -0.1564344 0 0 0.1564344 -0.9876884 0 0 0 0 1 0 0 0 0 1 -0.9902681 -0.1391732 0 0 0.1391732 -0.9902681 0 0 0 0 1 0 0 0 0 1 -0.9925461 -0.1218693 0 0 0.1218693 -0.9925461 0 0 0 0 1 0 0 0 0 1 -0.9945219 -0.1045283 0 0 0.1045283 -0.9945219 0 0 0 0 1 0 0 0 0 1 -0.9961947 -0.08715564 0 0 0.08715564 -0.9961947 0 0 0 0 1 0 0 0 0 1 -0.9975641 -0.06975623 0 0 0.06975623 -0.9975641 0 0 0 0 1 0 0 0 0 1 -0.9986295 -0.05233605 0 0 0.05233605 -0.9986295 0 0 0 0 1 0 0 0 0 1 -0.9993908 -0.03489945 0 0 0.03489945 -0.9993908 0 0 0 0 1 0 0 0 0 1 -0.9998477 -0.01745246 0 0 0.01745246 -0.9998477 0 0 0 0 1 0 0 0 0 1 -1 8.74228e-8 0 0 -8.74228e-8 -1 0 0 0 0 1 0 0 0 0 1 -0.9998477 0.01745263 0 0 -0.01745263 -0.9998477 0 0 0 0 1 0 0 0 0 1 -0.9993908 0.03489963 0 0 -0.03489963 -0.9993908 0 0 0 0 1 0 0 0 0 1 -0.9986295 0.05233622 0 0 -0.05233622 -0.9986295 0 0 0 0 1 0 0 0 0 1 -0.9975641 0.0697564 0 0 -0.0697564 -0.9975641 0 0 0 0 1 0 0 0 0 1 -0.9961947 0.08715581 0 0 -0.08715581 -0.9961947 0 0 0 0 1 0 0 0 0 1 -0.9945219 0.1045284 0 0 -0.1045284 -0.9945219 0 0 0 0 1 0 0 0 0 1 -0.9925461 0.1218695 0 0 -0.1218695 -0.9925461 0 0 0 0 1 0 0 0 0 1 -0.9902681 0.1391733 0 0 -0.1391733 -0.9902681 0 0 0 0 1 0 0 0 0 1 -0.9876883 0.1564346 0 0 -0.1564346 -0.9876883 0 0 0 0 1 0 0 0 0 1 -0.9848077 0.1736485 0 0 -0.1736485 -0.9848077 0 0 0 0 1 0 0 0 0 1 -0.9816272 0.190809 0 0 -0.190809 -0.9816272 0 0 0 0 1 0 0 0 0 1 -0.9781476 0.2079118 0 0 -0.2079118 -0.9781476 0 0 0 0 1 0 0 0 0 1 -0.9743701 0.224951 0 0 -0.224951 -0.9743701 0 0 0 0 1 0 0 0 0 1 -0.9702957 0.241922 0 0 -0.241922 -0.9702957 0 0 0 0 1 0 0 0 0 1 -0.9659258 0.2588193 0 0 -0.2588193 -0.9659258 0 0 0 0 1 0 0 0 0 1 -0.9612616 0.2756375 0 0 -0.2756375 -0.9612616 0 0 0 0 1 0 0 0 0 1 -0.9563047 0.292372 0 0 -0.292372 -0.9563047 0 0 0 0 1 0 0 0 0 1 -0.9510565 0.309017 0 0 -0.309017 -0.9510565 0 0 0 0 1 0 0 0 0 1 -0.9455186 0.3255683 0 0 -0.3255683 -0.9455186 0 0 0 0 1 0 0 0 0 1 -0.9396926 0.3420202 0 0 -0.3420202 -0.9396926 0 0 0 0 1 0 0 0 0 1 -0.9335804 0.3583681 0 0 -0.3583681 -0.9335804 0 0 0 0 1 0 0 0 0 1 -0.9271838 0.3746066 0 0 -0.3746066 -0.9271838 0 0 0 0 1 0 0 0 0 1 -0.9205047 0.3907313 0 0 -0.3907313 -0.9205047 0 0 0 0 1 0 0 0 0 1 -0.9135453 0.4067369 0 0 -0.4067369 -0.9135453 0 0 0 0 1 0 0 0 0 1 -0.9063078 0.4226183 0 0 -0.4226183 -0.9063078 0 0 0 0 1 0 0 0 0 1 -0.898794 0.4383713 0 0 -0.4383713 -0.898794 0 0 0 0 1 0 0 0 0 1 -0.8910065 0.4539905 0 0 -0.4539905 -0.8910065 0 0 0 0 1 0 0 0 0 1 -0.8829475 0.4694717 0 0 -0.4694717 -0.8829475 0 0 0 0 1 0 0 0 0 1 -0.8746197 0.4848097 0 0 -0.4848097 -0.8746197 0 0 0 0 1 0 0 0 0 1 -0.8660253 0.5000002 0 0 -0.5000002 -0.8660253 0 0 0 0 1 0 0 0 0 1 -0.8571671 0.5150384 0 0 -0.5150384 -0.8571671 0 0 0 0 1 0 0 0 0 1 -0.8480481 0.5299193 0 0 -0.5299193 -0.8480481 0 0 0 0 1 0 0 0 0 1 -0.8386706 0.544639 0 0 -0.544639 -0.8386706 0 0 0 0 1 0 0 0 0 1 -0.8290375 0.559193 0 0 -0.559193 -0.8290375 0 0 0 0 1 0 0 0 0 1 -0.8191519 0.5735766 0 0 -0.5735766 -0.8191519 0 0 0 0 1 0 0 0 0 1 -0.8090169 0.5877854 0 0 -0.5877854 -0.8090169 0 0 0 0 1 0 0 0 0 1 -0.7986354 0.6018152 0 0 -0.6018152 -0.7986354 0 0 0 0 1 0 0 0 0 1 -0.7880108 0.6156614 0 0 -0.6156614 -0.7880108 0 0 0 0 1 0 0 0 0 1 -0.7771459 0.6293204 0 0 -0.6293204 -0.7771459 0 0 0 0 1 0 0 0 0 1 -0.7660445 0.6427876 0 0 -0.6427876 -0.7660445 0 0 0 0 1 0 0 0 0 1 -0.7547095 0.6560591 0 0 -0.6560591 -0.7547095 0 0 0 0 1 0 0 0 0 1 -0.7431447 0.6691308 0 0 -0.6691308 -0.7431447 0 0 0 0 1 0 0 0 0 1 -0.7313536 0.6819984 0 0 -0.6819984 -0.7313536 0 0 0 0 1 0 0 0 0 1 -0.7193396 0.6946586 0 0 -0.6946586 -0.7193396 0 0 0 0 1 0 0 0 0 1 -0.7071068 0.7071067 0 0 -0.7071067 -0.7071068 0 0 0 0 1 0 0 0 0 1 -0.6946583 0.7193398 0 0 -0.7193398 -0.6946583 0 0 0 0 1 0 0 0 0 1 -0.6819984 0.7313537 0 0 -0.7313537 -0.6819984 0 0 0 0 1 0 0 0 0 1 -0.6691305 0.7431449 0 0 -0.7431449 -0.6691305 0 0 0 0 1 0 0 0 0 1 -0.6560588 0.7547097 0 0 -0.7547097 -0.6560588 0 0 0 0 1 0 0 0 0 1 -0.6427875 0.7660446 0 0 -0.7660446 -0.6427875 0 0 0 0 1 0 0 0 0 1 -0.6293203 0.777146 0 0 -0.777146 -0.6293203 0 0 0 0 1 0 0 0 0 1 -0.6156615 0.7880107 0 0 -0.7880107 -0.6156615 0 0 0 0 1 0 0 0 0 1 -0.6018152 0.7986354 0 0 -0.7986354 -0.6018152 0 0 0 0 1 0 0 0 0 1 -0.5877851 0.8090171 0 0 -0.8090171 -0.5877851 0 0 0 0 1 0 0 0 0 1 -0.5735763 0.8191521 0 0 -0.8191521 -0.5735763 0 0 0 0 1 0 0 0 0 1 -0.5591929 0.8290376 0 0 -0.8290376 -0.5591929 0 0 0 0 1 0 0 0 0 1 -0.5446387 0.8386708 0 0 -0.8386708 -0.5446387 0 0 0 0 1 0 0 0 0 1 -0.529919 0.8480483 0 0 -0.8480483 -0.529919 0 0 0 0 1 0 0 0 0 1 -0.5150383 0.8571672 0 0 -0.8571672 -0.5150383 0 0 0 0 1 0 0 0 0 1 -0.4999999 0.8660254 0 0 -0.8660254 -0.4999999 0 0 0 0 1 0 0 0 0 1 -0.4848096 0.8746197 0 0 -0.8746197 -0.4848096 0 0 0 0 1 0 0 0 0 1 -0.4694716 0.8829476 0 0 -0.8829476 -0.4694716 0 0 0 0 1 0 0 0 0 1 -0.4539902 0.8910066 0 0 -0.8910066 -0.4539902 0 0 0 0 1 0 0 0 0 1 -0.438371 0.8987941 0 0 -0.8987941 -0.438371 0 0 0 0 1 0 0 0 0 1 -0.4226182 0.9063078 0 0 -0.9063078 -0.4226182 0 0 0 0 1 0 0 0 0 1 -0.4067366 0.9135454 0 0 -0.9135454 -0.4067366 0 0 0 0 1 0 0 0 0 1 -0.3907312 0.9205048 0 0 -0.9205048 -0.3907312 0 0 0 0 1 0 0 0 0 1 -0.3746063 0.927184 0 0 -0.927184 -0.3746063 0 0 0 0 1 0 0 0 0 1 -0.3583678 0.9335805 0 0 -0.9335805 -0.3583678 0 0 0 0 1 0 0 0 0 1 -0.3420201 0.9396927 0 0 -0.9396927 -0.3420201 0 0 0 0 1 0 0 0 0 1 -0.3255682 0.9455186 0 0 -0.9455186 -0.3255682 0 0 0 0 1 0 0 0 0 1 -0.3090166 0.9510566 0 0 -0.9510566 -0.3090166 0 0 0 0 1 0 0 0 0 1 -0.2923719 0.9563047 0 0 -0.9563047 -0.2923719 0 0 0 0 1 0 0 0 0 1 -0.2756372 0.9612617 0 0 -0.9612617 -0.2756372 0 0 0 0 1 0 0 0 0 1 -0.258819 0.9659259 0 0 -0.9659259 -0.258819 0 0 0 0 1 0 0 0 0 1 -0.2419219 0.9702957 0 0 -0.9702957 -0.2419219 0 0 0 0 1 0 0 0 0 1 -0.2249507 0.9743701 0 0 -0.9743701 -0.2249507 0 0 0 0 1 0 0 0 0 1 -0.2079114 0.9781476 0 0 -0.9781476 -0.2079114 0 0 0 0 1 0 0 0 0 1 -0.1908088 0.9816272 0 0 -0.9816272 -0.1908088 0 0 0 0 1 0 0 0 0 1 -0.1736481 0.9848078 0 0 -0.9848078 -0.1736481 0 0 0 0 1 0 0 0 0 1 -0.1564345 0.9876883 0 0 -0.9876883 -0.1564345 0 0 0 0 1 0 0 0 0 1 -0.1391733 0.9902681 0 0 -0.9902681 -0.1391733 0 0 0 0 1 0 0 0 0 1 -0.1218691 0.9925462 0 0 -0.9925462 -0.1218691 0 0 0 0 1 0 0 0 0 1 -0.1045283 0.9945219 0 0 -0.9945219 -0.1045283 0 0 0 0 1 0 0 0 0 1 -0.08715571 0.9961947 0 0 -0.9961947 -0.08715571 0 0 0 0 1 0 0 0 0 1 -0.06975607 0.9975641 0 0 -0.9975641 -0.06975607 0 0 0 0 1 0 0 0 0 1 -0.05233612 0.9986295 0 0 -0.9986295 -0.05233612 0 0 0 0 1 0 0 0 0 1 -0.03489929 0.9993908 0 0 -0.9993908 -0.03489929 0 0 0 0 1 0 0 0 0 1 -0.0174523 0.9998477 0 0 -0.9998477 -0.0174523 0 0 0 0 1 0 0 0 0 1 1.19249e-8 1 0 0 -1 1.19249e-8 0 0 0 0 1 0 0 0 0 1 0.0174528 0.9998477 0 0 -0.9998477 0.0174528 0 0 0 0 1 0 0 0 0 1 0.03489979 0.9993908 0 0 -0.9993908 0.03489979 0 0 0 0 1 0 0 0 0 1 0.05233615 0.9986295 0 0 -0.9986295 0.05233615 0 0 0 0 1 0 0 0 0 1 0.06975657 0.997564 0 0 -0.997564 0.06975657 0 0 0 0 1 0 0 0 0 1 0.08715574 0.9961947 0 0 -0.9961947 0.08715574 0 0 0 0 1 0 0 0 0 1 0.1045284 0.9945219 0 0 -0.9945219 0.1045284 0 0 0 0 1 0 0 0 0 1 0.1218696 0.9925461 0 0 -0.9925461 0.1218696 0 0 0 0 1 0 0 0 0 1 0.1391733 0.9902681 0 0 -0.9902681 0.1391733 0 0 0 0 1 0 0 0 0 1 0.1564345 0.9876883 0 0 -0.9876883 0.1564345 0 0 0 0 1 0 0 0 0 1 0.1736486 0.9848077 0 0 -0.9848077 0.1736486 0 0 0 0 1 0 0 0 0 1 0.1908089 0.9816272 0 0 -0.9816272 0.1908089 0 0 0 0 1 0 0 0 0 1 0.2079119 0.9781476 0 0 -0.9781476 0.2079119 0 0 0 0 1 0 0 0 0 1 0.2249512 0.97437 0 0 -0.97437 0.2249512 0 0 0 0 1 0 0 0 0 1 0.2419219 0.9702957 0 0 -0.9702957 0.2419219 0 0 0 0 1 0 0 0 0 1 0.2588195 0.9659257 0 0 -0.9659257 0.2588195 0 0 0 0 1 0 0 0 0 1 0.2756377 0.9612616 0 0 -0.9612616 0.2756377 0 0 0 0 1 0 0 0 0 1 0.2923719 0.9563047 0 0 -0.9563047 0.2923719 0 0 0 0 1 0 0 0 0 1 0.3090171 0.9510565 0 0 -0.9510565 0.3090171 0 0 0 0 1 0 0 0 0 1 0.3255682 0.9455186 0 0 -0.9455186 0.3255682 0 0 0 0 1 0 0 0 0 1 0.3420201 0.9396926 0 0 -0.9396926 0.3420201 0 0 0 0 1 0 0 0 0 1 0.3583682 0.9335803 0 0 -0.9335803 0.3583682 0 0 0 0 1 0 0 0 0 1 0.3746068 0.9271837 0 0 -0.9271837 0.3746068 0 0 0 0 1 0 0 0 0 1 0.3907312 0.9205048 0 0 -0.9205048 0.3907312 0 0 0 0 1 0 0 0 0 1 0.4067371 0.9135453 0 0 -0.9135453 0.4067371 0 0 0 0 1 0 0 0 0 1 0.4226182 0.9063078 0 0 -0.9063078 0.4226182 0 0 0 0 1 0 0 0 0 1 0.4383714 0.8987939 0 0 -0.8987939 0.4383714 0 0 0 0 1 0 0 0 0 1 0.4539907 0.8910064 0 0 -0.8910064 0.4539907 0 0 0 0 1 0 0 0 0 1 0.4694717 0.8829476 0 0 -0.8829476 0.4694717 0 0 0 0 1 0 0 0 0 1 0.4848096 0.8746197 0 0 -0.8746197 0.4848096 0 0 0 0 1 0 0 0 0 1 0.5000004 0.8660252 0 0 -0.8660252 0.5000004 0 0 0 0 1 0 0 0 0 1 0.5150379 0.8571674 0 0 -0.8571674 0.5150379 0 0 0 0 1 0 0 0 0 1 0.5299194 0.848048 0 0 -0.848048 0.5299194 0 0 0 0 1 0 0 0 0 1 0.5446391 0.8386705 0 0 -0.8386705 0.5446391 0 0 0 0 1 0 0 0 0 1 0.5591929 0.8290376 0 0 -0.8290376 0.5591929 0 0 0 0 1 0 0 0 0 1 0.5735767 0.8191518 0 0 -0.8191518 0.5735767 0 0 0 0 1 0 0 0 0 1 0.5877855 0.8090168 0 0 -0.8090168 0.5877855 0 0 0 0 1 0 0 0 0 1 0.6018152 0.7986354 0 0 -0.7986354 0.6018152 0 0 0 0 1 0 0 0 0 1 0.6156615 0.7880107 0 0 -0.7880107 0.6156615 0 0 0 0 1 0 0 0 0 1 0.6293204 0.777146 0 0 -0.777146 0.6293204 0 0 0 0 1 0 0 0 0 1 0.6427875 0.7660445 0 0 -0.7660445 0.6427875 0 0 0 0 1 0 0 0 0 1 0.6560592 0.7547094 0 0 -0.7547094 0.6560592 0 0 0 0 1 0 0 0 0 1 0.6691307 0.7431448 0 0 -0.7431448 0.6691307 0 0 0 0 1 0 0 0 0 1 0.6819984 0.7313536 0 0 -0.7313536 0.6819984 0 0 0 0 1 0 0 0 0 1 0.6946587 0.7193395 0 0 -0.7193395 0.6946587 0 0 0 0 1 0 0 0 0 1 0.7071066 0.7071069 0 0 -0.7071069 0.7071066 0 0 0 0 1 0 0 0 0 1 0.71934 0.6946582 0 0 -0.6946582 0.71934 0 0 0 0 1 0 0 0 0 1 0.7313538 0.6819983 0 0 -0.6819983 0.7313538 0 0 0 0 1 0 0 0 0 1 0.7431449 0.6691306 0 0 -0.6691306 0.7431449 0 0 0 0 1 0 0 0 0 1 0.7547098 0.6560587 0 0 -0.6560587 0.7547098 0 0 0 0 1 0 0 0 0 1 0.7660446 0.6427874 0 0 -0.6427874 0.7660446 0 0 0 0 1 0 0 0 0 1 0.7771461 0.6293202 0 0 -0.6293202 0.7771461 0 0 0 0 1 0 0 0 0 1 0.7880108 0.6156614 0 0 -0.6156614 0.7880108 0 0 0 0 1 0 0 0 0 1 0.7986355 0.601815 0 0 -0.601815 0.7986355 0 0 0 0 1 0 0 0 0 1 0.8090169 0.5877853 0 0 -0.5877853 0.8090169 0 0 0 0 1 0 0 0 0 1 0.8191522 0.5735762 0 0 -0.5735762 0.8191522 0 0 0 0 1 0 0 0 0 1 0.8290374 0.5591931 0 0 -0.5591931 0.8290374 0 0 0 0 1 0 0 0 0 1 0.8386706 0.5446389 0 0 -0.5446389 0.8386706 0 0 0 0 1 0 0 0 0 1 0.8480481 0.5299193 0 0 -0.5299193 0.8480481 0 0 0 0 1 0 0 0 0 1 0.8571672 0.5150381 0 0 -0.5150381 0.8571672 0 0 0 0 1 0 0 0 0 1 0.8660256 0.4999998 0 0 -0.4999998 0.8660256 0 0 0 0 1 0 0 0 0 1 0.8746198 0.4848095 0 0 -0.4848095 0.8746198 0 0 0 0 1 0 0 0 0 1 0.8829476 0.4694715 0 0 -0.4694715 0.8829476 0 0 0 0 1 0 0 0 0 1 0.8910065 0.4539905 0 0 -0.4539905 0.8910065 0 0 0 0 1 0 0 0 0 1 0.8987942 0.4383708 0 0 -0.4383708 0.8987942 0 0 0 0 1 0 0 0 0 1 0.9063079 0.422618 0 0 -0.422618 0.9063079 0 0 0 0 1 0 0 0 0 1 0.9135455 0.4067365 0 0 -0.4067365 0.9135455 0 0 0 0 1 0 0 0 0 1 0.920505 0.3907306 0 0 -0.3907306 0.920505 0 0 0 0 1 0 0 0 0 1 0.927184 0.3746062 0 0 -0.3746062 0.927184 0 0 0 0 1 0 0 0 0 1 0.9335806 0.3583676 0 0 -0.3583676 0.9335806 0 0 0 0 1 0 0 0 0 1 0.9396926 0.3420204 0 0 -0.3420204 0.9396926 0 0 0 0 1 0 0 0 0 1 0.9455186 0.325568 0 0 -0.325568 0.9455186 0 0 0 0 1 0 0 0 0 1 0.9510565 0.3090169 0 0 -0.3090169 0.9510565 0 0 0 0 1 0 0 0 0 1 0.9563047 0.2923717 0 0 -0.2923717 0.9563047 0 0 0 0 1 0 0 0 0 1 0.9612616 0.2756375 0 0 -0.2756375 0.9612616 0 0 0 0 1 0 0 0 0 1 0.9659259 0.2588188 0 0 -0.2588188 0.9659259 0 0 0 0 1 0 0 0 0 1 0.9702958 0.2419218 0 0 -0.2419218 0.9702958 0 0 0 0 1 0 0 0 0 1 0.9743701 0.224951 0 0 -0.224951 0.9743701 0 0 0 0 1 0 0 0 0 1 0.9781477 0.2079113 0 0 -0.2079113 0.9781477 0 0 0 0 1 0 0 0 0 1 0.9816272 0.1908087 0 0 -0.1908087 0.9816272 0 0 0 0 1 0 0 0 0 1 0.9848078 0.173648 0 0 -0.173648 0.9848078 0 0 0 0 1 0 0 0 0 1 0.9876884 0.1564339 0 0 -0.1564339 0.9876884 0 0 0 0 1 0 0 0 0 1 0.9902681 0.1391726 0 0 -0.1391726 0.9902681 0 0 0 0 1 0 0 0 0 1 0.9925461 0.1218694 0 0 -0.1218694 0.9925461 0 0 0 0 1 0 0 0 0 1 0.9945219 0.1045287 0 0 -0.1045287 0.9945219 0 0 0 0 1 0 0 0 0 1 0.9961947 0.08715603 0 0 -0.08715603 0.9961947 0 0 0 0 1 0 0 0 0 1 0.9975641 0.06975638 0 0 -0.06975638 0.9975641 0 0 0 0 1 0 0 0 0 1 0.9986295 0.05233596 0 0 -0.05233596 0.9986295 0 0 0 0 1 0 0 0 0 1 0.9993908 0.0348996 0 0 -0.0348996 0.9993908 0 0 0 0 1 0 0 0 0 1 0.9998477 0.01745213 0 0 -0.01745213 0.9998477 0 0 0 0 1 0 0 0 0 1 1 -1.74846e-7 0 0 1.74846e-7 1 0 0 0 0 1 0 0 0 0 1</float_array>
          <technique_common>
            <accessor source="#_0250411_112040_D_12_5_k_7_Area1_str_outline_002_20250411_112040_D_12_5_k_7_Area1_str_outlineAction_144_transform-output-array" count="361" stride="16">
              <param name="TRANSFORM" type="float4x4"/>
            </accessor>
          </technique_common>
        </source>
        <source id="_0250411_112040_D_12_5_k_7_Area1_str_outline_002_20250411_112040_D_12_5_k_7_Area1_str_outlineAction_144_transform-interpolation">
          <Name_array id="_0250411_112040_D_12_5_k_7_Area1_str_outline_002_20250411_112040_D_12_5_k_7_Area1_str_outlineAction_144_transform-interpolation-array" count="361">LINEAR LINEAR LINEAR LINEAR LINEAR LINEAR LINEAR LINEAR LINEAR LINEAR LINEAR LINEAR LINEAR LINEAR LINEAR LINEAR LINEAR LINEAR LINEAR LINEAR LINEAR LINEAR LINEAR LINEAR LINEAR LINEAR LINEAR LINEAR LINEAR LINEAR LINEAR LINEAR LINEAR LINEAR LINEAR LINEAR LINEAR LINEAR LINEAR LINEAR LINEAR LINEAR LINEAR LINEAR LINEAR LINEAR LINEAR LINEAR LINEAR LINEAR LINEAR LINEAR LINEAR LINEAR LINEAR LINEAR LINEAR LINEAR LINEAR LINEAR LINEAR LINEAR LINEAR LINEAR LINEAR LINEAR LINEAR LINEAR LINEAR LINEAR LINEAR LINEAR LINEAR LINEAR LINEAR LINEAR LINEAR LINEAR LINEAR LINEAR LINEAR LINEAR LINEAR LINEAR LINEAR LINEAR LINEAR LINEAR LINEAR LINEAR LINEAR LINEAR LINEAR LINEAR LINEAR LINEAR LINEAR LINEAR LINEAR LINEAR LINEAR LINEAR LINEAR LINEAR LINEAR LINEAR LINEAR LINEAR LINEAR LINEAR LINEAR LINEAR LINEAR LINEAR LINEAR LINEAR LINEAR LINEAR LINEAR LINEAR LINEAR LINEAR LINEAR LINEAR LINEAR LINEAR LINEAR LINEAR LINEAR LINEAR LINEAR LINEAR LINEAR LINEAR LINEAR LINEAR LINEAR LINEAR LINEAR LINEAR LINEAR LINEAR LINEAR LINEAR LINEAR LINEAR LINEAR LINEAR LINEAR LINEAR LINEAR LINEAR LINEAR LINEAR LINEAR LINEAR LINEAR LINEAR LINEAR LINEAR LINEAR LINEAR LINEAR LINEAR LINEAR LINEAR LINEAR LINEAR LINEAR LINEAR LINEAR LINEAR LINEAR LINEAR LINEAR LINEAR LINEAR LINEAR LINEAR LINEAR LINEAR LINEAR LINEAR LINEAR LINEAR LINEAR LINEAR LINEAR LINEAR LINEAR LINEAR LINEAR LINEAR LINEAR LINEAR LINEAR LINEAR LINEAR LINEAR LINEAR LINEAR LINEAR LINEAR LINEAR LINEAR LINEAR LINEAR LINEAR LINEAR LINEAR LINEAR LINEAR LINEAR LINEAR LINEAR LINEAR LINEAR LINEAR LINEAR LINEAR LINEAR LINEAR LINEAR LINEAR LINEAR LINEAR LINEAR LINEAR LINEAR LINEAR LINEAR LINEAR LINEAR LINEAR LINEAR LINEAR LINEAR LINEAR LINEAR LINEAR LINEAR LINEAR LINEAR LINEAR LINEAR LINEAR LINEAR LINEAR LINEAR LINEAR LINEAR LINEAR LINEAR LINEAR LINEAR LINEAR LINEAR LINEAR LINEAR LINEAR LINEAR LINEAR LINEAR LINEAR LINEAR LINEAR LINEAR LINEAR LINEAR LINEAR LINEAR LINEAR LINEAR LINEAR LINEAR LINEAR LINEAR LINEAR LINEAR LINEAR LINEAR LINEAR LINEAR LINEAR LINEAR LINEAR LINEAR LINEAR LINEAR LINEAR LINEAR LINEAR LINEAR LINEAR LINEAR LINEAR LINEAR LINEAR LINEAR LINEAR LINEAR LINEAR LINEAR LINEAR LINEAR LINEAR LINEAR LINEAR LINEAR LINEAR LINEAR LINEAR LINEAR LINEAR LINEAR LINEAR LINEAR LINEAR LINEAR LINEAR LINEAR LINEAR LINEAR LINEAR LINEAR LINEAR LINEAR LINEAR LINEAR LINEAR LINEAR LINEAR LINEAR LINEAR LINEAR LINEAR LINEAR LINEAR LINEAR LINEAR LINEAR LINEAR LINEAR LINEAR LINEAR LINEAR LINEAR LINEAR LINEAR LINEAR LINEAR LINEAR LINEAR LINEAR LINEAR LINEAR LINEAR LINEAR LINEAR LINEAR LINEAR</Name_array>
          <technique_common>
            <accessor source="#_0250411_112040_D_12_5_k_7_Area1_str_outline_002_20250411_112040_D_12_5_k_7_Area1_str_outlineAction_144_transform-interpolation-array" count="361" stride="1">
              <param name="INTERPOLATION" type="name"/>
            </accessor>
          </technique_common>
        </source>
        <sampler id="_0250411_112040_D_12_5_k_7_Area1_str_outline_002_20250411_112040_D_12_5_k_7_Area1_str_outlineAction_144_transform-sampler">
          <input semantic="INPUT" source="#_0250411_112040_D_12_5_k_7_Area1_str_outline_002_20250411_112040_D_12_5_k_7_Area1_str_outlineAction_144_transform-input"/>
          <input semantic="OUTPUT" source="#_0250411_112040_D_12_5_k_7_Area1_str_outline_002_20250411_112040_D_12_5_k_7_Area1_str_outlineAction_144_transform-output"/>
          <input semantic="INTERPOLATION" source="#_0250411_112040_D_12_5_k_7_Area1_str_outline_002_20250411_112040_D_12_5_k_7_Area1_str_outlineAction_144_transform-interpolation"/>
        </sampler>
        <channel source="#_0250411_112040_D_12_5_k_7_Area1_str_outline_002_20250411_112040_D_12_5_k_7_Area1_str_outlineAction_144_transform-sampler" target="_0250411_112040_D_12_5_k_7_Area1_str_outline_002/transform"/>
      </animation>
    </animation>
    <animation id="action_container-_0250410_110052_D_12_5_k_7_Area6_str_003" name="20250410_110052_D=12.5_k=7_Area6_str.003">
      <animation id="_0250410_110052_D_12_5_k_7_Area6_str_003_20250410_110052_D_12_5_k_7_Area6_str_001Action_144_transform" name="20250410_110052_D=12.5_k=7_Area6_str.003">
        <source id="_0250410_110052_D_12_5_k_7_Area6_str_003_20250410_110052_D_12_5_k_7_Area6_str_001Action_144_transform-input">
          <float_array id="_0250410_110052_D_12_5_k_7_Area6_str_003_20250410_110052_D_12_5_k_7_Area6_str_001Action_144_transform-input-array" count="361">0 0.04166662 0.08333331 0.125 0.1666666 0.2083333 0.25 0.2916666 0.3333333 0.375 0.4166666 0.4583333 0.5 0.5416667 0.5833333 0.625 0.6666667 0.7083333 0.75 0.7916667 0.8333333 0.875 0.9166667 0.9583333 1 1.041667 1.083333 1.125 1.166667 1.208333 1.25 1.291667 1.333333 1.375 1.416667 1.458333 1.5 1.541667 1.583333 1.625 1.666667 1.708333 1.75 1.791667 1.833333 1.875 1.916667 1.958333 2 2.041667 2.083333 2.125 2.166667 2.208333 2.25 2.291667 2.333333 2.375 2.416667 2.458333 2.5 2.541667 2.583333 2.625 2.666667 2.708333 2.75 2.791667 2.833333 2.875 2.916667 2.958333 3 3.041667 3.083333 3.125 3.166667 3.208333 3.25 3.291667 3.333333 3.375 3.416667 3.458333 3.5 3.541667 3.583333 3.625 3.666667 3.708333 3.75 3.791667 3.833333 3.875 3.916667 3.958333 4 4.041666 4.083333 4.125 4.166666 4.208333 4.25 4.291666 4.333333 4.375 4.416666 4.458333 4.5 4.541666 4.583333 4.625 4.666666 4.708333 4.75 4.791666 4.833333 4.875 4.916666 4.958333 5 5.041666 5.083333 5.125 5.166666 5.208333 5.25 5.291666 5.333333 5.375 5.416666 5.458333 5.5 5.541666 5.583333 5.625 5.666666 5.708333 5.75 5.791666 5.833333 5.875 5.916666 5.958333 6 6.041666 6.083333 6.125 6.166666 6.208333 6.25 6.291666 6.333333 6.375 6.416666 6.458333 6.5 6.541666 6.583333 6.625 6.666666 6.708333 6.75 6.791666 6.833333 6.875 6.916666 6.958333 7 7.041666 7.083333 7.125 7.166666 7.208333 7.25 7.291666 7.333333 7.375 7.416666 7.458333 7.5 7.541666 7.583333 7.625 7.666666 7.708333 7.75 7.791666 7.833333 7.875 7.916666 7.958333 8 8.041667 8.083333 8.125 8.166667 8.208333 8.25 8.291667 8.333333 8.375 8.416667 8.458333 8.5 8.541667 8.583333 8.625 8.666667 8.708333 8.75 8.791667 8.833333 8.875 8.916667 8.958333 9 9.041667 9.083333 9.125 9.166667 9.208333 9.25 9.291667 9.333333 9.375 9.416667 9.458333 9.5 9.541667 9.583333 9.625 9.666667 9.708333 9.75 9.791667 9.833333 9.875 9.916667 9.958333 10 10.04167 10.08333 10.125 10.16667 10.20833 10.25 10.29167 10.33333 10.375 10.41667 10.45833 10.5 10.54167 10.58333 10.625 10.66667 10.70833 10.75 10.79167 10.83333 10.875 10.91667 10.95833 11 11.04167 11.08333 11.125 11.16667 11.20833 11.25 11.29167 11.33333 11.375 11.41667 11.45833 11.5 11.54167 11.58333 11.625 11.66667 11.70833 11.75 11.79167 11.83333 11.875 11.91667 11.95833 12 12.04167 12.08333 12.125 12.16667 12.20833 12.25 12.29167 12.33333 12.375 12.41667 12.45833 12.5 12.54167 12.58333 12.625 12.66667 12.70833 12.75 12.79167 12.83333 12.875 12.91667 12.95833 13 13.04167 13.08333 13.125 13.16667 13.20833 13.25 13.29167 13.33333 13.375 13.41667 13.45833 13.5 13.54167 13.58333 13.625 13.66667 13.70833 13.75 13.79167 13.83333 13.875 13.91667 13.95833 14 14.04167 14.08333 14.125 14.16667 14.20833 14.25 14.29167 14.33333 14.375 14.41667 14.45833 14.5 14.54167 14.58333 14.625 14.66667 14.70833 14.75 14.79167 14.83333 14.875 14.91667 14.95833 15</float_array>
          <technique_common>
            <accessor source="#_0250410_110052_D_12_5_k_7_Area6_str_003_20250410_110052_D_12_5_k_7_Area6_str_001Action_144_transform-input-array" count="361" stride="1">
              <param name="TIME" type="float"/>
            </accessor>
          </technique_common>
        </source>
        <source id="_0250410_110052_D_12_5_k_7_Area6_str_003_20250410_110052_D_12_5_k_7_Area6_str_001Action_144_transform-output">
          <float_array id="_0250410_110052_D_12_5_k_7_Area6_str_003_20250410_110052_D_12_5_k_7_Area6_str_001Action_144_transform-output-array" count="5776">1 0 0 0 0 1 0 0 0 0 1 0 0 0 0 1 0.9998477 -0.01745241 0 0 0.01745241 0.9998477 0 0 0 0 1 0 0 0 0 1 0.9993908 -0.0348995 0 0 0.0348995 0.9993908 0 0 0 0 1 0 0 0 0 1 0.9986295 -0.05233596 0 0 0.05233596 0.9986295 0 0 0 0 1 0 0 0 0 1 0.9975641 -0.06975647 0 0 0.06975647 0.9975641 0 0 0 0 1 0 0 0 0 1 0.9961947 -0.08715574 0 0 0.08715574 0.9961947 0 0 0 0 1 0 0 0 0 1 0.9945219 -0.1045285 0 0 0.1045285 0.9945219 0 0 0 0 1 0 0 0 0 1 0.9925461 -0.1218693 0 0 0.1218693 0.9925461 0 0 0 0 1 0 0 0 0 1 0.9902681 -0.1391731 0 0 0.1391731 0.9902681 0 0 0 0 1 0 0 0 0 1 0.9876884 -0.1564345 0 0 0.1564345 0.9876884 0 0 0 0 1 0 0 0 0 1 0.9848077 -0.1736482 0 0 0.1736482 0.9848077 0 0 0 0 1 0 0 0 0 1 0.9816272 -0.190809 0 0 0.190809 0.9816272 0 0 0 0 1 0 0 0 0 1 0.9781476 -0.2079117 0 0 0.2079117 0.9781476 0 0 0 0 1 0 0 0 0 1 0.9743701 -0.2249511 0 0 0.2249511 0.9743701 0 0 0 0 1 0 0 0 0 1 0.9702957 -0.2419219 0 0 0.2419219 0.9702957 0 0 0 0 1 0 0 0 0 1 0.9659258 -0.258819 0 0 0.258819 0.9659258 0 0 0 0 1 0 0 0 0 1 0.9612617 -0.2756374 0 0 0.2756374 0.9612617 0 0 0 0 1 0 0 0 0 1 0.9563047 -0.2923717 0 0 0.2923717 0.9563047 0 0 0 0 1 0 0 0 0 1 0.9510565 -0.309017 0 0 0.309017 0.9510565 0 0 0 0 1 0 0 0 0 1 0.9455186 -0.3255681 0 0 0.3255681 0.9455186 0 0 0 0 1 0 0 0 0 1 0.9396926 -0.3420202 0 0 0.3420202 0.9396926 0 0 0 0 1 0 0 0 0 1 0.9335804 -0.3583679 0 0 0.3583679 0.9335804 0 0 0 0 1 0 0 0 0 1 0.9271839 -0.3746066 0 0 0.3746066 0.9271839 0 0 0 0 1 0 0 0 0 1 0.9205049 -0.3907311 0 0 0.3907311 0.9205049 0 0 0 0 1 0 0 0 0 1 0.9135454 -0.4067366 0 0 0.4067366 0.9135454 0 0 0 0 1 0 0 0 0 1 0.9063078 -0.4226183 0 0 0.4226183 0.9063078 0 0 0 0 1 0 0 0 0 1 0.8987941 -0.4383712 0 0 0.4383712 0.8987941 0 0 0 0 1 0 0 0 0 1 0.8910065 -0.4539905 0 0 0.4539905 0.8910065 0 0 0 0 1 0 0 0 0 1 0.8829476 -0.4694716 0 0 0.4694716 0.8829476 0 0 0 0 1 0 0 0 0 1 0.8746197 -0.4848096 0 0 0.4848096 0.8746197 0 0 0 0 1 0 0 0 0 1 0.8660254 -0.5 0 0 0.5 0.8660254 0 0 0 0 1 0 0 0 0 1 0.8571673 -0.5150381 0 0 0.5150381 0.8571673 0 0 0 0 1 0 0 0 0 1 0.8480481 -0.5299193 0 0 0.5299193 0.8480481 0 0 0 0 1 0 0 0 0 1 0.8386706 -0.5446391 0 0 0.5446391 0.8386706 0 0 0 0 1 0 0 0 0 1 0.8290375 -0.559193 0 0 0.559193 0.8290375 0 0 0 0 1 0 0 0 0 1 0.819152 -0.5735765 0 0 0.5735765 0.819152 0 0 0 0 1 0 0 0 0 1 0.809017 -0.5877852 0 0 0.5877852 0.809017 0 0 0 0 1 0 0 0 0 1 0.7986355 -0.601815 0 0 0.601815 0.7986355 0 0 0 0 1 0 0 0 0 1 0.7880108 -0.6156615 0 0 0.6156615 0.7880108 0 0 0 0 1 0 0 0 0 1 0.7771459 -0.6293204 0 0 0.6293204 0.7771459 0 0 0 0 1 0 0 0 0 1 0.7660444 -0.6427876 0 0 0.6427876 0.7660444 0 0 0 0 1 0 0 0 0 1 0.7547096 -0.656059 0 0 0.656059 0.7547096 0 0 0 0 1 0 0 0 0 1 0.7431448 -0.6691306 0 0 0.6691306 0.7431448 0 0 0 0 1 0 0 0 0 1 0.7313537 -0.6819984 0 0 0.6819984 0.7313537 0 0 0 0 1 0 0 0 0 1 0.7193397 -0.6946584 0 0 0.6946584 0.7193397 0 0 0 0 1 0 0 0 0 1 0.7071068 -0.7071068 0 0 0.7071068 0.7071068 0 0 0 0 1 0 0 0 0 1 0.6946584 -0.7193398 0 0 0.7193398 0.6946584 0 0 0 0 1 0 0 0 0 1 0.6819983 -0.7313538 0 0 0.7313538 0.6819983 0 0 0 0 1 0 0 0 0 1 0.6691306 -0.7431449 0 0 0.7431449 0.6691306 0 0 0 0 1 0 0 0 0 1 0.656059 -0.7547096 0 0 0.7547096 0.656059 0 0 0 0 1 0 0 0 0 1 0.6427876 -0.7660444 0 0 0.7660444 0.6427876 0 0 0 0 1 0 0 0 0 1 0.6293203 -0.777146 0 0 0.777146 0.6293203 0 0 0 0 1 0 0 0 0 1 0.6156614 -0.7880108 0 0 0.7880108 0.6156614 0 0 0 0 1 0 0 0 0 1 0.601815 -0.7986355 0 0 0.7986355 0.601815 0 0 0 0 1 0 0 0 0 1 0.5877852 -0.809017 0 0 0.809017 0.5877852 0 0 0 0 1 0 0 0 0 1 0.5735765 -0.8191521 0 0 0.8191521 0.5735765 0 0 0 0 1 0 0 0 0 1 0.5591928 -0.8290376 0 0 0.8290376 0.5591928 0 0 0 0 1 0 0 0 0 1 0.544639 -0.8386706 0 0 0.8386706 0.544639 0 0 0 0 1 0 0 0 0 1 0.5299193 -0.8480481 0 0 0.8480481 0.5299193 0 0 0 0 1 0 0 0 0 1 0.5150381 -0.8571673 0 0 0.8571673 0.5150381 0 0 0 0 1 0 0 0 0 1 0.5 -0.8660254 0 0 0.8660254 0.5 0 0 0 0 1 0 0 0 0 1 0.4848096 -0.8746197 0 0 0.8746197 0.4848096 0 0 0 0 1 0 0 0 0 1 0.4694715 -0.8829476 0 0 0.8829476 0.4694715 0 0 0 0 1 0 0 0 0 1 0.4539904 -0.8910066 0 0 0.8910066 0.4539904 0 0 0 0 1 0 0 0 0 1 0.4383712 -0.8987941 0 0 0.8987941 0.4383712 0 0 0 0 1 0 0 0 0 1 0.4226182 -0.9063078 0 0 0.9063078 0.4226182 0 0 0 0 1 0 0 0 0 1 0.4067366 -0.9135455 0 0 0.9135455 0.4067366 0 0 0 0 1 0 0 0 0 1 0.3907311 -0.9205049 0 0 0.9205049 0.3907311 0 0 0 0 1 0 0 0 0 1 0.3746065 -0.9271839 0 0 0.9271839 0.3746065 0 0 0 0 1 0 0 0 0 1 0.358368 -0.9335804 0 0 0.9335804 0.358368 0 0 0 0 1 0 0 0 0 1 0.34202 -0.9396927 0 0 0.9396927 0.34202 0 0 0 0 1 0 0 0 0 1 0.3255681 -0.9455186 0 0 0.9455186 0.3255681 0 0 0 0 1 0 0 0 0 1 0.309017 -0.9510565 0 0 0.9510565 0.309017 0 0 0 0 1 0 0 0 0 1 0.2923717 -0.9563048 0 0 0.9563048 0.2923717 0 0 0 0 1 0 0 0 0 1 0.2756373 -0.9612617 0 0 0.9612617 0.2756373 0 0 0 0 1 0 0 0 0 1 0.258819 -0.9659259 0 0 0.9659259 0.258819 0 0 0 0 1 0 0 0 0 1 0.2419219 -0.9702957 0 0 0.9702957 0.2419219 0 0 0 0 1 0 0 0 0 1 0.224951 -0.9743701 0 0 0.9743701 0.224951 0 0 0 0 1 0 0 0 0 1 0.2079117 -0.9781476 0 0 0.9781476 0.2079117 0 0 0 0 1 0 0 0 0 1 0.1908089 -0.9816272 0 0 0.9816272 0.1908089 0 0 0 0 1 0 0 0 0 1 0.1736481 -0.9848078 0 0 0.9848078 0.1736481 0 0 0 0 1 0 0 0 0 1 0.1564345 -0.9876884 0 0 0.9876884 0.1564345 0 0 0 0 1 0 0 0 0 1 0.1391731 -0.9902681 0 0 0.9902681 0.1391731 0 0 0 0 1 0 0 0 0 1 0.1218693 -0.9925461 0 0 0.9925461 0.1218693 0 0 0 0 1 0 0 0 0 1 0.1045284 -0.9945219 0 0 0.9945219 0.1045284 0 0 0 0 1 0 0 0 0 1 0.0871558 -0.9961947 0 0 0.9961947 0.0871558 0 0 0 0 1 0 0 0 0 1 0.06975651 -0.9975641 0 0 0.9975641 0.06975651 0 0 0 0 1 0 0 0 0 1 0.05233585 -0.9986295 0 0 0.9986295 0.05233585 0 0 0 0 1 0 0 0 0 1 0.03489938 -0.9993908 0 0 0.9993908 0.03489938 0 0 0 0 1 0 0 0 0 1 0.01745238 -0.9998477 0 0 0.9998477 0.01745238 0 0 0 0 1 0 0 0 0 1 -4.37114e-8 -1 0 0 1 -4.37114e-8 0 0 0 0 1 0 0 0 0 1 -0.01745247 -0.9998477 0 0 0.9998477 -0.01745247 0 0 0 0 1 0 0 0 0 1 -0.03489946 -0.9993908 0 0 0.9993908 -0.03489946 0 0 0 0 1 0 0 0 0 1 -0.05233594 -0.9986295 0 0 0.9986295 -0.05233594 0 0 0 0 1 0 0 0 0 1 -0.0697566 -0.997564 0 0 0.997564 -0.0697566 0 0 0 0 1 0 0 0 0 1 -0.08715589 -0.9961947 0 0 0.9961947 -0.08715589 0 0 0 0 1 0 0 0 0 1 -0.1045285 -0.9945219 0 0 0.9945219 -0.1045285 0 0 0 0 1 0 0 0 0 1 -0.1218694 -0.9925461 0 0 0.9925461 -0.1218694 0 0 0 0 1 0 0 0 0 1 -0.1391732 -0.9902681 0 0 0.9902681 -0.1391732 0 0 0 0 1 0 0 0 0 1 -0.1564344 -0.9876884 0 0 0.9876884 -0.1564344 0 0 0 0 1 0 0 0 0 1 -0.1736482 -0.9848077 0 0 0.9848077 -0.1736482 0 0 0 0 1 0 0 0 0 1 -0.190809 -0.9816272 0 0 0.9816272 -0.190809 0 0 0 0 1 0 0 0 0 1 -0.2079118 -0.9781476 0 0 0.9781476 -0.2079118 0 0 0 0 1 0 0 0 0 1 -0.2249511 -0.9743701 0 0 0.9743701 -0.2249511 0 0 0 0 1 0 0 0 0 1 -0.241922 -0.9702957 0 0 0.9702957 -0.241922 0 0 0 0 1 0 0 0 0 1 -0.2588192 -0.9659258 0 0 0.9659258 -0.2588192 0 0 0 0 1 0 0 0 0 1 -0.2756374 -0.9612617 0 0 0.9612617 -0.2756374 0 0 0 0 1 0 0 0 0 1 -0.2923717 -0.9563047 0 0 0.9563047 -0.2923717 0 0 0 0 1 0 0 0 0 1 -0.309017 -0.9510565 0 0 0.9510565 -0.309017 0 0 0 0 1 0 0 0 0 1 -0.3255681 -0.9455186 0 0 0.9455186 -0.3255681 0 0 0 0 1 0 0 0 0 1 -0.3420201 -0.9396926 0 0 0.9396926 -0.3420201 0 0 0 0 1 0 0 0 0 1 -0.3583681 -0.9335804 0 0 0.9335804 -0.3583681 0 0 0 0 1 0 0 0 0 1 -0.3746067 -0.9271838 0 0 0.9271838 -0.3746067 0 0 0 0 1 0 0 0 0 1 -0.3907312 -0.9205049 0 0 0.9205049 -0.3907312 0 0 0 0 1 0 0 0 0 1 -0.4067367 -0.9135454 0 0 0.9135454 -0.4067367 0 0 0 0 1 0 0 0 0 1 -0.4226183 -0.9063078 0 0 0.9063078 -0.4226183 0 0 0 0 1 0 0 0 0 1 -0.4383711 -0.8987941 0 0 0.8987941 -0.4383711 0 0 0 0 1 0 0 0 0 1 -0.4539906 -0.8910065 0 0 0.8910065 -0.4539906 0 0 0 0 1 0 0 0 0 1 -0.4694716 -0.8829476 0 0 0.8829476 -0.4694716 0 0 0 0 1 0 0 0 0 1 -0.4848098 -0.8746196 0 0 0.8746196 -0.4848098 0 0 0 0 1 0 0 0 0 1 -0.5000001 -0.8660254 0 0 0.8660254 -0.5000001 0 0 0 0 1 0 0 0 0 1 -0.515038 -0.8571673 0 0 0.8571673 -0.515038 0 0 0 0 1 0 0 0 0 1 -0.5299193 -0.848048 0 0 0.848048 -0.5299193 0 0 0 0 1 0 0 0 0 1 -0.5446391 -0.8386706 0 0 0.8386706 -0.5446391 0 0 0 0 1 0 0 0 0 1 -0.559193 -0.8290375 0 0 0.8290375 -0.559193 0 0 0 0 1 0 0 0 0 1 -0.5735765 -0.819152 0 0 0.819152 -0.5735765 0 0 0 0 1 0 0 0 0 1 -0.5877854 -0.8090169 0 0 0.8090169 -0.5877854 0 0 0 0 1 0 0 0 0 1 -0.6018151 -0.7986355 0 0 0.7986355 -0.6018151 0 0 0 0 1 0 0 0 0 1 -0.6156614 -0.7880108 0 0 0.7880108 -0.6156614 0 0 0 0 1 0 0 0 0 1 -0.6293205 -0.7771459 0 0 0.7771459 -0.6293205 0 0 0 0 1 0 0 0 0 1 -0.6427876 -0.7660444 0 0 0.7660444 -0.6427876 0 0 0 0 1 0 0 0 0 1 -0.656059 -0.7547096 0 0 0.7547096 -0.656059 0 0 0 0 1 0 0 0 0 1 -0.6691307 -0.7431448 0 0 0.7431448 -0.6691307 0 0 0 0 1 0 0 0 0 1 -0.6819985 -0.7313536 0 0 0.7313536 -0.6819985 0 0 0 0 1 0 0 0 0 1 -0.6946585 -0.7193397 0 0 0.7193397 -0.6946585 0 0 0 0 1 0 0 0 0 1 -0.7071068 -0.7071068 0 0 0.7071068 -0.7071068 0 0 0 0 1 0 0 0 0 1 -0.7193399 -0.6946583 0 0 0.6946583 -0.7193399 0 0 0 0 1 0 0 0 0 1 -0.7313538 -0.6819983 0 0 0.6819983 -0.7313538 0 0 0 0 1 0 0 0 0 1 -0.7431448 -0.6691306 0 0 0.6691306 -0.7431448 0 0 0 0 1 0 0 0 0 1 -0.7547097 -0.656059 0 0 0.656059 -0.7547097 0 0 0 0 1 0 0 0 0 1 -0.7660446 -0.6427875 0 0 0.6427875 -0.7660446 0 0 0 0 1 0 0 0 0 1 -0.777146 -0.6293203 0 0 0.6293203 -0.777146 0 0 0 0 1 0 0 0 0 1 -0.7880108 -0.6156614 0 0 0.6156614 -0.7880108 0 0 0 0 1 0 0 0 0 1 -0.7986356 -0.6018149 0 0 0.6018149 -0.7986356 0 0 0 0 1 0 0 0 0 1 -0.8090171 -0.5877852 0 0 0.5877852 -0.8090171 0 0 0 0 1 0 0 0 0 1 -0.8191521 -0.5735765 0 0 0.5735765 -0.8191521 0 0 0 0 1 0 0 0 0 1 -0.8290376 -0.5591928 0 0 0.5591928 -0.8290376 0 0 0 0 1 0 0 0 0 1 -0.8386707 -0.5446388 0 0 0.5446388 -0.8386707 0 0 0 0 1 0 0 0 0 1 -0.8480482 -0.5299191 0 0 0.5299191 -0.8480482 0 0 0 0 1 0 0 0 0 1 -0.8571673 -0.515038 0 0 0.515038 -0.8571673 0 0 0 0 1 0 0 0 0 1 -0.8660255 -0.4999998 0 0 0.4999998 -0.8660255 0 0 0 0 1 0 0 0 0 1 -0.8746198 -0.4848095 0 0 0.4848095 -0.8746198 0 0 0 0 1 0 0 0 0 1 -0.8829476 -0.4694716 0 0 0.4694716 -0.8829476 0 0 0 0 1 0 0 0 0 1 -0.8910066 -0.4539904 0 0 0.4539904 -0.8910066 0 0 0 0 1 0 0 0 0 1 -0.8987941 -0.4383711 0 0 0.4383711 -0.8987941 0 0 0 0 1 0 0 0 0 1 -0.9063078 -0.4226183 0 0 0.4226183 -0.9063078 0 0 0 0 1 0 0 0 0 1 -0.9135455 -0.4067366 0 0 0.4067366 -0.9135455 0 0 0 0 1 0 0 0 0 1 -0.9205049 -0.3907309 0 0 0.3907309 -0.9205049 0 0 0 0 1 0 0 0 0 1 -0.9271839 -0.3746065 0 0 0.3746065 -0.9271839 0 0 0 0 1 0 0 0 0 1 -0.9335805 -0.3583679 0 0 0.3583679 -0.9335805 0 0 0 0 1 0 0 0 0 1 -0.9396927 -0.34202 0 0 0.34202 -0.9396927 0 0 0 0 1 0 0 0 0 1 -0.9455186 -0.3255681 0 0 0.3255681 -0.9455186 0 0 0 0 1 0 0 0 0 1 -0.9510565 -0.309017 0 0 0.309017 -0.9510565 0 0 0 0 1 0 0 0 0 1 -0.9563047 -0.2923718 0 0 0.2923718 -0.9563047 0 0 0 0 1 0 0 0 0 1 -0.9612617 -0.2756374 0 0 0.2756374 -0.9612617 0 0 0 0 1 0 0 0 0 1 -0.9659259 -0.2588189 0 0 0.2588189 -0.9659259 0 0 0 0 1 0 0 0 0 1 -0.9702957 -0.2419219 0 0 0.2419219 -0.9702957 0 0 0 0 1 0 0 0 0 1 -0.9743701 -0.2249509 0 0 0.2249509 -0.9743701 0 0 0 0 1 0 0 0 0 1 -0.9781476 -0.2079116 0 0 0.2079116 -0.9781476 0 0 0 0 1 0 0 0 0 1 -0.9816272 -0.1908088 0 0 0.1908088 -0.9816272 0 0 0 0 1 0 0 0 0 1 -0.9848077 -0.1736483 0 0 0.1736483 -0.9848077 0 0 0 0 1 0 0 0 0 1 -0.9876884 -0.1564344 0 0 0.1564344 -0.9876884 0 0 0 0 1 0 0 0 0 1 -0.9902681 -0.1391732 0 0 0.1391732 -0.9902681 0 0 0 0 1 0 0 0 0 1 -0.9925461 -0.1218693 0 0 0.1218693 -0.9925461 0 0 0 0 1 0 0 0 0 1 -0.9945219 -0.1045283 0 0 0.1045283 -0.9945219 0 0 0 0 1 0 0 0 0 1 -0.9961947 -0.08715564 0 0 0.08715564 -0.9961947 0 0 0 0 1 0 0 0 0 1 -0.9975641 -0.06975623 0 0 0.06975623 -0.9975641 0 0 0 0 1 0 0 0 0 1 -0.9986295 -0.05233605 0 0 0.05233605 -0.9986295 0 0 0 0 1 0 0 0 0 1 -0.9993908 -0.03489945 0 0 0.03489945 -0.9993908 0 0 0 0 1 0 0 0 0 1 -0.9998477 -0.01745246 0 0 0.01745246 -0.9998477 0 0 0 0 1 0 0 0 0 1 -1 8.74228e-8 0 0 -8.74228e-8 -1 0 0 0 0 1 0 0 0 0 1 -0.9998477 0.01745263 0 0 -0.01745263 -0.9998477 0 0 0 0 1 0 0 0 0 1 -0.9993908 0.03489963 0 0 -0.03489963 -0.9993908 0 0 0 0 1 0 0 0 0 1 -0.9986295 0.05233622 0 0 -0.05233622 -0.9986295 0 0 0 0 1 0 0 0 0 1 -0.9975641 0.0697564 0 0 -0.0697564 -0.9975641 0 0 0 0 1 0 0 0 0 1 -0.9961947 0.08715581 0 0 -0.08715581 -0.9961947 0 0 0 0 1 0 0 0 0 1 -0.9945219 0.1045284 0 0 -0.1045284 -0.9945219 0 0 0 0 1 0 0 0 0 1 -0.9925461 0.1218695 0 0 -0.1218695 -0.9925461 0 0 0 0 1 0 0 0 0 1 -0.9902681 0.1391733 0 0 -0.1391733 -0.9902681 0 0 0 0 1 0 0 0 0 1 -0.9876883 0.1564346 0 0 -0.1564346 -0.9876883 0 0 0 0 1 0 0 0 0 1 -0.9848077 0.1736485 0 0 -0.1736485 -0.9848077 0 0 0 0 1 0 0 0 0 1 -0.9816272 0.190809 0 0 -0.190809 -0.9816272 0 0 0 0 1 0 0 0 0 1 -0.9781476 0.2079118 0 0 -0.2079118 -0.9781476 0 0 0 0 1 0 0 0 0 1 -0.9743701 0.224951 0 0 -0.224951 -0.9743701 0 0 0 0 1 0 0 0 0 1 -0.9702957 0.241922 0 0 -0.241922 -0.9702957 0 0 0 0 1 0 0 0 0 1 -0.9659258 0.2588193 0 0 -0.2588193 -0.9659258 0 0 0 0 1 0 0 0 0 1 -0.9612616 0.2756375 0 0 -0.2756375 -0.9612616 0 0 0 0 1 0 0 0 0 1 -0.9563047 0.292372 0 0 -0.292372 -0.9563047 0 0 0 0 1 0 0 0 0 1 -0.9510565 0.309017 0 0 -0.309017 -0.9510565 0 0 0 0 1 0 0 0 0 1 -0.9455186 0.3255683 0 0 -0.3255683 -0.9455186 0 0 0 0 1 0 0 0 0 1 -0.9396926 0.3420202 0 0 -0.3420202 -0.9396926 0 0 0 0 1 0 0 0 0 1 -0.9335804 0.3583681 0 0 -0.3583681 -0.9335804 0 0 0 0 1 0 0 0 0 1 -0.9271838 0.3746066 0 0 -0.3746066 -0.9271838 0 0 0 0 1 0 0 0 0 1 -0.9205047 0.3907313 0 0 -0.3907313 -0.9205047 0 0 0 0 1 0 0 0 0 1 -0.9135453 0.4067369 0 0 -0.4067369 -0.9135453 0 0 0 0 1 0 0 0 0 1 -0.9063078 0.4226183 0 0 -0.4226183 -0.9063078 0 0 0 0 1 0 0 0 0 1 -0.898794 0.4383713 0 0 -0.4383713 -0.898794 0 0 0 0 1 0 0 0 0 1 -0.8910065 0.4539905 0 0 -0.4539905 -0.8910065 0 0 0 0 1 0 0 0 0 1 -0.8829475 0.4694717 0 0 -0.4694717 -0.8829475 0 0 0 0 1 0 0 0 0 1 -0.8746197 0.4848097 0 0 -0.4848097 -0.8746197 0 0 0 0 1 0 0 0 0 1 -0.8660253 0.5000002 0 0 -0.5000002 -0.8660253 0 0 0 0 1 0 0 0 0 1 -0.8571671 0.5150384 0 0 -0.5150384 -0.8571671 0 0 0 0 1 0 0 0 0 1 -0.8480481 0.5299193 0 0 -0.5299193 -0.8480481 0 0 0 0 1 0 0 0 0 1 -0.8386706 0.544639 0 0 -0.544639 -0.8386706 0 0 0 0 1 0 0 0 0 1 -0.8290375 0.559193 0 0 -0.559193 -0.8290375 0 0 0 0 1 0 0 0 0 1 -0.8191519 0.5735766 0 0 -0.5735766 -0.8191519 0 0 0 0 1 0 0 0 0 1 -0.8090169 0.5877854 0 0 -0.5877854 -0.8090169 0 0 0 0 1 0 0 0 0 1 -0.7986354 0.6018152 0 0 -0.6018152 -0.7986354 0 0 0 0 1 0 0 0 0 1 -0.7880108 0.6156614 0 0 -0.6156614 -0.7880108 0 0 0 0 1 0 0 0 0 1 -0.7771459 0.6293204 0 0 -0.6293204 -0.7771459 0 0 0 0 1 0 0 0 0 1 -0.7660445 0.6427876 0 0 -0.6427876 -0.7660445 0 0 0 0 1 0 0 0 0 1 -0.7547095 0.6560591 0 0 -0.6560591 -0.7547095 0 0 0 0 1 0 0 0 0 1 -0.7431447 0.6691308 0 0 -0.6691308 -0.7431447 0 0 0 0 1 0 0 0 0 1 -0.7313536 0.6819984 0 0 -0.6819984 -0.7313536 0 0 0 0 1 0 0 0 0 1 -0.7193396 0.6946586 0 0 -0.6946586 -0.7193396 0 0 0 0 1 0 0 0 0 1 -0.7071068 0.7071067 0 0 -0.7071067 -0.7071068 0 0 0 0 1 0 0 0 0 1 -0.6946583 0.7193398 0 0 -0.7193398 -0.6946583 0 0 0 0 1 0 0 0 0 1 -0.6819984 0.7313537 0 0 -0.7313537 -0.6819984 0 0 0 0 1 0 0 0 0 1 -0.6691305 0.7431449 0 0 -0.7431449 -0.6691305 0 0 0 0 1 0 0 0 0 1 -0.6560588 0.7547097 0 0 -0.7547097 -0.6560588 0 0 0 0 1 0 0 0 0 1 -0.6427875 0.7660446 0 0 -0.7660446 -0.6427875 0 0 0 0 1 0 0 0 0 1 -0.6293203 0.777146 0 0 -0.777146 -0.6293203 0 0 0 0 1 0 0 0 0 1 -0.6156615 0.7880107 0 0 -0.7880107 -0.6156615 0 0 0 0 1 0 0 0 0 1 -0.6018152 0.7986354 0 0 -0.7986354 -0.6018152 0 0 0 0 1 0 0 0 0 1 -0.5877851 0.8090171 0 0 -0.8090171 -0.5877851 0 0 0 0 1 0 0 0 0 1 -0.5735763 0.8191521 0 0 -0.8191521 -0.5735763 0 0 0 0 1 0 0 0 0 1 -0.5591929 0.8290376 0 0 -0.8290376 -0.5591929 0 0 0 0 1 0 0 0 0 1 -0.5446387 0.8386708 0 0 -0.8386708 -0.5446387 0 0 0 0 1 0 0 0 0 1 -0.529919 0.8480483 0 0 -0.8480483 -0.529919 0 0 0 0 1 0 0 0 0 1 -0.5150383 0.8571672 0 0 -0.8571672 -0.5150383 0 0 0 0 1 0 0 0 0 1 -0.4999999 0.8660254 0 0 -0.8660254 -0.4999999 0 0 0 0 1 0 0 0 0 1 -0.4848096 0.8746197 0 0 -0.8746197 -0.4848096 0 0 0 0 1 0 0 0 0 1 -0.4694716 0.8829476 0 0 -0.8829476 -0.4694716 0 0 0 0 1 0 0 0 0 1 -0.4539902 0.8910066 0 0 -0.8910066 -0.4539902 0 0 0 0 1 0 0 0 0 1 -0.438371 0.8987941 0 0 -0.8987941 -0.438371 0 0 0 0 1 0 0 0 0 1 -0.4226182 0.9063078 0 0 -0.9063078 -0.4226182 0 0 0 0 1 0 0 0 0 1 -0.4067366 0.9135454 0 0 -0.9135454 -0.4067366 0 0 0 0 1 0 0 0 0 1 -0.3907312 0.9205048 0 0 -0.9205048 -0.3907312 0 0 0 0 1 0 0 0 0 1 -0.3746063 0.927184 0 0 -0.927184 -0.3746063 0 0 0 0 1 0 0 0 0 1 -0.3583678 0.9335805 0 0 -0.9335805 -0.3583678 0 0 0 0 1 0 0 0 0 1 -0.3420201 0.9396927 0 0 -0.9396927 -0.3420201 0 0 0 0 1 0 0 0 0 1 -0.3255682 0.9455186 0 0 -0.9455186 -0.3255682 0 0 0 0 1 0 0 0 0 1 -0.3090166 0.9510566 0 0 -0.9510566 -0.3090166 0 0 0 0 1 0 0 0 0 1 -0.2923719 0.9563047 0 0 -0.9563047 -0.2923719 0 0 0 0 1 0 0 0 0 1 -0.2756372 0.9612617 0 0 -0.9612617 -0.2756372 0 0 0 0 1 0 0 0 0 1 -0.258819 0.9659259 0 0 -0.9659259 -0.258819 0 0 0 0 1 0 0 0 0 1 -0.2419219 0.9702957 0 0 -0.9702957 -0.2419219 0 0 0 0 1 0 0 0 0 1 -0.2249507 0.9743701 0 0 -0.9743701 -0.2249507 0 0 0 0 1 0 0 0 0 1 -0.2079114 0.9781476 0 0 -0.9781476 -0.2079114 0 0 0 0 1 0 0 0 0 1 -0.1908088 0.9816272 0 0 -0.9816272 -0.1908088 0 0 0 0 1 0 0 0 0 1 -0.1736481 0.9848078 0 0 -0.9848078 -0.1736481 0 0 0 0 1 0 0 0 0 1 -0.1564345 0.9876883 0 0 -0.9876883 -0.1564345 0 0 0 0 1 0 0 0 0 1 -0.1391733 0.9902681 0 0 -0.9902681 -0.1391733 0 0 0 0 1 0 0 0 0 1 -0.1218691 0.9925462 0 0 -0.9925462 -0.1218691 0 0 0 0 1 0 0 0 0 1 -0.1045283 0.9945219 0 0 -0.9945219 -0.1045283 0 0 0 0 1 0 0 0 0 1 -0.08715571 0.9961947 0 0 -0.9961947 -0.08715571 0 0 0 0 1 0 0 0 0 1 -0.06975607 0.9975641 0 0 -0.9975641 -0.06975607 0 0 0 0 1 0 0 0 0 1 -0.05233612 0.9986295 0 0 -0.9986295 -0.05233612 0 0 0 0 1 0 0 0 0 1 -0.03489929 0.9993908 0 0 -0.9993908 -0.03489929 0 0 0 0 1 0 0 0 0 1 -0.0174523 0.9998477 0 0 -0.9998477 -0.0174523 0 0 0 0 1 0 0 0 0 1 1.19249e-8 1 0 0 -1 1.19249e-8 0 0 0 0 1 0 0 0 0 1 0.0174528 0.9998477 0 0 -0.9998477 0.0174528 0 0 0 0 1 0 0 0 0 1 0.03489979 0.9993908 0 0 -0.9993908 0.03489979 0 0 0 0 1 0 0 0 0 1 0.05233615 0.9986295 0 0 -0.9986295 0.05233615 0 0 0 0 1 0 0 0 0 1 0.06975657 0.997564 0 0 -0.997564 0.06975657 0 0 0 0 1 0 0 0 0 1 0.08715574 0.9961947 0 0 -0.9961947 0.08715574 0 0 0 0 1 0 0 0 0 1 0.1045284 0.9945219 0 0 -0.9945219 0.1045284 0 0 0 0 1 0 0 0 0 1 0.1218696 0.9925461 0 0 -0.9925461 0.1218696 0 0 0 0 1 0 0 0 0 1 0.1391733 0.9902681 0 0 -0.9902681 0.1391733 0 0 0 0 1 0 0 0 0 1 0.1564345 0.9876883 0 0 -0.9876883 0.1564345 0 0 0 0 1 0 0 0 0 1 0.1736486 0.9848077 0 0 -0.9848077 0.1736486 0 0 0 0 1 0 0 0 0 1 0.1908089 0.9816272 0 0 -0.9816272 0.1908089 0 0 0 0 1 0 0 0 0 1 0.2079119 0.9781476 0 0 -0.9781476 0.2079119 0 0 0 0 1 0 0 0 0 1 0.2249512 0.97437 0 0 -0.97437 0.2249512 0 0 0 0 1 0 0 0 0 1 0.2419219 0.9702957 0 0 -0.9702957 0.2419219 0 0 0 0 1 0 0 0 0 1 0.2588195 0.9659257 0 0 -0.9659257 0.2588195 0 0 0 0 1 0 0 0 0 1 0.2756377 0.9612616 0 0 -0.9612616 0.2756377 0 0 0 0 1 0 0 0 0 1 0.2923719 0.9563047 0 0 -0.9563047 0.2923719 0 0 0 0 1 0 0 0 0 1 0.3090171 0.9510565 0 0 -0.9510565 0.3090171 0 0 0 0 1 0 0 0 0 1 0.3255682 0.9455186 0 0 -0.9455186 0.3255682 0 0 0 0 1 0 0 0 0 1 0.3420201 0.9396926 0 0 -0.9396926 0.3420201 0 0 0 0 1 0 0 0 0 1 0.3583682 0.9335803 0 0 -0.9335803 0.3583682 0 0 0 0 1 0 0 0 0 1 0.3746068 0.9271837 0 0 -0.9271837 0.3746068 0 0 0 0 1 0 0 0 0 1 0.3907312 0.9205048 0 0 -0.9205048 0.3907312 0 0 0 0 1 0 0 0 0 1 0.4067371 0.9135453 0 0 -0.9135453 0.4067371 0 0 0 0 1 0 0 0 0 1 0.4226182 0.9063078 0 0 -0.9063078 0.4226182 0 0 0 0 1 0 0 0 0 1 0.4383714 0.8987939 0 0 -0.8987939 0.4383714 0 0 0 0 1 0 0 0 0 1 0.4539907 0.8910064 0 0 -0.8910064 0.4539907 0 0 0 0 1 0 0 0 0 1 0.4694717 0.8829476 0 0 -0.8829476 0.4694717 0 0 0 0 1 0 0 0 0 1 0.4848096 0.8746197 0 0 -0.8746197 0.4848096 0 0 0 0 1 0 0 0 0 1 0.5000004 0.8660252 0 0 -0.8660252 0.5000004 0 0 0 0 1 0 0 0 0 1 0.5150379 0.8571674 0 0 -0.8571674 0.5150379 0 0 0 0 1 0 0 0 0 1 0.5299194 0.848048 0 0 -0.848048 0.5299194 0 0 0 0 1 0 0 0 0 1 0.5446391 0.8386705 0 0 -0.8386705 0.5446391 0 0 0 0 1 0 0 0 0 1 0.5591929 0.8290376 0 0 -0.8290376 0.5591929 0 0 0 0 1 0 0 0 0 1 0.5735767 0.8191518 0 0 -0.8191518 0.5735767 0 0 0 0 1 0 0 0 0 1 0.5877855 0.8090168 0 0 -0.8090168 0.5877855 0 0 0 0 1 0 0 0 0 1 0.6018152 0.7986354 0 0 -0.7986354 0.6018152 0 0 0 0 1 0 0 0 0 1 0.6156615 0.7880107 0 0 -0.7880107 0.6156615 0 0 0 0 1 0 0 0 0 1 0.6293204 0.777146 0 0 -0.777146 0.6293204 0 0 0 0 1 0 0 0 0 1 0.6427875 0.7660445 0 0 -0.7660445 0.6427875 0 0 0 0 1 0 0 0 0 1 0.6560592 0.7547094 0 0 -0.7547094 0.6560592 0 0 0 0 1 0 0 0 0 1 0.6691307 0.7431448 0 0 -0.7431448 0.6691307 0 0 0 0 1 0 0 0 0 1 0.6819984 0.7313536 0 0 -0.7313536 0.6819984 0 0 0 0 1 0 0 0 0 1 0.6946587 0.7193395 0 0 -0.7193395 0.6946587 0 0 0 0 1 0 0 0 0 1 0.7071066 0.7071069 0 0 -0.7071069 0.7071066 0 0 0 0 1 0 0 0 0 1 0.71934 0.6946582 0 0 -0.6946582 0.71934 0 0 0 0 1 0 0 0 0 1 0.7313538 0.6819983 0 0 -0.6819983 0.7313538 0 0 0 0 1 0 0 0 0 1 0.7431449 0.6691306 0 0 -0.6691306 0.7431449 0 0 0 0 1 0 0 0 0 1 0.7547098 0.6560587 0 0 -0.6560587 0.7547098 0 0 0 0 1 0 0 0 0 1 0.7660446 0.6427874 0 0 -0.6427874 0.7660446 0 0 0 0 1 0 0 0 0 1 0.7771461 0.6293202 0 0 -0.6293202 0.7771461 0 0 0 0 1 0 0 0 0 1 0.7880108 0.6156614 0 0 -0.6156614 0.7880108 0 0 0 0 1 0 0 0 0 1 0.7986355 0.601815 0 0 -0.601815 0.7986355 0 0 0 0 1 0 0 0 0 1 0.8090169 0.5877853 0 0 -0.5877853 0.8090169 0 0 0 0 1 0 0 0 0 1 0.8191522 0.5735762 0 0 -0.5735762 0.8191522 0 0 0 0 1 0 0 0 0 1 0.8290374 0.5591931 0 0 -0.5591931 0.8290374 0 0 0 0 1 0 0 0 0 1 0.8386706 0.5446389 0 0 -0.5446389 0.8386706 0 0 0 0 1 0 0 0 0 1 0.8480481 0.5299193 0 0 -0.5299193 0.8480481 0 0 0 0 1 0 0 0 0 1 0.8571672 0.5150381 0 0 -0.5150381 0.8571672 0 0 0 0 1 0 0 0 0 1 0.8660256 0.4999998 0 0 -0.4999998 0.8660256 0 0 0 0 1 0 0 0 0 1 0.8746198 0.4848095 0 0 -0.4848095 0.8746198 0 0 0 0 1 0 0 0 0 1 0.8829476 0.4694715 0 0 -0.4694715 0.8829476 0 0 0 0 1 0 0 0 0 1 0.8910065 0.4539905 0 0 -0.4539905 0.8910065 0 0 0 0 1 0 0 0 0 1 0.8987942 0.4383708 0 0 -0.4383708 0.8987942 0 0 0 0 1 0 0 0 0 1 0.9063079 0.422618 0 0 -0.422618 0.9063079 0 0 0 0 1 0 0 0 0 1 0.9135455 0.4067365 0 0 -0.4067365 0.9135455 0 0 0 0 1 0 0 0 0 1 0.920505 0.3907306 0 0 -0.3907306 0.920505 0 0 0 0 1 0 0 0 0 1 0.927184 0.3746062 0 0 -0.3746062 0.927184 0 0 0 0 1 0 0 0 0 1 0.9335806 0.3583676 0 0 -0.3583676 0.9335806 0 0 0 0 1 0 0 0 0 1 0.9396926 0.3420204 0 0 -0.3420204 0.9396926 0 0 0 0 1 0 0 0 0 1 0.9455186 0.325568 0 0 -0.325568 0.9455186 0 0 0 0 1 0 0 0 0 1 0.9510565 0.3090169 0 0 -0.3090169 0.9510565 0 0 0 0 1 0 0 0 0 1 0.9563047 0.2923717 0 0 -0.2923717 0.9563047 0 0 0 0 1 0 0 0 0 1 0.9612616 0.2756375 0 0 -0.2756375 0.9612616 0 0 0 0 1 0 0 0 0 1 0.9659259 0.2588188 0 0 -0.2588188 0.9659259 0 0 0 0 1 0 0 0 0 1 0.9702958 0.2419218 0 0 -0.2419218 0.9702958 0 0 0 0 1 0 0 0 0 1 0.9743701 0.224951 0 0 -0.224951 0.9743701 0 0 0 0 1 0 0 0 0 1 0.9781477 0.2079113 0 0 -0.2079113 0.9781477 0 0 0 0 1 0 0 0 0 1 0.9816272 0.1908087 0 0 -0.1908087 0.9816272 0 0 0 0 1 0 0 0 0 1 0.9848078 0.173648 0 0 -0.173648 0.9848078 0 0 0 0 1 0 0 0 0 1 0.9876884 0.1564339 0 0 -0.1564339 0.9876884 0 0 0 0 1 0 0 0 0 1 0.9902681 0.1391726 0 0 -0.1391726 0.9902681 0 0 0 0 1 0 0 0 0 1 0.9925461 0.1218694 0 0 -0.1218694 0.9925461 0 0 0 0 1 0 0 0 0 1 0.9945219 0.1045287 0 0 -0.1045287 0.9945219 0 0 0 0 1 0 0 0 0 1 0.9961947 0.08715603 0 0 -0.08715603 0.9961947 0 0 0 0 1 0 0 0 0 1 0.9975641 0.06975638 0 0 -0.06975638 0.9975641 0 0 0 0 1 0 0 0 0 1 0.9986295 0.05233596 0 0 -0.05233596 0.9986295 0 0 0 0 1 0 0 0 0 1 0.9993908 0.0348996 0 0 -0.0348996 0.9993908 0 0 0 0 1 0 0 0 0 1 0.9998477 0.01745213 0 0 -0.01745213 0.9998477 0 0 0 0 1 0 0 0 0 1 1 -1.74846e-7 0 0 1.74846e-7 1 0 0 0 0 1 0 0 0 0 1</float_array>
          <technique_common>
            <accessor source="#_0250410_110052_D_12_5_k_7_Area6_str_003_20250410_110052_D_12_5_k_7_Area6_str_001Action_144_transform-output-array" count="361" stride="16">
              <param name="TRANSFORM" type="float4x4"/>
            </accessor>
          </technique_common>
        </source>
        <source id="_0250410_110052_D_12_5_k_7_Area6_str_003_20250410_110052_D_12_5_k_7_Area6_str_001Action_144_transform-interpolation">
          <Name_array id="_0250410_110052_D_12_5_k_7_Area6_str_003_20250410_110052_D_12_5_k_7_Area6_str_001Action_144_transform-interpolation-array" count="361">LINEAR LINEAR LINEAR LINEAR LINEAR LINEAR LINEAR LINEAR LINEAR LINEAR LINEAR LINEAR LINEAR LINEAR LINEAR LINEAR LINEAR LINEAR LINEAR LINEAR LINEAR LINEAR LINEAR LINEAR LINEAR LINEAR LINEAR LINEAR LINEAR LINEAR LINEAR LINEAR LINEAR LINEAR LINEAR LINEAR LINEAR LINEAR LINEAR LINEAR LINEAR LINEAR LINEAR LINEAR LINEAR LINEAR LINEAR LINEAR LINEAR LINEAR LINEAR LINEAR LINEAR LINEAR LINEAR LINEAR LINEAR LINEAR LINEAR LINEAR LINEAR LINEAR LINEAR LINEAR LINEAR LINEAR LINEAR LINEAR LINEAR LINEAR LINEAR LINEAR LINEAR LINEAR LINEAR LINEAR LINEAR LINEAR LINEAR LINEAR LINEAR LINEAR LINEAR LINEAR LINEAR LINEAR LINEAR LINEAR LINEAR LINEAR LINEAR LINEAR LINEAR LINEAR LINEAR LINEAR LINEAR LINEAR LINEAR LINEAR LINEAR LINEAR LINEAR LINEAR LINEAR LINEAR LINEAR LINEAR LINEAR LINEAR LINEAR LINEAR LINEAR LINEAR LINEAR LINEAR LINEAR LINEAR LINEAR LINEAR LINEAR LINEAR LINEAR LINEAR LINEAR LINEAR LINEAR LINEAR LINEAR LINEAR LINEAR LINEAR LINEAR LINEAR LINEAR LINEAR LINEAR LINEAR LINEAR LINEAR LINEAR LINEAR LINEAR LINEAR LINEAR LINEAR LINEAR LINEAR LINEAR LINEAR LINEAR LINEAR LINEAR LINEAR LINEAR LINEAR LINEAR LINEAR LINEAR LINEAR LINEAR LINEAR LINEAR LINEAR LINEAR LINEAR LINEAR LINEAR LINEAR LINEAR LINEAR LINEAR LINEAR LINEAR LINEAR LINEAR LINEAR LINEAR LINEAR LINEAR LINEAR LINEAR LINEAR LINEAR LINEAR LINEAR LINEAR LINEAR LINEAR LINEAR LINEAR LINEAR LINEAR LINEAR LINEAR LINEAR LINEAR LINEAR LINEAR LINEAR LINEAR LINEAR LINEAR LINEAR LINEAR LINEAR LINEAR LINEAR LINEAR LINEAR LINEAR LINEAR LINEAR LINEAR LINEAR LINEAR LINEAR LINEAR LINEAR LINEAR LINEAR LINEAR LINEAR LINEAR LINEAR LINEAR LINEAR LINEAR LINEAR LINEAR LINEAR LINEAR LINEAR LINEAR LINEAR LINEAR LINEAR LINEAR LINEAR LINEAR LINEAR LINEAR LINEAR LINEAR LINEAR LINEAR LINEAR LINEAR LINEAR LINEAR LINEAR LINEAR LINEAR LINEAR LINEAR LINEAR LINEAR LINEAR LINEAR LINEAR LINEAR LINEAR LINEAR LINEAR LINEAR LINEAR LINEAR LINEAR LINEAR LINEAR LINEAR LINEAR LINEAR LINEAR LINEAR LINEAR LINEAR LINEAR LINEAR LINEAR LINEAR LINEAR LINEAR LINEAR LINEAR LINEAR LINEAR LINEAR LINEAR LINEAR LINEAR LINEAR LINEAR LINEAR LINEAR LINEAR LINEAR LINEAR LINEAR LINEAR LINEAR LINEAR LINEAR LINEAR LINEAR LINEAR LINEAR LINEAR LINEAR LINEAR LINEAR LINEAR LINEAR LINEAR LINEAR LINEAR LINEAR LINEAR LINEAR LINEAR LINEAR LINEAR LINEAR LINEAR LINEAR LINEAR LINEAR LINEAR LINEAR LINEAR LINEAR LINEAR LINEAR LINEAR LINEAR LINEAR LINEAR LINEAR LINEAR LINEAR LINEAR LINEAR LINEAR LINEAR LINEAR LINEAR LINEAR LINEAR LINEAR LINEAR LINEAR LINEAR LINEAR LINEAR LINEAR LINEAR LINEAR LINEAR LINEAR LINEAR LINEAR</Name_array>
          <technique_common>
            <accessor source="#_0250410_110052_D_12_5_k_7_Area6_str_003_20250410_110052_D_12_5_k_7_Area6_str_001Action_144_transform-interpolation-array" count="361" stride="1">
              <param name="INTERPOLATION" type="name"/>
            </accessor>
          </technique_common>
        </source>
        <sampler id="_0250410_110052_D_12_5_k_7_Area6_str_003_20250410_110052_D_12_5_k_7_Area6_str_001Action_144_transform-sampler">
          <input semantic="INPUT" source="#_0250410_110052_D_12_5_k_7_Area6_str_003_20250410_110052_D_12_5_k_7_Area6_str_001Action_144_transform-input"/>
          <input semantic="OUTPUT" source="#_0250410_110052_D_12_5_k_7_Area6_str_003_20250410_110052_D_12_5_k_7_Area6_str_001Action_144_transform-output"/>
          <input semantic="INTERPOLATION" source="#_0250410_110052_D_12_5_k_7_Area6_str_003_20250410_110052_D_12_5_k_7_Area6_str_001Action_144_transform-interpolation"/>
        </sampler>
        <channel source="#_0250410_110052_D_12_5_k_7_Area6_str_003_20250410_110052_D_12_5_k_7_Area6_str_001Action_144_transform-sampler" target="_0250410_110052_D_12_5_k_7_Area6_str_003/transform"/>
      </animation>
    </animation>
    <animation id="action_container-_0250410_110052_D_12_5_k_7_Area3_str_003" name="20250410_110052_D=12.5_k=7_Area3_str.003">
      <animation id="_0250410_110052_D_12_5_k_7_Area3_str_003_20250410_110052_D_12_5_k_7_Area3_str_001Action_144_transform" name="20250410_110052_D=12.5_k=7_Area3_str.003">
        <source id="_0250410_110052_D_12_5_k_7_Area3_str_003_20250410_110052_D_12_5_k_7_Area3_str_001Action_144_transform-input">
          <float_array id="_0250410_110052_D_12_5_k_7_Area3_str_003_20250410_110052_D_12_5_k_7_Area3_str_001Action_144_transform-input-array" count="361">0 0.04166662 0.08333331 0.125 0.1666666 0.2083333 0.25 0.2916666 0.3333333 0.375 0.4166666 0.4583333 0.5 0.5416667 0.5833333 0.625 0.6666667 0.7083333 0.75 0.7916667 0.8333333 0.875 0.9166667 0.9583333 1 1.041667 1.083333 1.125 1.166667 1.208333 1.25 1.291667 1.333333 1.375 1.416667 1.458333 1.5 1.541667 1.583333 1.625 1.666667 1.708333 1.75 1.791667 1.833333 1.875 1.916667 1.958333 2 2.041667 2.083333 2.125 2.166667 2.208333 2.25 2.291667 2.333333 2.375 2.416667 2.458333 2.5 2.541667 2.583333 2.625 2.666667 2.708333 2.75 2.791667 2.833333 2.875 2.916667 2.958333 3 3.041667 3.083333 3.125 3.166667 3.208333 3.25 3.291667 3.333333 3.375 3.416667 3.458333 3.5 3.541667 3.583333 3.625 3.666667 3.708333 3.75 3.791667 3.833333 3.875 3.916667 3.958333 4 4.041666 4.083333 4.125 4.166666 4.208333 4.25 4.291666 4.333333 4.375 4.416666 4.458333 4.5 4.541666 4.583333 4.625 4.666666 4.708333 4.75 4.791666 4.833333 4.875 4.916666 4.958333 5 5.041666 5.083333 5.125 5.166666 5.208333 5.25 5.291666 5.333333 5.375 5.416666 5.458333 5.5 5.541666 5.583333 5.625 5.666666 5.708333 5.75 5.791666 5.833333 5.875 5.916666 5.958333 6 6.041666 6.083333 6.125 6.166666 6.208333 6.25 6.291666 6.333333 6.375 6.416666 6.458333 6.5 6.541666 6.583333 6.625 6.666666 6.708333 6.75 6.791666 6.833333 6.875 6.916666 6.958333 7 7.041666 7.083333 7.125 7.166666 7.208333 7.25 7.291666 7.333333 7.375 7.416666 7.458333 7.5 7.541666 7.583333 7.625 7.666666 7.708333 7.75 7.791666 7.833333 7.875 7.916666 7.958333 8 8.041667 8.083333 8.125 8.166667 8.208333 8.25 8.291667 8.333333 8.375 8.416667 8.458333 8.5 8.541667 8.583333 8.625 8.666667 8.708333 8.75 8.791667 8.833333 8.875 8.916667 8.958333 9 9.041667 9.083333 9.125 9.166667 9.208333 9.25 9.291667 9.333333 9.375 9.416667 9.458333 9.5 9.541667 9.583333 9.625 9.666667 9.708333 9.75 9.791667 9.833333 9.875 9.916667 9.958333 10 10.04167 10.08333 10.125 10.16667 10.20833 10.25 10.29167 10.33333 10.375 10.41667 10.45833 10.5 10.54167 10.58333 10.625 10.66667 10.70833 10.75 10.79167 10.83333 10.875 10.91667 10.95833 11 11.04167 11.08333 11.125 11.16667 11.20833 11.25 11.29167 11.33333 11.375 11.41667 11.45833 11.5 11.54167 11.58333 11.625 11.66667 11.70833 11.75 11.79167 11.83333 11.875 11.91667 11.95833 12 12.04167 12.08333 12.125 12.16667 12.20833 12.25 12.29167 12.33333 12.375 12.41667 12.45833 12.5 12.54167 12.58333 12.625 12.66667 12.70833 12.75 12.79167 12.83333 12.875 12.91667 12.95833 13 13.04167 13.08333 13.125 13.16667 13.20833 13.25 13.29167 13.33333 13.375 13.41667 13.45833 13.5 13.54167 13.58333 13.625 13.66667 13.70833 13.75 13.79167 13.83333 13.875 13.91667 13.95833 14 14.04167 14.08333 14.125 14.16667 14.20833 14.25 14.29167 14.33333 14.375 14.41667 14.45833 14.5 14.54167 14.58333 14.625 14.66667 14.70833 14.75 14.79167 14.83333 14.875 14.91667 14.95833 15</float_array>
          <technique_common>
            <accessor source="#_0250410_110052_D_12_5_k_7_Area3_str_003_20250410_110052_D_12_5_k_7_Area3_str_001Action_144_transform-input-array" count="361" stride="1">
              <param name="TIME" type="float"/>
            </accessor>
          </technique_common>
        </source>
        <source id="_0250410_110052_D_12_5_k_7_Area3_str_003_20250410_110052_D_12_5_k_7_Area3_str_001Action_144_transform-output">
          <float_array id="_0250410_110052_D_12_5_k_7_Area3_str_003_20250410_110052_D_12_5_k_7_Area3_str_001Action_144_transform-output-array" count="5776">1 0 0 0 0 1 0 0 0 0 1 0 0 0 0 1 0.9998477 -0.01745241 0 0 0.01745241 0.9998477 0 0 0 0 1 0 0 0 0 1 0.9993908 -0.0348995 0 0 0.0348995 0.9993908 0 0 0 0 1 0 0 0 0 1 0.9986295 -0.05233596 0 0 0.05233596 0.9986295 0 0 0 0 1 0 0 0 0 1 0.9975641 -0.06975647 0 0 0.06975647 0.9975641 0 0 0 0 1 0 0 0 0 1 0.9961947 -0.08715574 0 0 0.08715574 0.9961947 0 0 0 0 1 0 0 0 0 1 0.9945219 -0.1045285 0 0 0.1045285 0.9945219 0 0 0 0 1 0 0 0 0 1 0.9925461 -0.1218693 0 0 0.1218693 0.9925461 0 0 0 0 1 0 0 0 0 1 0.9902681 -0.1391731 0 0 0.1391731 0.9902681 0 0 0 0 1 0 0 0 0 1 0.9876884 -0.1564345 0 0 0.1564345 0.9876884 0 0 0 0 1 0 0 0 0 1 0.9848077 -0.1736482 0 0 0.1736482 0.9848077 0 0 0 0 1 0 0 0 0 1 0.9816272 -0.190809 0 0 0.190809 0.9816272 0 0 0 0 1 0 0 0 0 1 0.9781476 -0.2079117 0 0 0.2079117 0.9781476 0 0 0 0 1 0 0 0 0 1 0.9743701 -0.2249511 0 0 0.2249511 0.9743701 0 0 0 0 1 0 0 0 0 1 0.9702957 -0.2419219 0 0 0.2419219 0.9702957 0 0 0 0 1 0 0 0 0 1 0.9659258 -0.258819 0 0 0.258819 0.9659258 0 0 0 0 1 0 0 0 0 1 0.9612617 -0.2756374 0 0 0.2756374 0.9612617 0 0 0 0 1 0 0 0 0 1 0.9563047 -0.2923717 0 0 0.2923717 0.9563047 0 0 0 0 1 0 0 0 0 1 0.9510565 -0.309017 0 0 0.309017 0.9510565 0 0 0 0 1 0 0 0 0 1 0.9455186 -0.3255681 0 0 0.3255681 0.9455186 0 0 0 0 1 0 0 0 0 1 0.9396926 -0.3420202 0 0 0.3420202 0.9396926 0 0 0 0 1 0 0 0 0 1 0.9335804 -0.3583679 0 0 0.3583679 0.9335804 0 0 0 0 1 0 0 0 0 1 0.9271839 -0.3746066 0 0 0.3746066 0.9271839 0 0 0 0 1 0 0 0 0 1 0.9205049 -0.3907311 0 0 0.3907311 0.9205049 0 0 0 0 1 0 0 0 0 1 0.9135454 -0.4067366 0 0 0.4067366 0.9135454 0 0 0 0 1 0 0 0 0 1 0.9063078 -0.4226183 0 0 0.4226183 0.9063078 0 0 0 0 1 0 0 0 0 1 0.8987941 -0.4383712 0 0 0.4383712 0.8987941 0 0 0 0 1 0 0 0 0 1 0.8910065 -0.4539905 0 0 0.4539905 0.8910065 0 0 0 0 1 0 0 0 0 1 0.8829476 -0.4694716 0 0 0.4694716 0.8829476 0 0 0 0 1 0 0 0 0 1 0.8746197 -0.4848096 0 0 0.4848096 0.8746197 0 0 0 0 1 0 0 0 0 1 0.8660254 -0.5 0 0 0.5 0.8660254 0 0 0 0 1 0 0 0 0 1 0.8571673 -0.5150381 0 0 0.5150381 0.8571673 0 0 0 0 1 0 0 0 0 1 0.8480481 -0.5299193 0 0 0.5299193 0.8480481 0 0 0 0 1 0 0 0 0 1 0.8386706 -0.5446391 0 0 0.5446391 0.8386706 0 0 0 0 1 0 0 0 0 1 0.8290375 -0.559193 0 0 0.559193 0.8290375 0 0 0 0 1 0 0 0 0 1 0.819152 -0.5735765 0 0 0.5735765 0.819152 0 0 0 0 1 0 0 0 0 1 0.809017 -0.5877852 0 0 0.5877852 0.809017 0 0 0 0 1 0 0 0 0 1 0.7986355 -0.601815 0 0 0.601815 0.7986355 0 0 0 0 1 0 0 0 0 1 0.7880108 -0.6156615 0 0 0.6156615 0.7880108 0 0 0 0 1 0 0 0 0 1 0.7771459 -0.6293204 0 0 0.6293204 0.7771459 0 0 0 0 1 0 0 0 0 1 0.7660444 -0.6427876 0 0 0.6427876 0.7660444 0 0 0 0 1 0 0 0 0 1 0.7547096 -0.656059 0 0 0.656059 0.7547096 0 0 0 0 1 0 0 0 0 1 0.7431448 -0.6691306 0 0 0.6691306 0.7431448 0 0 0 0 1 0 0 0 0 1 0.7313537 -0.6819984 0 0 0.6819984 0.7313537 0 0 0 0 1 0 0 0 0 1 0.7193397 -0.6946584 0 0 0.6946584 0.7193397 0 0 0 0 1 0 0 0 0 1 0.7071068 -0.7071068 0 0 0.7071068 0.7071068 0 0 0 0 1 0 0 0 0 1 0.6946584 -0.7193398 0 0 0.7193398 0.6946584 0 0 0 0 1 0 0 0 0 1 0.6819983 -0.7313538 0 0 0.7313538 0.6819983 0 0 0 0 1 0 0 0 0 1 0.6691306 -0.7431449 0 0 0.7431449 0.6691306 0 0 0 0 1 0 0 0 0 1 0.656059 -0.7547096 0 0 0.7547096 0.656059 0 0 0 0 1 0 0 0 0 1 0.6427876 -0.7660444 0 0 0.7660444 0.6427876 0 0 0 0 1 0 0 0 0 1 0.6293203 -0.777146 0 0 0.777146 0.6293203 0 0 0 0 1 0 0 0 0 1 0.6156614 -0.7880108 0 0 0.7880108 0.6156614 0 0 0 0 1 0 0 0 0 1 0.601815 -0.7986355 0 0 0.7986355 0.601815 0 0 0 0 1 0 0 0 0 1 0.5877852 -0.809017 0 0 0.809017 0.5877852 0 0 0 0 1 0 0 0 0 1 0.5735765 -0.8191521 0 0 0.8191521 0.5735765 0 0 0 0 1 0 0 0 0 1 0.5591928 -0.8290376 0 0 0.8290376 0.5591928 0 0 0 0 1 0 0 0 0 1 0.544639 -0.8386706 0 0 0.8386706 0.544639 0 0 0 0 1 0 0 0 0 1 0.5299193 -0.8480481 0 0 0.8480481 0.5299193 0 0 0 0 1 0 0 0 0 1 0.5150381 -0.8571673 0 0 0.8571673 0.5150381 0 0 0 0 1 0 0 0 0 1 0.5 -0.8660254 0 0 0.8660254 0.5 0 0 0 0 1 0 0 0 0 1 0.4848096 -0.8746197 0 0 0.8746197 0.4848096 0 0 0 0 1 0 0 0 0 1 0.4694715 -0.8829476 0 0 0.8829476 0.4694715 0 0 0 0 1 0 0 0 0 1 0.4539904 -0.8910066 0 0 0.8910066 0.4539904 0 0 0 0 1 0 0 0 0 1 0.4383712 -0.8987941 0 0 0.8987941 0.4383712 0 0 0 0 1 0 0 0 0 1 0.4226182 -0.9063078 0 0 0.9063078 0.4226182 0 0 0 0 1 0 0 0 0 1 0.4067366 -0.9135455 0 0 0.9135455 0.4067366 0 0 0 0 1 0 0 0 0 1 0.3907311 -0.9205049 0 0 0.9205049 0.3907311 0 0 0 0 1 0 0 0 0 1 0.3746065 -0.9271839 0 0 0.9271839 0.3746065 0 0 0 0 1 0 0 0 0 1 0.358368 -0.9335804 0 0 0.9335804 0.358368 0 0 0 0 1 0 0 0 0 1 0.34202 -0.9396927 0 0 0.9396927 0.34202 0 0 0 0 1 0 0 0 0 1 0.3255681 -0.9455186 0 0 0.9455186 0.3255681 0 0 0 0 1 0 0 0 0 1 0.309017 -0.9510565 0 0 0.9510565 0.309017 0 0 0 0 1 0 0 0 0 1 0.2923717 -0.9563048 0 0 0.9563048 0.2923717 0 0 0 0 1 0 0 0 0 1 0.2756373 -0.9612617 0 0 0.9612617 0.2756373 0 0 0 0 1 0 0 0 0 1 0.258819 -0.9659259 0 0 0.9659259 0.258819 0 0 0 0 1 0 0 0 0 1 0.2419219 -0.9702957 0 0 0.9702957 0.2419219 0 0 0 0 1 0 0 0 0 1 0.224951 -0.9743701 0 0 0.9743701 0.224951 0 0 0 0 1 0 0 0 0 1 0.2079117 -0.9781476 0 0 0.9781476 0.2079117 0 0 0 0 1 0 0 0 0 1 0.1908089 -0.9816272 0 0 0.9816272 0.1908089 0 0 0 0 1 0 0 0 0 1 0.1736481 -0.9848078 0 0 0.9848078 0.1736481 0 0 0 0 1 0 0 0 0 1 0.1564345 -0.9876884 0 0 0.9876884 0.1564345 0 0 0 0 1 0 0 0 0 1 0.1391731 -0.9902681 0 0 0.9902681 0.1391731 0 0 0 0 1 0 0 0 0 1 0.1218693 -0.9925461 0 0 0.9925461 0.1218693 0 0 0 0 1 0 0 0 0 1 0.1045284 -0.9945219 0 0 0.9945219 0.1045284 0 0 0 0 1 0 0 0 0 1 0.0871558 -0.9961947 0 0 0.9961947 0.0871558 0 0 0 0 1 0 0 0 0 1 0.06975651 -0.9975641 0 0 0.9975641 0.06975651 0 0 0 0 1 0 0 0 0 1 0.05233585 -0.9986295 0 0 0.9986295 0.05233585 0 0 0 0 1 0 0 0 0 1 0.03489938 -0.9993908 0 0 0.9993908 0.03489938 0 0 0 0 1 0 0 0 0 1 0.01745238 -0.9998477 0 0 0.9998477 0.01745238 0 0 0 0 1 0 0 0 0 1 -4.37114e-8 -1 0 0 1 -4.37114e-8 0 0 0 0 1 0 0 0 0 1 -0.01745247 -0.9998477 0 0 0.9998477 -0.01745247 0 0 0 0 1 0 0 0 0 1 -0.03489946 -0.9993908 0 0 0.9993908 -0.03489946 0 0 0 0 1 0 0 0 0 1 -0.05233594 -0.9986295 0 0 0.9986295 -0.05233594 0 0 0 0 1 0 0 0 0 1 -0.0697566 -0.997564 0 0 0.997564 -0.0697566 0 0 0 0 1 0 0 0 0 1 -0.08715589 -0.9961947 0 0 0.9961947 -0.08715589 0 0 0 0 1 0 0 0 0 1 -0.1045285 -0.9945219 0 0 0.9945219 -0.1045285 0 0 0 0 1 0 0 0 0 1 -0.1218694 -0.9925461 0 0 0.9925461 -0.1218694 0 0 0 0 1 0 0 0 0 1 -0.1391732 -0.9902681 0 0 0.9902681 -0.1391732 0 0 0 0 1 0 0 0 0 1 -0.1564344 -0.9876884 0 0 0.9876884 -0.1564344 0 0 0 0 1 0 0 0 0 1 -0.1736482 -0.9848077 0 0 0.9848077 -0.1736482 0 0 0 0 1 0 0 0 0 1 -0.190809 -0.9816272 0 0 0.9816272 -0.190809 0 0 0 0 1 0 0 0 0 1 -0.2079118 -0.9781476 0 0 0.9781476 -0.2079118 0 0 0 0 1 0 0 0 0 1 -0.2249511 -0.9743701 0 0 0.9743701 -0.2249511 0 0 0 0 1 0 0 0 0 1 -0.241922 -0.9702957 0 0 0.9702957 -0.241922 0 0 0 0 1 0 0 0 0 1 -0.2588192 -0.9659258 0 0 0.9659258 -0.2588192 0 0 0 0 1 0 0 0 0 1 -0.2756374 -0.9612617 0 0 0.9612617 -0.2756374 0 0 0 0 1 0 0 0 0 1 -0.2923717 -0.9563047 0 0 0.9563047 -0.2923717 0 0 0 0 1 0 0 0 0 1 -0.309017 -0.9510565 0 0 0.9510565 -0.309017 0 0 0 0 1 0 0 0 0 1 -0.3255681 -0.9455186 0 0 0.9455186 -0.3255681 0 0 0 0 1 0 0 0 0 1 -0.3420201 -0.9396926 0 0 0.9396926 -0.3420201 0 0 0 0 1 0 0 0 0 1 -0.3583681 -0.9335804 0 0 0.9335804 -0.3583681 0 0 0 0 1 0 0 0 0 1 -0.3746067 -0.9271838 0 0 0.9271838 -0.3746067 0 0 0 0 1 0 0 0 0 1 -0.3907312 -0.9205049 0 0 0.9205049 -0.3907312 0 0 0 0 1 0 0 0 0 1 -0.4067367 -0.9135454 0 0 0.9135454 -0.4067367 0 0 0 0 1 0 0 0 0 1 -0.4226183 -0.9063078 0 0 0.9063078 -0.4226183 0 0 0 0 1 0 0 0 0 1 -0.4383711 -0.8987941 0 0 0.8987941 -0.4383711 0 0 0 0 1 0 0 0 0 1 -0.4539906 -0.8910065 0 0 0.8910065 -0.4539906 0 0 0 0 1 0 0 0 0 1 -0.4694716 -0.8829476 0 0 0.8829476 -0.4694716 0 0 0 0 1 0 0 0 0 1 -0.4848098 -0.8746196 0 0 0.8746196 -0.4848098 0 0 0 0 1 0 0 0 0 1 -0.5000001 -0.8660254 0 0 0.8660254 -0.5000001 0 0 0 0 1 0 0 0 0 1 -0.515038 -0.8571673 0 0 0.8571673 -0.515038 0 0 0 0 1 0 0 0 0 1 -0.5299193 -0.848048 0 0 0.848048 -0.5299193 0 0 0 0 1 0 0 0 0 1 -0.5446391 -0.8386706 0 0 0.8386706 -0.5446391 0 0 0 0 1 0 0 0 0 1 -0.559193 -0.8290375 0 0 0.8290375 -0.559193 0 0 0 0 1 0 0 0 0 1 -0.5735765 -0.819152 0 0 0.819152 -0.5735765 0 0 0 0 1 0 0 0 0 1 -0.5877854 -0.8090169 0 0 0.8090169 -0.5877854 0 0 0 0 1 0 0 0 0 1 -0.6018151 -0.7986355 0 0 0.7986355 -0.6018151 0 0 0 0 1 0 0 0 0 1 -0.6156614 -0.7880108 0 0 0.7880108 -0.6156614 0 0 0 0 1 0 0 0 0 1 -0.6293205 -0.7771459 0 0 0.7771459 -0.6293205 0 0 0 0 1 0 0 0 0 1 -0.6427876 -0.7660444 0 0 0.7660444 -0.6427876 0 0 0 0 1 0 0 0 0 1 -0.656059 -0.7547096 0 0 0.7547096 -0.656059 0 0 0 0 1 0 0 0 0 1 -0.6691307 -0.7431448 0 0 0.7431448 -0.6691307 0 0 0 0 1 0 0 0 0 1 -0.6819985 -0.7313536 0 0 0.7313536 -0.6819985 0 0 0 0 1 0 0 0 0 1 -0.6946585 -0.7193397 0 0 0.7193397 -0.6946585 0 0 0 0 1 0 0 0 0 1 -0.7071068 -0.7071068 0 0 0.7071068 -0.7071068 0 0 0 0 1 0 0 0 0 1 -0.7193399 -0.6946583 0 0 0.6946583 -0.7193399 0 0 0 0 1 0 0 0 0 1 -0.7313538 -0.6819983 0 0 0.6819983 -0.7313538 0 0 0 0 1 0 0 0 0 1 -0.7431448 -0.6691306 0 0 0.6691306 -0.7431448 0 0 0 0 1 0 0 0 0 1 -0.7547097 -0.656059 0 0 0.656059 -0.7547097 0 0 0 0 1 0 0 0 0 1 -0.7660446 -0.6427875 0 0 0.6427875 -0.7660446 0 0 0 0 1 0 0 0 0 1 -0.777146 -0.6293203 0 0 0.6293203 -0.777146 0 0 0 0 1 0 0 0 0 1 -0.7880108 -0.6156614 0 0 0.6156614 -0.7880108 0 0 0 0 1 0 0 0 0 1 -0.7986356 -0.6018149 0 0 0.6018149 -0.7986356 0 0 0 0 1 0 0 0 0 1 -0.8090171 -0.5877852 0 0 0.5877852 -0.8090171 0 0 0 0 1 0 0 0 0 1 -0.8191521 -0.5735765 0 0 0.5735765 -0.8191521 0 0 0 0 1 0 0 0 0 1 -0.8290376 -0.5591928 0 0 0.5591928 -0.8290376 0 0 0 0 1 0 0 0 0 1 -0.8386707 -0.5446388 0 0 0.5446388 -0.8386707 0 0 0 0 1 0 0 0 0 1 -0.8480482 -0.5299191 0 0 0.5299191 -0.8480482 0 0 0 0 1 0 0 0 0 1 -0.8571673 -0.515038 0 0 0.515038 -0.8571673 0 0 0 0 1 0 0 0 0 1 -0.8660255 -0.4999998 0 0 0.4999998 -0.8660255 0 0 0 0 1 0 0 0 0 1 -0.8746198 -0.4848095 0 0 0.4848095 -0.8746198 0 0 0 0 1 0 0 0 0 1 -0.8829476 -0.4694716 0 0 0.4694716 -0.8829476 0 0 0 0 1 0 0 0 0 1 -0.8910066 -0.4539904 0 0 0.4539904 -0.8910066 0 0 0 0 1 0 0 0 0 1 -0.8987941 -0.4383711 0 0 0.4383711 -0.8987941 0 0 0 0 1 0 0 0 0 1 -0.9063078 -0.4226183 0 0 0.4226183 -0.9063078 0 0 0 0 1 0 0 0 0 1 -0.9135455 -0.4067366 0 0 0.4067366 -0.9135455 0 0 0 0 1 0 0 0 0 1 -0.9205049 -0.3907309 0 0 0.3907309 -0.9205049 0 0 0 0 1 0 0 0 0 1 -0.9271839 -0.3746065 0 0 0.3746065 -0.9271839 0 0 0 0 1 0 0 0 0 1 -0.9335805 -0.3583679 0 0 0.3583679 -0.9335805 0 0 0 0 1 0 0 0 0 1 -0.9396927 -0.34202 0 0 0.34202 -0.9396927 0 0 0 0 1 0 0 0 0 1 -0.9455186 -0.3255681 0 0 0.3255681 -0.9455186 0 0 0 0 1 0 0 0 0 1 -0.9510565 -0.309017 0 0 0.309017 -0.9510565 0 0 0 0 1 0 0 0 0 1 -0.9563047 -0.2923718 0 0 0.2923718 -0.9563047 0 0 0 0 1 0 0 0 0 1 -0.9612617 -0.2756374 0 0 0.2756374 -0.9612617 0 0 0 0 1 0 0 0 0 1 -0.9659259 -0.2588189 0 0 0.2588189 -0.9659259 0 0 0 0 1 0 0 0 0 1 -0.9702957 -0.2419219 0 0 0.2419219 -0.9702957 0 0 0 0 1 0 0 0 0 1 -0.9743701 -0.2249509 0 0 0.2249509 -0.9743701 0 0 0 0 1 0 0 0 0 1 -0.9781476 -0.2079116 0 0 0.2079116 -0.9781476 0 0 0 0 1 0 0 0 0 1 -0.9816272 -0.1908088 0 0 0.1908088 -0.9816272 0 0 0 0 1 0 0 0 0 1 -0.9848077 -0.1736483 0 0 0.1736483 -0.9848077 0 0 0 0 1 0 0 0 0 1 -0.9876884 -0.1564344 0 0 0.1564344 -0.9876884 0 0 0 0 1 0 0 0 0 1 -0.9902681 -0.1391732 0 0 0.1391732 -0.9902681 0 0 0 0 1 0 0 0 0 1 -0.9925461 -0.1218693 0 0 0.1218693 -0.9925461 0 0 0 0 1 0 0 0 0 1 -0.9945219 -0.1045283 0 0 0.1045283 -0.9945219 0 0 0 0 1 0 0 0 0 1 -0.9961947 -0.08715564 0 0 0.08715564 -0.9961947 0 0 0 0 1 0 0 0 0 1 -0.9975641 -0.06975623 0 0 0.06975623 -0.9975641 0 0 0 0 1 0 0 0 0 1 -0.9986295 -0.05233605 0 0 0.05233605 -0.9986295 0 0 0 0 1 0 0 0 0 1 -0.9993908 -0.03489945 0 0 0.03489945 -0.9993908 0 0 0 0 1 0 0 0 0 1 -0.9998477 -0.01745246 0 0 0.01745246 -0.9998477 0 0 0 0 1 0 0 0 0 1 -1 8.74228e-8 0 0 -8.74228e-8 -1 0 0 0 0 1 0 0 0 0 1 -0.9998477 0.01745263 0 0 -0.01745263 -0.9998477 0 0 0 0 1 0 0 0 0 1 -0.9993908 0.03489963 0 0 -0.03489963 -0.9993908 0 0 0 0 1 0 0 0 0 1 -0.9986295 0.05233622 0 0 -0.05233622 -0.9986295 0 0 0 0 1 0 0 0 0 1 -0.9975641 0.0697564 0 0 -0.0697564 -0.9975641 0 0 0 0 1 0 0 0 0 1 -0.9961947 0.08715581 0 0 -0.08715581 -0.9961947 0 0 0 0 1 0 0 0 0 1 -0.9945219 0.1045284 0 0 -0.1045284 -0.9945219 0 0 0 0 1 0 0 0 0 1 -0.9925461 0.1218695 0 0 -0.1218695 -0.9925461 0 0 0 0 1 0 0 0 0 1 -0.9902681 0.1391733 0 0 -0.1391733 -0.9902681 0 0 0 0 1 0 0 0 0 1 -0.9876883 0.1564346 0 0 -0.1564346 -0.9876883 0 0 0 0 1 0 0 0 0 1 -0.9848077 0.1736485 0 0 -0.1736485 -0.9848077 0 0 0 0 1 0 0 0 0 1 -0.9816272 0.190809 0 0 -0.190809 -0.9816272 0 0 0 0 1 0 0 0 0 1 -0.9781476 0.2079118 0 0 -0.2079118 -0.9781476 0 0 0 0 1 0 0 0 0 1 -0.9743701 0.224951 0 0 -0.224951 -0.9743701 0 0 0 0 1 0 0 0 0 1 -0.9702957 0.241922 0 0 -0.241922 -0.9702957 0 0 0 0 1 0 0 0 0 1 -0.9659258 0.2588193 0 0 -0.2588193 -0.9659258 0 0 0 0 1 0 0 0 0 1 -0.9612616 0.2756375 0 0 -0.2756375 -0.9612616 0 0 0 0 1 0 0 0 0 1 -0.9563047 0.292372 0 0 -0.292372 -0.9563047 0 0 0 0 1 0 0 0 0 1 -0.9510565 0.309017 0 0 -0.309017 -0.9510565 0 0 0 0 1 0 0 0 0 1 -0.9455186 0.3255683 0 0 -0.3255683 -0.9455186 0 0 0 0 1 0 0 0 0 1 -0.9396926 0.3420202 0 0 -0.3420202 -0.9396926 0 0 0 0 1 0 0 0 0 1 -0.9335804 0.3583681 0 0 -0.3583681 -0.9335804 0 0 0 0 1 0 0 0 0 1 -0.9271838 0.3746066 0 0 -0.3746066 -0.9271838 0 0 0 0 1 0 0 0 0 1 -0.9205047 0.3907313 0 0 -0.3907313 -0.9205047 0 0 0 0 1 0 0 0 0 1 -0.9135453 0.4067369 0 0 -0.4067369 -0.9135453 0 0 0 0 1 0 0 0 0 1 -0.9063078 0.4226183 0 0 -0.4226183 -0.9063078 0 0 0 0 1 0 0 0 0 1 -0.898794 0.4383713 0 0 -0.4383713 -0.898794 0 0 0 0 1 0 0 0 0 1 -0.8910065 0.4539905 0 0 -0.4539905 -0.8910065 0 0 0 0 1 0 0 0 0 1 -0.8829475 0.4694717 0 0 -0.4694717 -0.8829475 0 0 0 0 1 0 0 0 0 1 -0.8746197 0.4848097 0 0 -0.4848097 -0.8746197 0 0 0 0 1 0 0 0 0 1 -0.8660253 0.5000002 0 0 -0.5000002 -0.8660253 0 0 0 0 1 0 0 0 0 1 -0.8571671 0.5150384 0 0 -0.5150384 -0.8571671 0 0 0 0 1 0 0 0 0 1 -0.8480481 0.5299193 0 0 -0.5299193 -0.8480481 0 0 0 0 1 0 0 0 0 1 -0.8386706 0.544639 0 0 -0.544639 -0.8386706 0 0 0 0 1 0 0 0 0 1 -0.8290375 0.559193 0 0 -0.559193 -0.8290375 0 0 0 0 1 0 0 0 0 1 -0.8191519 0.5735766 0 0 -0.5735766 -0.8191519 0 0 0 0 1 0 0 0 0 1 -0.8090169 0.5877854 0 0 -0.5877854 -0.8090169 0 0 0 0 1 0 0 0 0 1 -0.7986354 0.6018152 0 0 -0.6018152 -0.7986354 0 0 0 0 1 0 0 0 0 1 -0.7880108 0.6156614 0 0 -0.6156614 -0.7880108 0 0 0 0 1 0 0 0 0 1 -0.7771459 0.6293204 0 0 -0.6293204 -0.7771459 0 0 0 0 1 0 0 0 0 1 -0.7660445 0.6427876 0 0 -0.6427876 -0.7660445 0 0 0 0 1 0 0 0 0 1 -0.7547095 0.6560591 0 0 -0.6560591 -0.7547095 0 0 0 0 1 0 0 0 0 1 -0.7431447 0.6691308 0 0 -0.6691308 -0.7431447 0 0 0 0 1 0 0 0 0 1 -0.7313536 0.6819984 0 0 -0.6819984 -0.7313536 0 0 0 0 1 0 0 0 0 1 -0.7193396 0.6946586 0 0 -0.6946586 -0.7193396 0 0 0 0 1 0 0 0 0 1 -0.7071068 0.7071067 0 0 -0.7071067 -0.7071068 0 0 0 0 1 0 0 0 0 1 -0.6946583 0.7193398 0 0 -0.7193398 -0.6946583 0 0 0 0 1 0 0 0 0 1 -0.6819984 0.7313537 0 0 -0.7313537 -0.6819984 0 0 0 0 1 0 0 0 0 1 -0.6691305 0.7431449 0 0 -0.7431449 -0.6691305 0 0 0 0 1 0 0 0 0 1 -0.6560588 0.7547097 0 0 -0.7547097 -0.6560588 0 0 0 0 1 0 0 0 0 1 -0.6427875 0.7660446 0 0 -0.7660446 -0.6427875 0 0 0 0 1 0 0 0 0 1 -0.6293203 0.777146 0 0 -0.777146 -0.6293203 0 0 0 0 1 0 0 0 0 1 -0.6156615 0.7880107 0 0 -0.7880107 -0.6156615 0 0 0 0 1 0 0 0 0 1 -0.6018152 0.7986354 0 0 -0.7986354 -0.6018152 0 0 0 0 1 0 0 0 0 1 -0.5877851 0.8090171 0 0 -0.8090171 -0.5877851 0 0 0 0 1 0 0 0 0 1 -0.5735763 0.8191521 0 0 -0.8191521 -0.5735763 0 0 0 0 1 0 0 0 0 1 -0.5591929 0.8290376 0 0 -0.8290376 -0.5591929 0 0 0 0 1 0 0 0 0 1 -0.5446387 0.8386708 0 0 -0.8386708 -0.5446387 0 0 0 0 1 0 0 0 0 1 -0.529919 0.8480483 0 0 -0.8480483 -0.529919 0 0 0 0 1 0 0 0 0 1 -0.5150383 0.8571672 0 0 -0.8571672 -0.5150383 0 0 0 0 1 0 0 0 0 1 -0.4999999 0.8660254 0 0 -0.8660254 -0.4999999 0 0 0 0 1 0 0 0 0 1 -0.4848096 0.8746197 0 0 -0.8746197 -0.4848096 0 0 0 0 1 0 0 0 0 1 -0.4694716 0.8829476 0 0 -0.8829476 -0.4694716 0 0 0 0 1 0 0 0 0 1 -0.4539902 0.8910066 0 0 -0.8910066 -0.4539902 0 0 0 0 1 0 0 0 0 1 -0.438371 0.8987941 0 0 -0.8987941 -0.438371 0 0 0 0 1 0 0 0 0 1 -0.4226182 0.9063078 0 0 -0.9063078 -0.4226182 0 0 0 0 1 0 0 0 0 1 -0.4067366 0.9135454 0 0 -0.9135454 -0.4067366 0 0 0 0 1 0 0 0 0 1 -0.3907312 0.9205048 0 0 -0.9205048 -0.3907312 0 0 0 0 1 0 0 0 0 1 -0.3746063 0.927184 0 0 -0.927184 -0.3746063 0 0 0 0 1 0 0 0 0 1 -0.3583678 0.9335805 0 0 -0.9335805 -0.3583678 0 0 0 0 1 0 0 0 0 1 -0.3420201 0.9396927 0 0 -0.9396927 -0.3420201 0 0 0 0 1 0 0 0 0 1 -0.3255682 0.9455186 0 0 -0.9455186 -0.3255682 0 0 0 0 1 0 0 0 0 1 -0.3090166 0.9510566 0 0 -0.9510566 -0.3090166 0 0 0 0 1 0 0 0 0 1 -0.2923719 0.9563047 0 0 -0.9563047 -0.2923719 0 0 0 0 1 0 0 0 0 1 -0.2756372 0.9612617 0 0 -0.9612617 -0.2756372 0 0 0 0 1 0 0 0 0 1 -0.258819 0.9659259 0 0 -0.9659259 -0.258819 0 0 0 0 1 0 0 0 0 1 -0.2419219 0.9702957 0 0 -0.9702957 -0.2419219 0 0 0 0 1 0 0 0 0 1 -0.2249507 0.9743701 0 0 -0.9743701 -0.2249507 0 0 0 0 1 0 0 0 0 1 -0.2079114 0.9781476 0 0 -0.9781476 -0.2079114 0 0 0 0 1 0 0 0 0 1 -0.1908088 0.9816272 0 0 -0.9816272 -0.1908088 0 0 0 0 1 0 0 0 0 1 -0.1736481 0.9848078 0 0 -0.9848078 -0.1736481 0 0 0 0 1 0 0 0 0 1 -0.1564345 0.9876883 0 0 -0.9876883 -0.1564345 0 0 0 0 1 0 0 0 0 1 -0.1391733 0.9902681 0 0 -0.9902681 -0.1391733 0 0 0 0 1 0 0 0 0 1 -0.1218691 0.9925462 0 0 -0.9925462 -0.1218691 0 0 0 0 1 0 0 0 0 1 -0.1045283 0.9945219 0 0 -0.9945219 -0.1045283 0 0 0 0 1 0 0 0 0 1 -0.08715571 0.9961947 0 0 -0.9961947 -0.08715571 0 0 0 0 1 0 0 0 0 1 -0.06975607 0.9975641 0 0 -0.9975641 -0.06975607 0 0 0 0 1 0 0 0 0 1 -0.05233612 0.9986295 0 0 -0.9986295 -0.05233612 0 0 0 0 1 0 0 0 0 1 -0.03489929 0.9993908 0 0 -0.9993908 -0.03489929 0 0 0 0 1 0 0 0 0 1 -0.0174523 0.9998477 0 0 -0.9998477 -0.0174523 0 0 0 0 1 0 0 0 0 1 1.19249e-8 1 0 0 -1 1.19249e-8 0 0 0 0 1 0 0 0 0 1 0.0174528 0.9998477 0 0 -0.9998477 0.0174528 0 0 0 0 1 0 0 0 0 1 0.03489979 0.9993908 0 0 -0.9993908 0.03489979 0 0 0 0 1 0 0 0 0 1 0.05233615 0.9986295 0 0 -0.9986295 0.05233615 0 0 0 0 1 0 0 0 0 1 0.06975657 0.997564 0 0 -0.997564 0.06975657 0 0 0 0 1 0 0 0 0 1 0.08715574 0.9961947 0 0 -0.9961947 0.08715574 0 0 0 0 1 0 0 0 0 1 0.1045284 0.9945219 0 0 -0.9945219 0.1045284 0 0 0 0 1 0 0 0 0 1 0.1218696 0.9925461 0 0 -0.9925461 0.1218696 0 0 0 0 1 0 0 0 0 1 0.1391733 0.9902681 0 0 -0.9902681 0.1391733 0 0 0 0 1 0 0 0 0 1 0.1564345 0.9876883 0 0 -0.9876883 0.1564345 0 0 0 0 1 0 0 0 0 1 0.1736486 0.9848077 0 0 -0.9848077 0.1736486 0 0 0 0 1 0 0 0 0 1 0.1908089 0.9816272 0 0 -0.9816272 0.1908089 0 0 0 0 1 0 0 0 0 1 0.2079119 0.9781476 0 0 -0.9781476 0.2079119 0 0 0 0 1 0 0 0 0 1 0.2249512 0.97437 0 0 -0.97437 0.2249512 0 0 0 0 1 0 0 0 0 1 0.2419219 0.9702957 0 0 -0.9702957 0.2419219 0 0 0 0 1 0 0 0 0 1 0.2588195 0.9659257 0 0 -0.9659257 0.2588195 0 0 0 0 1 0 0 0 0 1 0.2756377 0.9612616 0 0 -0.9612616 0.2756377 0 0 0 0 1 0 0 0 0 1 0.2923719 0.9563047 0 0 -0.9563047 0.2923719 0 0 0 0 1 0 0 0 0 1 0.3090171 0.9510565 0 0 -0.9510565 0.3090171 0 0 0 0 1 0 0 0 0 1 0.3255682 0.9455186 0 0 -0.9455186 0.3255682 0 0 0 0 1 0 0 0 0 1 0.3420201 0.9396926 0 0 -0.9396926 0.3420201 0 0 0 0 1 0 0 0 0 1 0.3583682 0.9335803 0 0 -0.9335803 0.3583682 0 0 0 0 1 0 0 0 0 1 0.3746068 0.9271837 0 0 -0.9271837 0.3746068 0 0 0 0 1 0 0 0 0 1 0.3907312 0.9205048 0 0 -0.9205048 0.3907312 0 0 0 0 1 0 0 0 0 1 0.4067371 0.9135453 0 0 -0.9135453 0.4067371 0 0 0 0 1 0 0 0 0 1 0.4226182 0.9063078 0 0 -0.9063078 0.4226182 0 0 0 0 1 0 0 0 0 1 0.4383714 0.8987939 0 0 -0.8987939 0.4383714 0 0 0 0 1 0 0 0 0 1 0.4539907 0.8910064 0 0 -0.8910064 0.4539907 0 0 0 0 1 0 0 0 0 1 0.4694717 0.8829476 0 0 -0.8829476 0.4694717 0 0 0 0 1 0 0 0 0 1 0.4848096 0.8746197 0 0 -0.8746197 0.4848096 0 0 0 0 1 0 0 0 0 1 0.5000004 0.8660252 0 0 -0.8660252 0.5000004 0 0 0 0 1 0 0 0 0 1 0.5150379 0.8571674 0 0 -0.8571674 0.5150379 0 0 0 0 1 0 0 0 0 1 0.5299194 0.848048 0 0 -0.848048 0.5299194 0 0 0 0 1 0 0 0 0 1 0.5446391 0.8386705 0 0 -0.8386705 0.5446391 0 0 0 0 1 0 0 0 0 1 0.5591929 0.8290376 0 0 -0.8290376 0.5591929 0 0 0 0 1 0 0 0 0 1 0.5735767 0.8191518 0 0 -0.8191518 0.5735767 0 0 0 0 1 0 0 0 0 1 0.5877855 0.8090168 0 0 -0.8090168 0.5877855 0 0 0 0 1 0 0 0 0 1 0.6018152 0.7986354 0 0 -0.7986354 0.6018152 0 0 0 0 1 0 0 0 0 1 0.6156615 0.7880107 0 0 -0.7880107 0.6156615 0 0 0 0 1 0 0 0 0 1 0.6293204 0.777146 0 0 -0.777146 0.6293204 0 0 0 0 1 0 0 0 0 1 0.6427875 0.7660445 0 0 -0.7660445 0.6427875 0 0 0 0 1 0 0 0 0 1 0.6560592 0.7547094 0 0 -0.7547094 0.6560592 0 0 0 0 1 0 0 0 0 1 0.6691307 0.7431448 0 0 -0.7431448 0.6691307 0 0 0 0 1 0 0 0 0 1 0.6819984 0.7313536 0 0 -0.7313536 0.6819984 0 0 0 0 1 0 0 0 0 1 0.6946587 0.7193395 0 0 -0.7193395 0.6946587 0 0 0 0 1 0 0 0 0 1 0.7071066 0.7071069 0 0 -0.7071069 0.7071066 0 0 0 0 1 0 0 0 0 1 0.71934 0.6946582 0 0 -0.6946582 0.71934 0 0 0 0 1 0 0 0 0 1 0.7313538 0.6819983 0 0 -0.6819983 0.7313538 0 0 0 0 1 0 0 0 0 1 0.7431449 0.6691306 0 0 -0.6691306 0.7431449 0 0 0 0 1 0 0 0 0 1 0.7547098 0.6560587 0 0 -0.6560587 0.7547098 0 0 0 0 1 0 0 0 0 1 0.7660446 0.6427874 0 0 -0.6427874 0.7660446 0 0 0 0 1 0 0 0 0 1 0.7771461 0.6293202 0 0 -0.6293202 0.7771461 0 0 0 0 1 0 0 0 0 1 0.7880108 0.6156614 0 0 -0.6156614 0.7880108 0 0 0 0 1 0 0 0 0 1 0.7986355 0.601815 0 0 -0.601815 0.7986355 0 0 0 0 1 0 0 0 0 1 0.8090169 0.5877853 0 0 -0.5877853 0.8090169 0 0 0 0 1 0 0 0 0 1 0.8191522 0.5735762 0 0 -0.5735762 0.8191522 0 0 0 0 1 0 0 0 0 1 0.8290374 0.5591931 0 0 -0.5591931 0.8290374 0 0 0 0 1 0 0 0 0 1 0.8386706 0.5446389 0 0 -0.5446389 0.8386706 0 0 0 0 1 0 0 0 0 1 0.8480481 0.5299193 0 0 -0.5299193 0.8480481 0 0 0 0 1 0 0 0 0 1 0.8571672 0.5150381 0 0 -0.5150381 0.8571672 0 0 0 0 1 0 0 0 0 1 0.8660256 0.4999998 0 0 -0.4999998 0.8660256 0 0 0 0 1 0 0 0 0 1 0.8746198 0.4848095 0 0 -0.4848095 0.8746198 0 0 0 0 1 0 0 0 0 1 0.8829476 0.4694715 0 0 -0.4694715 0.8829476 0 0 0 0 1 0 0 0 0 1 0.8910065 0.4539905 0 0 -0.4539905 0.8910065 0 0 0 0 1 0 0 0 0 1 0.8987942 0.4383708 0 0 -0.4383708 0.8987942 0 0 0 0 1 0 0 0 0 1 0.9063079 0.422618 0 0 -0.422618 0.9063079 0 0 0 0 1 0 0 0 0 1 0.9135455 0.4067365 0 0 -0.4067365 0.9135455 0 0 0 0 1 0 0 0 0 1 0.920505 0.3907306 0 0 -0.3907306 0.920505 0 0 0 0 1 0 0 0 0 1 0.927184 0.3746062 0 0 -0.3746062 0.927184 0 0 0 0 1 0 0 0 0 1 0.9335806 0.3583676 0 0 -0.3583676 0.9335806 0 0 0 0 1 0 0 0 0 1 0.9396926 0.3420204 0 0 -0.3420204 0.9396926 0 0 0 0 1 0 0 0 0 1 0.9455186 0.325568 0 0 -0.325568 0.9455186 0 0 0 0 1 0 0 0 0 1 0.9510565 0.3090169 0 0 -0.3090169 0.9510565 0 0 0 0 1 0 0 0 0 1 0.9563047 0.2923717 0 0 -0.2923717 0.9563047 0 0 0 0 1 0 0 0 0 1 0.9612616 0.2756375 0 0 -0.2756375 0.9612616 0 0 0 0 1 0 0 0 0 1 0.9659259 0.2588188 0 0 -0.2588188 0.9659259 0 0 0 0 1 0 0 0 0 1 0.9702958 0.2419218 0 0 -0.2419218 0.9702958 0 0 0 0 1 0 0 0 0 1 0.9743701 0.224951 0 0 -0.224951 0.9743701 0 0 0 0 1 0 0 0 0 1 0.9781477 0.2079113 0 0 -0.2079113 0.9781477 0 0 0 0 1 0 0 0 0 1 0.9816272 0.1908087 0 0 -0.1908087 0.9816272 0 0 0 0 1 0 0 0 0 1 0.9848078 0.173648 0 0 -0.173648 0.9848078 0 0 0 0 1 0 0 0 0 1 0.9876884 0.1564339 0 0 -0.1564339 0.9876884 0 0 0 0 1 0 0 0 0 1 0.9902681 0.1391726 0 0 -0.1391726 0.9902681 0 0 0 0 1 0 0 0 0 1 0.9925461 0.1218694 0 0 -0.1218694 0.9925461 0 0 0 0 1 0 0 0 0 1 0.9945219 0.1045287 0 0 -0.1045287 0.9945219 0 0 0 0 1 0 0 0 0 1 0.9961947 0.08715603 0 0 -0.08715603 0.9961947 0 0 0 0 1 0 0 0 0 1 0.9975641 0.06975638 0 0 -0.06975638 0.9975641 0 0 0 0 1 0 0 0 0 1 0.9986295 0.05233596 0 0 -0.05233596 0.9986295 0 0 0 0 1 0 0 0 0 1 0.9993908 0.0348996 0 0 -0.0348996 0.9993908 0 0 0 0 1 0 0 0 0 1 0.9998477 0.01745213 0 0 -0.01745213 0.9998477 0 0 0 0 1 0 0 0 0 1 1 -1.74846e-7 0 0 1.74846e-7 1 0 0 0 0 1 0 0 0 0 1</float_array>
          <technique_common>
            <accessor source="#_0250410_110052_D_12_5_k_7_Area3_str_003_20250410_110052_D_12_5_k_7_Area3_str_001Action_144_transform-output-array" count="361" stride="16">
              <param name="TRANSFORM" type="float4x4"/>
            </accessor>
          </technique_common>
        </source>
        <source id="_0250410_110052_D_12_5_k_7_Area3_str_003_20250410_110052_D_12_5_k_7_Area3_str_001Action_144_transform-interpolation">
          <Name_array id="_0250410_110052_D_12_5_k_7_Area3_str_003_20250410_110052_D_12_5_k_7_Area3_str_001Action_144_transform-interpolation-array" count="361">LINEAR LINEAR LINEAR LINEAR LINEAR LINEAR LINEAR LINEAR LINEAR LINEAR LINEAR LINEAR LINEAR LINEAR LINEAR LINEAR LINEAR LINEAR LINEAR LINEAR LINEAR LINEAR LINEAR LINEAR LINEAR LINEAR LINEAR LINEAR LINEAR LINEAR LINEAR LINEAR LINEAR LINEAR LINEAR LINEAR LINEAR LINEAR LINEAR LINEAR LINEAR LINEAR LINEAR LINEAR LINEAR LINEAR LINEAR LINEAR LINEAR LINEAR LINEAR LINEAR LINEAR LINEAR LINEAR LINEAR LINEAR LINEAR LINEAR LINEAR LINEAR LINEAR LINEAR LINEAR LINEAR LINEAR LINEAR LINEAR LINEAR LINEAR LINEAR LINEAR LINEAR LINEAR LINEAR LINEAR LINEAR LINEAR LINEAR LINEAR LINEAR LINEAR LINEAR LINEAR LINEAR LINEAR LINEAR LINEAR LINEAR LINEAR LINEAR LINEAR LINEAR LINEAR LINEAR LINEAR LINEAR LINEAR LINEAR LINEAR LINEAR LINEAR LINEAR LINEAR LINEAR LINEAR LINEAR LINEAR LINEAR LINEAR LINEAR LINEAR LINEAR LINEAR LINEAR LINEAR LINEAR LINEAR LINEAR LINEAR LINEAR LINEAR LINEAR LINEAR LINEAR LINEAR LINEAR LINEAR LINEAR LINEAR LINEAR LINEAR LINEAR LINEAR LINEAR LINEAR LINEAR LINEAR LINEAR LINEAR LINEAR LINEAR LINEAR LINEAR LINEAR LINEAR LINEAR LINEAR LINEAR LINEAR LINEAR LINEAR LINEAR LINEAR LINEAR LINEAR LINEAR LINEAR LINEAR LINEAR LINEAR LINEAR LINEAR LINEAR LINEAR LINEAR LINEAR LINEAR LINEAR LINEAR LINEAR LINEAR LINEAR LINEAR LINEAR LINEAR LINEAR LINEAR LINEAR LINEAR LINEAR LINEAR LINEAR LINEAR LINEAR LINEAR LINEAR LINEAR LINEAR LINEAR LINEAR LINEAR LINEAR LINEAR LINEAR LINEAR LINEAR LINEAR LINEAR LINEAR LINEAR LINEAR LINEAR LINEAR LINEAR LINEAR LINEAR LINEAR LINEAR LINEAR LINEAR LINEAR LINEAR LINEAR LINEAR LINEAR LINEAR LINEAR LINEAR LINEAR LINEAR LINEAR LINEAR LINEAR LINEAR LINEAR LINEAR LINEAR LINEAR LINEAR LINEAR LINEAR LINEAR LINEAR LINEAR LINEAR LINEAR LINEAR LINEAR LINEAR LINEAR LINEAR LINEAR LINEAR LINEAR LINEAR LINEAR LINEAR LINEAR LINEAR LINEAR LINEAR LINEAR LINEAR LINEAR LINEAR LINEAR LINEAR LINEAR LINEAR LINEAR LINEAR LINEAR LINEAR LINEAR LINEAR LINEAR LINEAR LINEAR LINEAR LINEAR LINEAR LINEAR LINEAR LINEAR LINEAR LINEAR LINEAR LINEAR LINEAR LINEAR LINEAR LINEAR LINEAR LINEAR LINEAR LINEAR LINEAR LINEAR LINEAR LINEAR LINEAR LINEAR LINEAR LINEAR LINEAR LINEAR LINEAR LINEAR LINEAR LINEAR LINEAR LINEAR LINEAR LINEAR LINEAR LINEAR LINEAR LINEAR LINEAR LINEAR LINEAR LINEAR LINEAR LINEAR LINEAR LINEAR LINEAR LINEAR LINEAR LINEAR LINEAR LINEAR LINEAR LINEAR LINEAR LINEAR LINEAR LINEAR LINEAR LINEAR LINEAR LINEAR LINEAR LINEAR LINEAR LINEAR LINEAR LINEAR LINEAR LINEAR LINEAR LINEAR LINEAR LINEAR LINEAR LINEAR LINEAR LINEAR LINEAR LINEAR LINEAR LINEAR LINEAR LINEAR LINEAR LINEAR LINEAR LINEAR LINEAR LINEAR</Name_array>
          <technique_common>
            <accessor source="#_0250410_110052_D_12_5_k_7_Area3_str_003_20250410_110052_D_12_5_k_7_Area3_str_001Action_144_transform-interpolation-array" count="361" stride="1">
              <param name="INTERPOLATION" type="name"/>
            </accessor>
          </technique_common>
        </source>
        <sampler id="_0250410_110052_D_12_5_k_7_Area3_str_003_20250410_110052_D_12_5_k_7_Area3_str_001Action_144_transform-sampler">
          <input semantic="INPUT" source="#_0250410_110052_D_12_5_k_7_Area3_str_003_20250410_110052_D_12_5_k_7_Area3_str_001Action_144_transform-input"/>
          <input semantic="OUTPUT" source="#_0250410_110052_D_12_5_k_7_Area3_str_003_20250410_110052_D_12_5_k_7_Area3_str_001Action_144_transform-output"/>
          <input semantic="INTERPOLATION" source="#_0250410_110052_D_12_5_k_7_Area3_str_003_20250410_110052_D_12_5_k_7_Area3_str_001Action_144_transform-interpolation"/>
        </sampler>
        <channel source="#_0250410_110052_D_12_5_k_7_Area3_str_003_20250410_110052_D_12_5_k_7_Area3_str_001Action_144_transform-sampler" target="_0250410_110052_D_12_5_k_7_Area3_str_003/transform"/>
      </animation>
    </animation>
    <animation id="action_container-_0250410_110052_D_12_5_k_7_Area4_str_003" name="20250410_110052_D=12.5_k=7_Area4_str.003">
      <animation id="_0250410_110052_D_12_5_k_7_Area4_str_003_20250410_110052_D_12_5_k_7_Area4_str_001Action_144_transform" name="20250410_110052_D=12.5_k=7_Area4_str.003">
        <source id="_0250410_110052_D_12_5_k_7_Area4_str_003_20250410_110052_D_12_5_k_7_Area4_str_001Action_144_transform-input">
          <float_array id="_0250410_110052_D_12_5_k_7_Area4_str_003_20250410_110052_D_12_5_k_7_Area4_str_001Action_144_transform-input-array" count="361">0 0.04166662 0.08333331 0.125 0.1666666 0.2083333 0.25 0.2916666 0.3333333 0.375 0.4166666 0.4583333 0.5 0.5416667 0.5833333 0.625 0.6666667 0.7083333 0.75 0.7916667 0.8333333 0.875 0.9166667 0.9583333 1 1.041667 1.083333 1.125 1.166667 1.208333 1.25 1.291667 1.333333 1.375 1.416667 1.458333 1.5 1.541667 1.583333 1.625 1.666667 1.708333 1.75 1.791667 1.833333 1.875 1.916667 1.958333 2 2.041667 2.083333 2.125 2.166667 2.208333 2.25 2.291667 2.333333 2.375 2.416667 2.458333 2.5 2.541667 2.583333 2.625 2.666667 2.708333 2.75 2.791667 2.833333 2.875 2.916667 2.958333 3 3.041667 3.083333 3.125 3.166667 3.208333 3.25 3.291667 3.333333 3.375 3.416667 3.458333 3.5 3.541667 3.583333 3.625 3.666667 3.708333 3.75 3.791667 3.833333 3.875 3.916667 3.958333 4 4.041666 4.083333 4.125 4.166666 4.208333 4.25 4.291666 4.333333 4.375 4.416666 4.458333 4.5 4.541666 4.583333 4.625 4.666666 4.708333 4.75 4.791666 4.833333 4.875 4.916666 4.958333 5 5.041666 5.083333 5.125 5.166666 5.208333 5.25 5.291666 5.333333 5.375 5.416666 5.458333 5.5 5.541666 5.583333 5.625 5.666666 5.708333 5.75 5.791666 5.833333 5.875 5.916666 5.958333 6 6.041666 6.083333 6.125 6.166666 6.208333 6.25 6.291666 6.333333 6.375 6.416666 6.458333 6.5 6.541666 6.583333 6.625 6.666666 6.708333 6.75 6.791666 6.833333 6.875 6.916666 6.958333 7 7.041666 7.083333 7.125 7.166666 7.208333 7.25 7.291666 7.333333 7.375 7.416666 7.458333 7.5 7.541666 7.583333 7.625 7.666666 7.708333 7.75 7.791666 7.833333 7.875 7.916666 7.958333 8 8.041667 8.083333 8.125 8.166667 8.208333 8.25 8.291667 8.333333 8.375 8.416667 8.458333 8.5 8.541667 8.583333 8.625 8.666667 8.708333 8.75 8.791667 8.833333 8.875 8.916667 8.958333 9 9.041667 9.083333 9.125 9.166667 9.208333 9.25 9.291667 9.333333 9.375 9.416667 9.458333 9.5 9.541667 9.583333 9.625 9.666667 9.708333 9.75 9.791667 9.833333 9.875 9.916667 9.958333 10 10.04167 10.08333 10.125 10.16667 10.20833 10.25 10.29167 10.33333 10.375 10.41667 10.45833 10.5 10.54167 10.58333 10.625 10.66667 10.70833 10.75 10.79167 10.83333 10.875 10.91667 10.95833 11 11.04167 11.08333 11.125 11.16667 11.20833 11.25 11.29167 11.33333 11.375 11.41667 11.45833 11.5 11.54167 11.58333 11.625 11.66667 11.70833 11.75 11.79167 11.83333 11.875 11.91667 11.95833 12 12.04167 12.08333 12.125 12.16667 12.20833 12.25 12.29167 12.33333 12.375 12.41667 12.45833 12.5 12.54167 12.58333 12.625 12.66667 12.70833 12.75 12.79167 12.83333 12.875 12.91667 12.95833 13 13.04167 13.08333 13.125 13.16667 13.20833 13.25 13.29167 13.33333 13.375 13.41667 13.45833 13.5 13.54167 13.58333 13.625 13.66667 13.70833 13.75 13.79167 13.83333 13.875 13.91667 13.95833 14 14.04167 14.08333 14.125 14.16667 14.20833 14.25 14.29167 14.33333 14.375 14.41667 14.45833 14.5 14.54167 14.58333 14.625 14.66667 14.70833 14.75 14.79167 14.83333 14.875 14.91667 14.95833 15</float_array>
          <technique_common>
            <accessor source="#_0250410_110052_D_12_5_k_7_Area4_str_003_20250410_110052_D_12_5_k_7_Area4_str_001Action_144_transform-input-array" count="361" stride="1">
              <param name="TIME" type="float"/>
            </accessor>
          </technique_common>
        </source>
        <source id="_0250410_110052_D_12_5_k_7_Area4_str_003_20250410_110052_D_12_5_k_7_Area4_str_001Action_144_transform-output">
          <float_array id="_0250410_110052_D_12_5_k_7_Area4_str_003_20250410_110052_D_12_5_k_7_Area4_str_001Action_144_transform-output-array" count="5776">1 0 0 0 0 1 0 0 0 0 1 0 0 0 0 1 0.9998477 -0.01745241 0 0 0.01745241 0.9998477 0 0 0 0 1 0 0 0 0 1 0.9993908 -0.0348995 0 0 0.0348995 0.9993908 0 0 0 0 1 0 0 0 0 1 0.9986295 -0.05233596 0 0 0.05233596 0.9986295 0 0 0 0 1 0 0 0 0 1 0.9975641 -0.06975647 0 0 0.06975647 0.9975641 0 0 0 0 1 0 0 0 0 1 0.9961947 -0.08715574 0 0 0.08715574 0.9961947 0 0 0 0 1 0 0 0 0 1 0.9945219 -0.1045285 0 0 0.1045285 0.9945219 0 0 0 0 1 0 0 0 0 1 0.9925461 -0.1218693 0 0 0.1218693 0.9925461 0 0 0 0 1 0 0 0 0 1 0.9902681 -0.1391731 0 0 0.1391731 0.9902681 0 0 0 0 1 0 0 0 0 1 0.9876884 -0.1564345 0 0 0.1564345 0.9876884 0 0 0 0 1 0 0 0 0 1 0.9848077 -0.1736482 0 0 0.1736482 0.9848077 0 0 0 0 1 0 0 0 0 1 0.9816272 -0.190809 0 0 0.190809 0.9816272 0 0 0 0 1 0 0 0 0 1 0.9781476 -0.2079117 0 0 0.2079117 0.9781476 0 0 0 0 1 0 0 0 0 1 0.9743701 -0.2249511 0 0 0.2249511 0.9743701 0 0 0 0 1 0 0 0 0 1 0.9702957 -0.2419219 0 0 0.2419219 0.9702957 0 0 0 0 1 0 0 0 0 1 0.9659258 -0.258819 0 0 0.258819 0.9659258 0 0 0 0 1 0 0 0 0 1 0.9612617 -0.2756374 0 0 0.2756374 0.9612617 0 0 0 0 1 0 0 0 0 1 0.9563047 -0.2923717 0 0 0.2923717 0.9563047 0 0 0 0 1 0 0 0 0 1 0.9510565 -0.309017 0 0 0.309017 0.9510565 0 0 0 0 1 0 0 0 0 1 0.9455186 -0.3255681 0 0 0.3255681 0.9455186 0 0 0 0 1 0 0 0 0 1 0.9396926 -0.3420202 0 0 0.3420202 0.9396926 0 0 0 0 1 0 0 0 0 1 0.9335804 -0.3583679 0 0 0.3583679 0.9335804 0 0 0 0 1 0 0 0 0 1 0.9271839 -0.3746066 0 0 0.3746066 0.9271839 0 0 0 0 1 0 0 0 0 1 0.9205049 -0.3907311 0 0 0.3907311 0.9205049 0 0 0 0 1 0 0 0 0 1 0.9135454 -0.4067366 0 0 0.4067366 0.9135454 0 0 0 0 1 0 0 0 0 1 0.9063078 -0.4226183 0 0 0.4226183 0.9063078 0 0 0 0 1 0 0 0 0 1 0.8987941 -0.4383712 0 0 0.4383712 0.8987941 0 0 0 0 1 0 0 0 0 1 0.8910065 -0.4539905 0 0 0.4539905 0.8910065 0 0 0 0 1 0 0 0 0 1 0.8829476 -0.4694716 0 0 0.4694716 0.8829476 0 0 0 0 1 0 0 0 0 1 0.8746197 -0.4848096 0 0 0.4848096 0.8746197 0 0 0 0 1 0 0 0 0 1 0.8660254 -0.5 0 0 0.5 0.8660254 0 0 0 0 1 0 0 0 0 1 0.8571673 -0.5150381 0 0 0.5150381 0.8571673 0 0 0 0 1 0 0 0 0 1 0.8480481 -0.5299193 0 0 0.5299193 0.8480481 0 0 0 0 1 0 0 0 0 1 0.8386706 -0.5446391 0 0 0.5446391 0.8386706 0 0 0 0 1 0 0 0 0 1 0.8290375 -0.559193 0 0 0.559193 0.8290375 0 0 0 0 1 0 0 0 0 1 0.819152 -0.5735765 0 0 0.5735765 0.819152 0 0 0 0 1 0 0 0 0 1 0.809017 -0.5877852 0 0 0.5877852 0.809017 0 0 0 0 1 0 0 0 0 1 0.7986355 -0.601815 0 0 0.601815 0.7986355 0 0 0 0 1 0 0 0 0 1 0.7880108 -0.6156615 0 0 0.6156615 0.7880108 0 0 0 0 1 0 0 0 0 1 0.7771459 -0.6293204 0 0 0.6293204 0.7771459 0 0 0 0 1 0 0 0 0 1 0.7660444 -0.6427876 0 0 0.6427876 0.7660444 0 0 0 0 1 0 0 0 0 1 0.7547096 -0.656059 0 0 0.656059 0.7547096 0 0 0 0 1 0 0 0 0 1 0.7431448 -0.6691306 0 0 0.6691306 0.7431448 0 0 0 0 1 0 0 0 0 1 0.7313537 -0.6819984 0 0 0.6819984 0.7313537 0 0 0 0 1 0 0 0 0 1 0.7193397 -0.6946584 0 0 0.6946584 0.7193397 0 0 0 0 1 0 0 0 0 1 0.7071068 -0.7071068 0 0 0.7071068 0.7071068 0 0 0 0 1 0 0 0 0 1 0.6946584 -0.7193398 0 0 0.7193398 0.6946584 0 0 0 0 1 0 0 0 0 1 0.6819983 -0.7313538 0 0 0.7313538 0.6819983 0 0 0 0 1 0 0 0 0 1 0.6691306 -0.7431449 0 0 0.7431449 0.6691306 0 0 0 0 1 0 0 0 0 1 0.656059 -0.7547096 0 0 0.7547096 0.656059 0 0 0 0 1 0 0 0 0 1 0.6427876 -0.7660444 0 0 0.7660444 0.6427876 0 0 0 0 1 0 0 0 0 1 0.6293203 -0.777146 0 0 0.777146 0.6293203 0 0 0 0 1 0 0 0 0 1 0.6156614 -0.7880108 0 0 0.7880108 0.6156614 0 0 0 0 1 0 0 0 0 1 0.601815 -0.7986355 0 0 0.7986355 0.601815 0 0 0 0 1 0 0 0 0 1 0.5877852 -0.809017 0 0 0.809017 0.5877852 0 0 0 0 1 0 0 0 0 1 0.5735765 -0.8191521 0 0 0.8191521 0.5735765 0 0 0 0 1 0 0 0 0 1 0.5591928 -0.8290376 0 0 0.8290376 0.5591928 0 0 0 0 1 0 0 0 0 1 0.544639 -0.8386706 0 0 0.8386706 0.544639 0 0 0 0 1 0 0 0 0 1 0.5299193 -0.8480481 0 0 0.8480481 0.5299193 0 0 0 0 1 0 0 0 0 1 0.5150381 -0.8571673 0 0 0.8571673 0.5150381 0 0 0 0 1 0 0 0 0 1 0.5 -0.8660254 0 0 0.8660254 0.5 0 0 0 0 1 0 0 0 0 1 0.4848096 -0.8746197 0 0 0.8746197 0.4848096 0 0 0 0 1 0 0 0 0 1 0.4694715 -0.8829476 0 0 0.8829476 0.4694715 0 0 0 0 1 0 0 0 0 1 0.4539904 -0.8910066 0 0 0.8910066 0.4539904 0 0 0 0 1 0 0 0 0 1 0.4383712 -0.8987941 0 0 0.8987941 0.4383712 0 0 0 0 1 0 0 0 0 1 0.4226182 -0.9063078 0 0 0.9063078 0.4226182 0 0 0 0 1 0 0 0 0 1 0.4067366 -0.9135455 0 0 0.9135455 0.4067366 0 0 0 0 1 0 0 0 0 1 0.3907311 -0.9205049 0 0 0.9205049 0.3907311 0 0 0 0 1 0 0 0 0 1 0.3746065 -0.9271839 0 0 0.9271839 0.3746065 0 0 0 0 1 0 0 0 0 1 0.358368 -0.9335804 0 0 0.9335804 0.358368 0 0 0 0 1 0 0 0 0 1 0.34202 -0.9396927 0 0 0.9396927 0.34202 0 0 0 0 1 0 0 0 0 1 0.3255681 -0.9455186 0 0 0.9455186 0.3255681 0 0 0 0 1 0 0 0 0 1 0.309017 -0.9510565 0 0 0.9510565 0.309017 0 0 0 0 1 0 0 0 0 1 0.2923717 -0.9563048 0 0 0.9563048 0.2923717 0 0 0 0 1 0 0 0 0 1 0.2756373 -0.9612617 0 0 0.9612617 0.2756373 0 0 0 0 1 0 0 0 0 1 0.258819 -0.9659259 0 0 0.9659259 0.258819 0 0 0 0 1 0 0 0 0 1 0.2419219 -0.9702957 0 0 0.9702957 0.2419219 0 0 0 0 1 0 0 0 0 1 0.224951 -0.9743701 0 0 0.9743701 0.224951 0 0 0 0 1 0 0 0 0 1 0.2079117 -0.9781476 0 0 0.9781476 0.2079117 0 0 0 0 1 0 0 0 0 1 0.1908089 -0.9816272 0 0 0.9816272 0.1908089 0 0 0 0 1 0 0 0 0 1 0.1736481 -0.9848078 0 0 0.9848078 0.1736481 0 0 0 0 1 0 0 0 0 1 0.1564345 -0.9876884 0 0 0.9876884 0.1564345 0 0 0 0 1 0 0 0 0 1 0.1391731 -0.9902681 0 0 0.9902681 0.1391731 0 0 0 0 1 0 0 0 0 1 0.1218693 -0.9925461 0 0 0.9925461 0.1218693 0 0 0 0 1 0 0 0 0 1 0.1045284 -0.9945219 0 0 0.9945219 0.1045284 0 0 0 0 1 0 0 0 0 1 0.0871558 -0.9961947 0 0 0.9961947 0.0871558 0 0 0 0 1 0 0 0 0 1 0.06975651 -0.9975641 0 0 0.9975641 0.06975651 0 0 0 0 1 0 0 0 0 1 0.05233585 -0.9986295 0 0 0.9986295 0.05233585 0 0 0 0 1 0 0 0 0 1 0.03489938 -0.9993908 0 0 0.9993908 0.03489938 0 0 0 0 1 0 0 0 0 1 0.01745238 -0.9998477 0 0 0.9998477 0.01745238 0 0 0 0 1 0 0 0 0 1 -4.37114e-8 -1 0 0 1 -4.37114e-8 0 0 0 0 1 0 0 0 0 1 -0.01745247 -0.9998477 0 0 0.9998477 -0.01745247 0 0 0 0 1 0 0 0 0 1 -0.03489946 -0.9993908 0 0 0.9993908 -0.03489946 0 0 0 0 1 0 0 0 0 1 -0.05233594 -0.9986295 0 0 0.9986295 -0.05233594 0 0 0 0 1 0 0 0 0 1 -0.0697566 -0.997564 0 0 0.997564 -0.0697566 0 0 0 0 1 0 0 0 0 1 -0.08715589 -0.9961947 0 0 0.9961947 -0.08715589 0 0 0 0 1 0 0 0 0 1 -0.1045285 -0.9945219 0 0 0.9945219 -0.1045285 0 0 0 0 1 0 0 0 0 1 -0.1218694 -0.9925461 0 0 0.9925461 -0.1218694 0 0 0 0 1 0 0 0 0 1 -0.1391732 -0.9902681 0 0 0.9902681 -0.1391732 0 0 0 0 1 0 0 0 0 1 -0.1564344 -0.9876884 0 0 0.9876884 -0.1564344 0 0 0 0 1 0 0 0 0 1 -0.1736482 -0.9848077 0 0 0.9848077 -0.1736482 0 0 0 0 1 0 0 0 0 1 -0.190809 -0.9816272 0 0 0.9816272 -0.190809 0 0 0 0 1 0 0 0 0 1 -0.2079118 -0.9781476 0 0 0.9781476 -0.2079118 0 0 0 0 1 0 0 0 0 1 -0.2249511 -0.9743701 0 0 0.9743701 -0.2249511 0 0 0 0 1 0 0 0 0 1 -0.241922 -0.9702957 0 0 0.9702957 -0.241922 0 0 0 0 1 0 0 0 0 1 -0.2588192 -0.9659258 0 0 0.9659258 -0.2588192 0 0 0 0 1 0 0 0 0 1 -0.2756374 -0.9612617 0 0 0.9612617 -0.2756374 0 0 0 0 1 0 0 0 0 1 -0.2923717 -0.9563047 0 0 0.9563047 -0.2923717 0 0 0 0 1 0 0 0 0 1 -0.309017 -0.9510565 0 0 0.9510565 -0.309017 0 0 0 0 1 0 0 0 0 1 -0.3255681 -0.9455186 0 0 0.9455186 -0.3255681 0 0 0 0 1 0 0 0 0 1 -0.3420201 -0.9396926 0 0 0.9396926 -0.3420201 0 0 0 0 1 0 0 0 0 1 -0.3583681 -0.9335804 0 0 0.9335804 -0.3583681 0 0 0 0 1 0 0 0 0 1 -0.3746067 -0.9271838 0 0 0.9271838 -0.3746067 0 0 0 0 1 0 0 0 0 1 -0.3907312 -0.9205049 0 0 0.9205049 -0.3907312 0 0 0 0 1 0 0 0 0 1 -0.4067367 -0.9135454 0 0 0.9135454 -0.4067367 0 0 0 0 1 0 0 0 0 1 -0.4226183 -0.9063078 0 0 0.9063078 -0.4226183 0 0 0 0 1 0 0 0 0 1 -0.4383711 -0.8987941 0 0 0.8987941 -0.4383711 0 0 0 0 1 0 0 0 0 1 -0.4539906 -0.8910065 0 0 0.8910065 -0.4539906 0 0 0 0 1 0 0 0 0 1 -0.4694716 -0.8829476 0 0 0.8829476 -0.4694716 0 0 0 0 1 0 0 0 0 1 -0.4848098 -0.8746196 0 0 0.8746196 -0.4848098 0 0 0 0 1 0 0 0 0 1 -0.5000001 -0.8660254 0 0 0.8660254 -0.5000001 0 0 0 0 1 0 0 0 0 1 -0.515038 -0.8571673 0 0 0.8571673 -0.515038 0 0 0 0 1 0 0 0 0 1 -0.5299193 -0.848048 0 0 0.848048 -0.5299193 0 0 0 0 1 0 0 0 0 1 -0.5446391 -0.8386706 0 0 0.8386706 -0.5446391 0 0 0 0 1 0 0 0 0 1 -0.559193 -0.8290375 0 0 0.8290375 -0.559193 0 0 0 0 1 0 0 0 0 1 -0.5735765 -0.819152 0 0 0.819152 -0.5735765 0 0 0 0 1 0 0 0 0 1 -0.5877854 -0.8090169 0 0 0.8090169 -0.5877854 0 0 0 0 1 0 0 0 0 1 -0.6018151 -0.7986355 0 0 0.7986355 -0.6018151 0 0 0 0 1 0 0 0 0 1 -0.6156614 -0.7880108 0 0 0.7880108 -0.6156614 0 0 0 0 1 0 0 0 0 1 -0.6293205 -0.7771459 0 0 0.7771459 -0.6293205 0 0 0 0 1 0 0 0 0 1 -0.6427876 -0.7660444 0 0 0.7660444 -0.6427876 0 0 0 0 1 0 0 0 0 1 -0.656059 -0.7547096 0 0 0.7547096 -0.656059 0 0 0 0 1 0 0 0 0 1 -0.6691307 -0.7431448 0 0 0.7431448 -0.6691307 0 0 0 0 1 0 0 0 0 1 -0.6819985 -0.7313536 0 0 0.7313536 -0.6819985 0 0 0 0 1 0 0 0 0 1 -0.6946585 -0.7193397 0 0 0.7193397 -0.6946585 0 0 0 0 1 0 0 0 0 1 -0.7071068 -0.7071068 0 0 0.7071068 -0.7071068 0 0 0 0 1 0 0 0 0 1 -0.7193399 -0.6946583 0 0 0.6946583 -0.7193399 0 0 0 0 1 0 0 0 0 1 -0.7313538 -0.6819983 0 0 0.6819983 -0.7313538 0 0 0 0 1 0 0 0 0 1 -0.7431448 -0.6691306 0 0 0.6691306 -0.7431448 0 0 0 0 1 0 0 0 0 1 -0.7547097 -0.656059 0 0 0.656059 -0.7547097 0 0 0 0 1 0 0 0 0 1 -0.7660446 -0.6427875 0 0 0.6427875 -0.7660446 0 0 0 0 1 0 0 0 0 1 -0.777146 -0.6293203 0 0 0.6293203 -0.777146 0 0 0 0 1 0 0 0 0 1 -0.7880108 -0.6156614 0 0 0.6156614 -0.7880108 0 0 0 0 1 0 0 0 0 1 -0.7986356 -0.6018149 0 0 0.6018149 -0.7986356 0 0 0 0 1 0 0 0 0 1 -0.8090171 -0.5877852 0 0 0.5877852 -0.8090171 0 0 0 0 1 0 0 0 0 1 -0.8191521 -0.5735765 0 0 0.5735765 -0.8191521 0 0 0 0 1 0 0 0 0 1 -0.8290376 -0.5591928 0 0 0.5591928 -0.8290376 0 0 0 0 1 0 0 0 0 1 -0.8386707 -0.5446388 0 0 0.5446388 -0.8386707 0 0 0 0 1 0 0 0 0 1 -0.8480482 -0.5299191 0 0 0.5299191 -0.8480482 0 0 0 0 1 0 0 0 0 1 -0.8571673 -0.515038 0 0 0.515038 -0.8571673 0 0 0 0 1 0 0 0 0 1 -0.8660255 -0.4999998 0 0 0.4999998 -0.8660255 0 0 0 0 1 0 0 0 0 1 -0.8746198 -0.4848095 0 0 0.4848095 -0.8746198 0 0 0 0 1 0 0 0 0 1 -0.8829476 -0.4694716 0 0 0.4694716 -0.8829476 0 0 0 0 1 0 0 0 0 1 -0.8910066 -0.4539904 0 0 0.4539904 -0.8910066 0 0 0 0 1 0 0 0 0 1 -0.8987941 -0.4383711 0 0 0.4383711 -0.8987941 0 0 0 0 1 0 0 0 0 1 -0.9063078 -0.4226183 0 0 0.4226183 -0.9063078 0 0 0 0 1 0 0 0 0 1 -0.9135455 -0.4067366 0 0 0.4067366 -0.9135455 0 0 0 0 1 0 0 0 0 1 -0.9205049 -0.3907309 0 0 0.3907309 -0.9205049 0 0 0 0 1 0 0 0 0 1 -0.9271839 -0.3746065 0 0 0.3746065 -0.9271839 0 0 0 0 1 0 0 0 0 1 -0.9335805 -0.3583679 0 0 0.3583679 -0.9335805 0 0 0 0 1 0 0 0 0 1 -0.9396927 -0.34202 0 0 0.34202 -0.9396927 0 0 0 0 1 0 0 0 0 1 -0.9455186 -0.3255681 0 0 0.3255681 -0.9455186 0 0 0 0 1 0 0 0 0 1 -0.9510565 -0.309017 0 0 0.309017 -0.9510565 0 0 0 0 1 0 0 0 0 1 -0.9563047 -0.2923718 0 0 0.2923718 -0.9563047 0 0 0 0 1 0 0 0 0 1 -0.9612617 -0.2756374 0 0 0.2756374 -0.9612617 0 0 0 0 1 0 0 0 0 1 -0.9659259 -0.2588189 0 0 0.2588189 -0.9659259 0 0 0 0 1 0 0 0 0 1 -0.9702957 -0.2419219 0 0 0.2419219 -0.9702957 0 0 0 0 1 0 0 0 0 1 -0.9743701 -0.2249509 0 0 0.2249509 -0.9743701 0 0 0 0 1 0 0 0 0 1 -0.9781476 -0.2079116 0 0 0.2079116 -0.9781476 0 0 0 0 1 0 0 0 0 1 -0.9816272 -0.1908088 0 0 0.1908088 -0.9816272 0 0 0 0 1 0 0 0 0 1 -0.9848077 -0.1736483 0 0 0.1736483 -0.9848077 0 0 0 0 1 0 0 0 0 1 -0.9876884 -0.1564344 0 0 0.1564344 -0.9876884 0 0 0 0 1 0 0 0 0 1 -0.9902681 -0.1391732 0 0 0.1391732 -0.9902681 0 0 0 0 1 0 0 0 0 1 -0.9925461 -0.1218693 0 0 0.1218693 -0.9925461 0 0 0 0 1 0 0 0 0 1 -0.9945219 -0.1045283 0 0 0.1045283 -0.9945219 0 0 0 0 1 0 0 0 0 1 -0.9961947 -0.08715564 0 0 0.08715564 -0.9961947 0 0 0 0 1 0 0 0 0 1 -0.9975641 -0.06975623 0 0 0.06975623 -0.9975641 0 0 0 0 1 0 0 0 0 1 -0.9986295 -0.05233605 0 0 0.05233605 -0.9986295 0 0 0 0 1 0 0 0 0 1 -0.9993908 -0.03489945 0 0 0.03489945 -0.9993908 0 0 0 0 1 0 0 0 0 1 -0.9998477 -0.01745246 0 0 0.01745246 -0.9998477 0 0 0 0 1 0 0 0 0 1 -1 8.74228e-8 0 0 -8.74228e-8 -1 0 0 0 0 1 0 0 0 0 1 -0.9998477 0.01745263 0 0 -0.01745263 -0.9998477 0 0 0 0 1 0 0 0 0 1 -0.9993908 0.03489963 0 0 -0.03489963 -0.9993908 0 0 0 0 1 0 0 0 0 1 -0.9986295 0.05233622 0 0 -0.05233622 -0.9986295 0 0 0 0 1 0 0 0 0 1 -0.9975641 0.0697564 0 0 -0.0697564 -0.9975641 0 0 0 0 1 0 0 0 0 1 -0.9961947 0.08715581 0 0 -0.08715581 -0.9961947 0 0 0 0 1 0 0 0 0 1 -0.9945219 0.1045284 0 0 -0.1045284 -0.9945219 0 0 0 0 1 0 0 0 0 1 -0.9925461 0.1218695 0 0 -0.1218695 -0.9925461 0 0 0 0 1 0 0 0 0 1 -0.9902681 0.1391733 0 0 -0.1391733 -0.9902681 0 0 0 0 1 0 0 0 0 1 -0.9876883 0.1564346 0 0 -0.1564346 -0.9876883 0 0 0 0 1 0 0 0 0 1 -0.9848077 0.1736485 0 0 -0.1736485 -0.9848077 0 0 0 0 1 0 0 0 0 1 -0.9816272 0.190809 0 0 -0.190809 -0.9816272 0 0 0 0 1 0 0 0 0 1 -0.9781476 0.2079118 0 0 -0.2079118 -0.9781476 0 0 0 0 1 0 0 0 0 1 -0.9743701 0.224951 0 0 -0.224951 -0.9743701 0 0 0 0 1 0 0 0 0 1 -0.9702957 0.241922 0 0 -0.241922 -0.9702957 0 0 0 0 1 0 0 0 0 1 -0.9659258 0.2588193 0 0 -0.2588193 -0.9659258 0 0 0 0 1 0 0 0 0 1 -0.9612616 0.2756375 0 0 -0.2756375 -0.9612616 0 0 0 0 1 0 0 0 0 1 -0.9563047 0.292372 0 0 -0.292372 -0.9563047 0 0 0 0 1 0 0 0 0 1 -0.9510565 0.309017 0 0 -0.309017 -0.9510565 0 0 0 0 1 0 0 0 0 1 -0.9455186 0.3255683 0 0 -0.3255683 -0.9455186 0 0 0 0 1 0 0 0 0 1 -0.9396926 0.3420202 0 0 -0.3420202 -0.9396926 0 0 0 0 1 0 0 0 0 1 -0.9335804 0.3583681 0 0 -0.3583681 -0.9335804 0 0 0 0 1 0 0 0 0 1 -0.9271838 0.3746066 0 0 -0.3746066 -0.9271838 0 0 0 0 1 0 0 0 0 1 -0.9205047 0.3907313 0 0 -0.3907313 -0.9205047 0 0 0 0 1 0 0 0 0 1 -0.9135453 0.4067369 0 0 -0.4067369 -0.9135453 0 0 0 0 1 0 0 0 0 1 -0.9063078 0.4226183 0 0 -0.4226183 -0.9063078 0 0 0 0 1 0 0 0 0 1 -0.898794 0.4383713 0 0 -0.4383713 -0.898794 0 0 0 0 1 0 0 0 0 1 -0.8910065 0.4539905 0 0 -0.4539905 -0.8910065 0 0 0 0 1 0 0 0 0 1 -0.8829475 0.4694717 0 0 -0.4694717 -0.8829475 0 0 0 0 1 0 0 0 0 1 -0.8746197 0.4848097 0 0 -0.4848097 -0.8746197 0 0 0 0 1 0 0 0 0 1 -0.8660253 0.5000002 0 0 -0.5000002 -0.8660253 0 0 0 0 1 0 0 0 0 1 -0.8571671 0.5150384 0 0 -0.5150384 -0.8571671 0 0 0 0 1 0 0 0 0 1 -0.8480481 0.5299193 0 0 -0.5299193 -0.8480481 0 0 0 0 1 0 0 0 0 1 -0.8386706 0.544639 0 0 -0.544639 -0.8386706 0 0 0 0 1 0 0 0 0 1 -0.8290375 0.559193 0 0 -0.559193 -0.8290375 0 0 0 0 1 0 0 0 0 1 -0.8191519 0.5735766 0 0 -0.5735766 -0.8191519 0 0 0 0 1 0 0 0 0 1 -0.8090169 0.5877854 0 0 -0.5877854 -0.8090169 0 0 0 0 1 0 0 0 0 1 -0.7986354 0.6018152 0 0 -0.6018152 -0.7986354 0 0 0 0 1 0 0 0 0 1 -0.7880108 0.6156614 0 0 -0.6156614 -0.7880108 0 0 0 0 1 0 0 0 0 1 -0.7771459 0.6293204 0 0 -0.6293204 -0.7771459 0 0 0 0 1 0 0 0 0 1 -0.7660445 0.6427876 0 0 -0.6427876 -0.7660445 0 0 0 0 1 0 0 0 0 1 -0.7547095 0.6560591 0 0 -0.6560591 -0.7547095 0 0 0 0 1 0 0 0 0 1 -0.7431447 0.6691308 0 0 -0.6691308 -0.7431447 0 0 0 0 1 0 0 0 0 1 -0.7313536 0.6819984 0 0 -0.6819984 -0.7313536 0 0 0 0 1 0 0 0 0 1 -0.7193396 0.6946586 0 0 -0.6946586 -0.7193396 0 0 0 0 1 0 0 0 0 1 -0.7071068 0.7071067 0 0 -0.7071067 -0.7071068 0 0 0 0 1 0 0 0 0 1 -0.6946583 0.7193398 0 0 -0.7193398 -0.6946583 0 0 0 0 1 0 0 0 0 1 -0.6819984 0.7313537 0 0 -0.7313537 -0.6819984 0 0 0 0 1 0 0 0 0 1 -0.6691305 0.7431449 0 0 -0.7431449 -0.6691305 0 0 0 0 1 0 0 0 0 1 -0.6560588 0.7547097 0 0 -0.7547097 -0.6560588 0 0 0 0 1 0 0 0 0 1 -0.6427875 0.7660446 0 0 -0.7660446 -0.6427875 0 0 0 0 1 0 0 0 0 1 -0.6293203 0.777146 0 0 -0.777146 -0.6293203 0 0 0 0 1 0 0 0 0 1 -0.6156615 0.7880107 0 0 -0.7880107 -0.6156615 0 0 0 0 1 0 0 0 0 1 -0.6018152 0.7986354 0 0 -0.7986354 -0.6018152 0 0 0 0 1 0 0 0 0 1 -0.5877851 0.8090171 0 0 -0.8090171 -0.5877851 0 0 0 0 1 0 0 0 0 1 -0.5735763 0.8191521 0 0 -0.8191521 -0.5735763 0 0 0 0 1 0 0 0 0 1 -0.5591929 0.8290376 0 0 -0.8290376 -0.5591929 0 0 0 0 1 0 0 0 0 1 -0.5446387 0.8386708 0 0 -0.8386708 -0.5446387 0 0 0 0 1 0 0 0 0 1 -0.529919 0.8480483 0 0 -0.8480483 -0.529919 0 0 0 0 1 0 0 0 0 1 -0.5150383 0.8571672 0 0 -0.8571672 -0.5150383 0 0 0 0 1 0 0 0 0 1 -0.4999999 0.8660254 0 0 -0.8660254 -0.4999999 0 0 0 0 1 0 0 0 0 1 -0.4848096 0.8746197 0 0 -0.8746197 -0.4848096 0 0 0 0 1 0 0 0 0 1 -0.4694716 0.8829476 0 0 -0.8829476 -0.4694716 0 0 0 0 1 0 0 0 0 1 -0.4539902 0.8910066 0 0 -0.8910066 -0.4539902 0 0 0 0 1 0 0 0 0 1 -0.438371 0.8987941 0 0 -0.8987941 -0.438371 0 0 0 0 1 0 0 0 0 1 -0.4226182 0.9063078 0 0 -0.9063078 -0.4226182 0 0 0 0 1 0 0 0 0 1 -0.4067366 0.9135454 0 0 -0.9135454 -0.4067366 0 0 0 0 1 0 0 0 0 1 -0.3907312 0.9205048 0 0 -0.9205048 -0.3907312 0 0 0 0 1 0 0 0 0 1 -0.3746063 0.927184 0 0 -0.927184 -0.3746063 0 0 0 0 1 0 0 0 0 1 -0.3583678 0.9335805 0 0 -0.9335805 -0.3583678 0 0 0 0 1 0 0 0 0 1 -0.3420201 0.9396927 0 0 -0.9396927 -0.3420201 0 0 0 0 1 0 0 0 0 1 -0.3255682 0.9455186 0 0 -0.9455186 -0.3255682 0 0 0 0 1 0 0 0 0 1 -0.3090166 0.9510566 0 0 -0.9510566 -0.3090166 0 0 0 0 1 0 0 0 0 1 -0.2923719 0.9563047 0 0 -0.9563047 -0.2923719 0 0 0 0 1 0 0 0 0 1 -0.2756372 0.9612617 0 0 -0.9612617 -0.2756372 0 0 0 0 1 0 0 0 0 1 -0.258819 0.9659259 0 0 -0.9659259 -0.258819 0 0 0 0 1 0 0 0 0 1 -0.2419219 0.9702957 0 0 -0.9702957 -0.2419219 0 0 0 0 1 0 0 0 0 1 -0.2249507 0.9743701 0 0 -0.9743701 -0.2249507 0 0 0 0 1 0 0 0 0 1 -0.2079114 0.9781476 0 0 -0.9781476 -0.2079114 0 0 0 0 1 0 0 0 0 1 -0.1908088 0.9816272 0 0 -0.9816272 -0.1908088 0 0 0 0 1 0 0 0 0 1 -0.1736481 0.9848078 0 0 -0.9848078 -0.1736481 0 0 0 0 1 0 0 0 0 1 -0.1564345 0.9876883 0 0 -0.9876883 -0.1564345 0 0 0 0 1 0 0 0 0 1 -0.1391733 0.9902681 0 0 -0.9902681 -0.1391733 0 0 0 0 1 0 0 0 0 1 -0.1218691 0.9925462 0 0 -0.9925462 -0.1218691 0 0 0 0 1 0 0 0 0 1 -0.1045283 0.9945219 0 0 -0.9945219 -0.1045283 0 0 0 0 1 0 0 0 0 1 -0.08715571 0.9961947 0 0 -0.9961947 -0.08715571 0 0 0 0 1 0 0 0 0 1 -0.06975607 0.9975641 0 0 -0.9975641 -0.06975607 0 0 0 0 1 0 0 0 0 1 -0.05233612 0.9986295 0 0 -0.9986295 -0.05233612 0 0 0 0 1 0 0 0 0 1 -0.03489929 0.9993908 0 0 -0.9993908 -0.03489929 0 0 0 0 1 0 0 0 0 1 -0.0174523 0.9998477 0 0 -0.9998477 -0.0174523 0 0 0 0 1 0 0 0 0 1 1.19249e-8 1 0 0 -1 1.19249e-8 0 0 0 0 1 0 0 0 0 1 0.0174528 0.9998477 0 0 -0.9998477 0.0174528 0 0 0 0 1 0 0 0 0 1 0.03489979 0.9993908 0 0 -0.9993908 0.03489979 0 0 0 0 1 0 0 0 0 1 0.05233615 0.9986295 0 0 -0.9986295 0.05233615 0 0 0 0 1 0 0 0 0 1 0.06975657 0.997564 0 0 -0.997564 0.06975657 0 0 0 0 1 0 0 0 0 1 0.08715574 0.9961947 0 0 -0.9961947 0.08715574 0 0 0 0 1 0 0 0 0 1 0.1045284 0.9945219 0 0 -0.9945219 0.1045284 0 0 0 0 1 0 0 0 0 1 0.1218696 0.9925461 0 0 -0.9925461 0.1218696 0 0 0 0 1 0 0 0 0 1 0.1391733 0.9902681 0 0 -0.9902681 0.1391733 0 0 0 0 1 0 0 0 0 1 0.1564345 0.9876883 0 0 -0.9876883 0.1564345 0 0 0 0 1 0 0 0 0 1 0.1736486 0.9848077 0 0 -0.9848077 0.1736486 0 0 0 0 1 0 0 0 0 1 0.1908089 0.9816272 0 0 -0.9816272 0.1908089 0 0 0 0 1 0 0 0 0 1 0.2079119 0.9781476 0 0 -0.9781476 0.2079119 0 0 0 0 1 0 0 0 0 1 0.2249512 0.97437 0 0 -0.97437 0.2249512 0 0 0 0 1 0 0 0 0 1 0.2419219 0.9702957 0 0 -0.9702957 0.2419219 0 0 0 0 1 0 0 0 0 1 0.2588195 0.9659257 0 0 -0.9659257 0.2588195 0 0 0 0 1 0 0 0 0 1 0.2756377 0.9612616 0 0 -0.9612616 0.2756377 0 0 0 0 1 0 0 0 0 1 0.2923719 0.9563047 0 0 -0.9563047 0.2923719 0 0 0 0 1 0 0 0 0 1 0.3090171 0.9510565 0 0 -0.9510565 0.3090171 0 0 0 0 1 0 0 0 0 1 0.3255682 0.9455186 0 0 -0.9455186 0.3255682 0 0 0 0 1 0 0 0 0 1 0.3420201 0.9396926 0 0 -0.9396926 0.3420201 0 0 0 0 1 0 0 0 0 1 0.3583682 0.9335803 0 0 -0.9335803 0.3583682 0 0 0 0 1 0 0 0 0 1 0.3746068 0.9271837 0 0 -0.9271837 0.3746068 0 0 0 0 1 0 0 0 0 1 0.3907312 0.9205048 0 0 -0.9205048 0.3907312 0 0 0 0 1 0 0 0 0 1 0.4067371 0.9135453 0 0 -0.9135453 0.4067371 0 0 0 0 1 0 0 0 0 1 0.4226182 0.9063078 0 0 -0.9063078 0.4226182 0 0 0 0 1 0 0 0 0 1 0.4383714 0.8987939 0 0 -0.8987939 0.4383714 0 0 0 0 1 0 0 0 0 1 0.4539907 0.8910064 0 0 -0.8910064 0.4539907 0 0 0 0 1 0 0 0 0 1 0.4694717 0.8829476 0 0 -0.8829476 0.4694717 0 0 0 0 1 0 0 0 0 1 0.4848096 0.8746197 0 0 -0.8746197 0.4848096 0 0 0 0 1 0 0 0 0 1 0.5000004 0.8660252 0 0 -0.8660252 0.5000004 0 0 0 0 1 0 0 0 0 1 0.5150379 0.8571674 0 0 -0.8571674 0.5150379 0 0 0 0 1 0 0 0 0 1 0.5299194 0.848048 0 0 -0.848048 0.5299194 0 0 0 0 1 0 0 0 0 1 0.5446391 0.8386705 0 0 -0.8386705 0.5446391 0 0 0 0 1 0 0 0 0 1 0.5591929 0.8290376 0 0 -0.8290376 0.5591929 0 0 0 0 1 0 0 0 0 1 0.5735767 0.8191518 0 0 -0.8191518 0.5735767 0 0 0 0 1 0 0 0 0 1 0.5877855 0.8090168 0 0 -0.8090168 0.5877855 0 0 0 0 1 0 0 0 0 1 0.6018152 0.7986354 0 0 -0.7986354 0.6018152 0 0 0 0 1 0 0 0 0 1 0.6156615 0.7880107 0 0 -0.7880107 0.6156615 0 0 0 0 1 0 0 0 0 1 0.6293204 0.777146 0 0 -0.777146 0.6293204 0 0 0 0 1 0 0 0 0 1 0.6427875 0.7660445 0 0 -0.7660445 0.6427875 0 0 0 0 1 0 0 0 0 1 0.6560592 0.7547094 0 0 -0.7547094 0.6560592 0 0 0 0 1 0 0 0 0 1 0.6691307 0.7431448 0 0 -0.7431448 0.6691307 0 0 0 0 1 0 0 0 0 1 0.6819984 0.7313536 0 0 -0.7313536 0.6819984 0 0 0 0 1 0 0 0 0 1 0.6946587 0.7193395 0 0 -0.7193395 0.6946587 0 0 0 0 1 0 0 0 0 1 0.7071066 0.7071069 0 0 -0.7071069 0.7071066 0 0 0 0 1 0 0 0 0 1 0.71934 0.6946582 0 0 -0.6946582 0.71934 0 0 0 0 1 0 0 0 0 1 0.7313538 0.6819983 0 0 -0.6819983 0.7313538 0 0 0 0 1 0 0 0 0 1 0.7431449 0.6691306 0 0 -0.6691306 0.7431449 0 0 0 0 1 0 0 0 0 1 0.7547098 0.6560587 0 0 -0.6560587 0.7547098 0 0 0 0 1 0 0 0 0 1 0.7660446 0.6427874 0 0 -0.6427874 0.7660446 0 0 0 0 1 0 0 0 0 1 0.7771461 0.6293202 0 0 -0.6293202 0.7771461 0 0 0 0 1 0 0 0 0 1 0.7880108 0.6156614 0 0 -0.6156614 0.7880108 0 0 0 0 1 0 0 0 0 1 0.7986355 0.601815 0 0 -0.601815 0.7986355 0 0 0 0 1 0 0 0 0 1 0.8090169 0.5877853 0 0 -0.5877853 0.8090169 0 0 0 0 1 0 0 0 0 1 0.8191522 0.5735762 0 0 -0.5735762 0.8191522 0 0 0 0 1 0 0 0 0 1 0.8290374 0.5591931 0 0 -0.5591931 0.8290374 0 0 0 0 1 0 0 0 0 1 0.8386706 0.5446389 0 0 -0.5446389 0.8386706 0 0 0 0 1 0 0 0 0 1 0.8480481 0.5299193 0 0 -0.5299193 0.8480481 0 0 0 0 1 0 0 0 0 1 0.8571672 0.5150381 0 0 -0.5150381 0.8571672 0 0 0 0 1 0 0 0 0 1 0.8660256 0.4999998 0 0 -0.4999998 0.8660256 0 0 0 0 1 0 0 0 0 1 0.8746198 0.4848095 0 0 -0.4848095 0.8746198 0 0 0 0 1 0 0 0 0 1 0.8829476 0.4694715 0 0 -0.4694715 0.8829476 0 0 0 0 1 0 0 0 0 1 0.8910065 0.4539905 0 0 -0.4539905 0.8910065 0 0 0 0 1 0 0 0 0 1 0.8987942 0.4383708 0 0 -0.4383708 0.8987942 0 0 0 0 1 0 0 0 0 1 0.9063079 0.422618 0 0 -0.422618 0.9063079 0 0 0 0 1 0 0 0 0 1 0.9135455 0.4067365 0 0 -0.4067365 0.9135455 0 0 0 0 1 0 0 0 0 1 0.920505 0.3907306 0 0 -0.3907306 0.920505 0 0 0 0 1 0 0 0 0 1 0.927184 0.3746062 0 0 -0.3746062 0.927184 0 0 0 0 1 0 0 0 0 1 0.9335806 0.3583676 0 0 -0.3583676 0.9335806 0 0 0 0 1 0 0 0 0 1 0.9396926 0.3420204 0 0 -0.3420204 0.9396926 0 0 0 0 1 0 0 0 0 1 0.9455186 0.325568 0 0 -0.325568 0.9455186 0 0 0 0 1 0 0 0 0 1 0.9510565 0.3090169 0 0 -0.3090169 0.9510565 0 0 0 0 1 0 0 0 0 1 0.9563047 0.2923717 0 0 -0.2923717 0.9563047 0 0 0 0 1 0 0 0 0 1 0.9612616 0.2756375 0 0 -0.2756375 0.9612616 0 0 0 0 1 0 0 0 0 1 0.9659259 0.2588188 0 0 -0.2588188 0.9659259 0 0 0 0 1 0 0 0 0 1 0.9702958 0.2419218 0 0 -0.2419218 0.9702958 0 0 0 0 1 0 0 0 0 1 0.9743701 0.224951 0 0 -0.224951 0.9743701 0 0 0 0 1 0 0 0 0 1 0.9781477 0.2079113 0 0 -0.2079113 0.9781477 0 0 0 0 1 0 0 0 0 1 0.9816272 0.1908087 0 0 -0.1908087 0.9816272 0 0 0 0 1 0 0 0 0 1 0.9848078 0.173648 0 0 -0.173648 0.9848078 0 0 0 0 1 0 0 0 0 1 0.9876884 0.1564339 0 0 -0.1564339 0.9876884 0 0 0 0 1 0 0 0 0 1 0.9902681 0.1391726 0 0 -0.1391726 0.9902681 0 0 0 0 1 0 0 0 0 1 0.9925461 0.1218694 0 0 -0.1218694 0.9925461 0 0 0 0 1 0 0 0 0 1 0.9945219 0.1045287 0 0 -0.1045287 0.9945219 0 0 0 0 1 0 0 0 0 1 0.9961947 0.08715603 0 0 -0.08715603 0.9961947 0 0 0 0 1 0 0 0 0 1 0.9975641 0.06975638 0 0 -0.06975638 0.9975641 0 0 0 0 1 0 0 0 0 1 0.9986295 0.05233596 0 0 -0.05233596 0.9986295 0 0 0 0 1 0 0 0 0 1 0.9993908 0.0348996 0 0 -0.0348996 0.9993908 0 0 0 0 1 0 0 0 0 1 0.9998477 0.01745213 0 0 -0.01745213 0.9998477 0 0 0 0 1 0 0 0 0 1 1 -1.74846e-7 0 0 1.74846e-7 1 0 0 0 0 1 0 0 0 0 1</float_array>
          <technique_common>
            <accessor source="#_0250410_110052_D_12_5_k_7_Area4_str_003_20250410_110052_D_12_5_k_7_Area4_str_001Action_144_transform-output-array" count="361" stride="16">
              <param name="TRANSFORM" type="float4x4"/>
            </accessor>
          </technique_common>
        </source>
        <source id="_0250410_110052_D_12_5_k_7_Area4_str_003_20250410_110052_D_12_5_k_7_Area4_str_001Action_144_transform-interpolation">
          <Name_array id="_0250410_110052_D_12_5_k_7_Area4_str_003_20250410_110052_D_12_5_k_7_Area4_str_001Action_144_transform-interpolation-array" count="361">LINEAR LINEAR LINEAR LINEAR LINEAR LINEAR LINEAR LINEAR LINEAR LINEAR LINEAR LINEAR LINEAR LINEAR LINEAR LINEAR LINEAR LINEAR LINEAR LINEAR LINEAR LINEAR LINEAR LINEAR LINEAR LINEAR LINEAR LINEAR LINEAR LINEAR LINEAR LINEAR LINEAR LINEAR LINEAR LINEAR LINEAR LINEAR LINEAR LINEAR LINEAR LINEAR LINEAR LINEAR LINEAR LINEAR LINEAR LINEAR LINEAR LINEAR LINEAR LINEAR LINEAR LINEAR LINEAR LINEAR LINEAR LINEAR LINEAR LINEAR LINEAR LINEAR LINEAR LINEAR LINEAR LINEAR LINEAR LINEAR LINEAR LINEAR LINEAR LINEAR LINEAR LINEAR LINEAR LINEAR LINEAR LINEAR LINEAR LINEAR LINEAR LINEAR LINEAR LINEAR LINEAR LINEAR LINEAR LINEAR LINEAR LINEAR LINEAR LINEAR LINEAR LINEAR LINEAR LINEAR LINEAR LINEAR LINEAR LINEAR LINEAR LINEAR LINEAR LINEAR LINEAR LINEAR LINEAR LINEAR LINEAR LINEAR LINEAR LINEAR LINEAR LINEAR LINEAR LINEAR LINEAR LINEAR LINEAR LINEAR LINEAR LINEAR LINEAR LINEAR LINEAR LINEAR LINEAR LINEAR LINEAR LINEAR LINEAR LINEAR LINEAR LINEAR LINEAR LINEAR LINEAR LINEAR LINEAR LINEAR LINEAR LINEAR LINEAR LINEAR LINEAR LINEAR LINEAR LINEAR LINEAR LINEAR LINEAR LINEAR LINEAR LINEAR LINEAR LINEAR LINEAR LINEAR LINEAR LINEAR LINEAR LINEAR LINEAR LINEAR LINEAR LINEAR LINEAR LINEAR LINEAR LINEAR LINEAR LINEAR LINEAR LINEAR LINEAR LINEAR LINEAR LINEAR LINEAR LINEAR LINEAR LINEAR LINEAR LINEAR LINEAR LINEAR LINEAR LINEAR LINEAR LINEAR LINEAR LINEAR LINEAR LINEAR LINEAR LINEAR LINEAR LINEAR LINEAR LINEAR LINEAR LINEAR LINEAR LINEAR LINEAR LINEAR LINEAR LINEAR LINEAR LINEAR LINEAR LINEAR LINEAR LINEAR LINEAR LINEAR LINEAR LINEAR LINEAR LINEAR LINEAR LINEAR LINEAR LINEAR LINEAR LINEAR LINEAR LINEAR LINEAR LINEAR LINEAR LINEAR LINEAR LINEAR LINEAR LINEAR LINEAR LINEAR LINEAR LINEAR LINEAR LINEAR LINEAR LINEAR LINEAR LINEAR LINEAR LINEAR LINEAR LINEAR LINEAR LINEAR LINEAR LINEAR LINEAR LINEAR LINEAR LINEAR LINEAR LINEAR LINEAR LINEAR LINEAR LINEAR LINEAR LINEAR LINEAR LINEAR LINEAR LINEAR LINEAR LINEAR LINEAR LINEAR LINEAR LINEAR LINEAR LINEAR LINEAR LINEAR LINEAR LINEAR LINEAR LINEAR LINEAR LINEAR LINEAR LINEAR LINEAR LINEAR LINEAR LINEAR LINEAR LINEAR LINEAR LINEAR LINEAR LINEAR LINEAR LINEAR LINEAR LINEAR LINEAR LINEAR LINEAR LINEAR LINEAR LINEAR LINEAR LINEAR LINEAR LINEAR LINEAR LINEAR LINEAR LINEAR LINEAR LINEAR LINEAR LINEAR LINEAR LINEAR LINEAR LINEAR LINEAR LINEAR LINEAR LINEAR LINEAR LINEAR LINEAR LINEAR LINEAR LINEAR LINEAR LINEAR LINEAR LINEAR LINEAR LINEAR LINEAR LINEAR LINEAR LINEAR LINEAR LINEAR LINEAR LINEAR LINEAR LINEAR LINEAR LINEAR LINEAR LINEAR LINEAR LINEAR LINEAR LINEAR LINEAR LINEAR LINEAR</Name_array>
          <technique_common>
            <accessor source="#_0250410_110052_D_12_5_k_7_Area4_str_003_20250410_110052_D_12_5_k_7_Area4_str_001Action_144_transform-interpolation-array" count="361" stride="1">
              <param name="INTERPOLATION" type="name"/>
            </accessor>
          </technique_common>
        </source>
        <sampler id="_0250410_110052_D_12_5_k_7_Area4_str_003_20250410_110052_D_12_5_k_7_Area4_str_001Action_144_transform-sampler">
          <input semantic="INPUT" source="#_0250410_110052_D_12_5_k_7_Area4_str_003_20250410_110052_D_12_5_k_7_Area4_str_001Action_144_transform-input"/>
          <input semantic="OUTPUT" source="#_0250410_110052_D_12_5_k_7_Area4_str_003_20250410_110052_D_12_5_k_7_Area4_str_001Action_144_transform-output"/>
          <input semantic="INTERPOLATION" source="#_0250410_110052_D_12_5_k_7_Area4_str_003_20250410_110052_D_12_5_k_7_Area4_str_001Action_144_transform-interpolation"/>
        </sampler>
        <channel source="#_0250410_110052_D_12_5_k_7_Area4_str_003_20250410_110052_D_12_5_k_7_Area4_str_001Action_144_transform-sampler" target="_0250410_110052_D_12_5_k_7_Area4_str_003/transform"/>
      </animation>
    </animation>
  </library_animations>
  <library_visual_scenes>
    <visual_scene id="Scene" name="Scene">
      <node id="_0250411_112040_D_12_5_k_7_Area1_str_outline_002" name="20250411_112040_D=12.5_k=7_Area1_str_outline.002" type="NODE">
        <matrix sid="transform">1 -1.74846e-7 0 0 1.74846e-7 1 0 0 0 0 1 0 0 0 0 1</matrix>
        <instance_geometry url="#_0250411_112040_D_12_5_k_7_Area1_str_outline_144-mesh" name="20250411_112040_D=12.5_k=7_Area1_str_outline.002"/>
      </node>
      <node id="_0250410_110052_D_12_5_k_7_Area6_str_003" name="20250410_110052_D=12.5_k=7_Area6_str.003" type="NODE">
        <matrix sid="transform">1 -1.74846e-7 0 0 1.74846e-7 1 0 0 0 0 1 0 0 0 0 1</matrix>
        <instance_geometry url="#_0250410_110052_D_12_5_k_7_Area6_str_145-mesh" name="20250410_110052_D=12.5_k=7_Area6_str.003">
          <bind_material>
            <technique_common>
              <instance_material symbol="_auto_27_008-material" target="#_auto_27_008-material"/>
            </technique_common>
          </bind_material>
        </instance_geometry>
      </node>
      <node id="_0250410_110052_D_12_5_k_7_Area5_str_003" name="20250410_110052_D=12.5_k=7_Area5_str.003" type="NODE">
        <matrix sid="transform">1 -1.74846e-7 0 0 1.74846e-7 1 0 0 0 0 1 0 0 0 0 1</matrix>
        <instance_geometry url="#_0250410_110052_D_12_5_k_7_Area5_str_146-mesh" name="20250410_110052_D=12.5_k=7_Area5_str.003">
          <bind_material>
            <technique_common>
              <instance_material symbol="_auto_27_008-material" target="#_auto_27_008-material"/>
            </technique_common>
          </bind_material>
        </instance_geometry>
      </node>
      <node id="_0250410_110052_D_12_5_k_7_Area4_str_003" name="20250410_110052_D=12.5_k=7_Area4_str.003" type="NODE">
        <matrix sid="transform">1 -1.74846e-7 0 0 1.74846e-7 1 0 0 0 0 1 0 0 0 0 1</matrix>
        <instance_geometry url="#_0250410_110052_D_12_5_k_7_Area4_str_146-mesh" name="20250410_110052_D=12.5_k=7_Area4_str.003">
          <bind_material>
            <technique_common>
              <instance_material symbol="_auto_11_008-material" target="#_auto_11_008-material"/>
            </technique_common>
          </bind_material>
        </instance_geometry>
      </node>
      <node id="_0250410_110052_D_12_5_k_7_Area3_str_003" name="20250410_110052_D=12.5_k=7_Area3_str.003" type="NODE">
        <matrix sid="transform">1 -1.74846e-7 0 0 1.74846e-7 1 0 0 0 0 1 0 0 0 0 1</matrix>
        <instance_geometry url="#_0250410_110052_D_12_5_k_7_Area3_str_146-mesh" name="20250410_110052_D=12.5_k=7_Area3_str.003">
          <bind_material>
            <technique_common>
              <instance_material symbol="_auto_27_008-material" target="#_auto_27_008-material"/>
            </technique_common>
          </bind_material>
        </instance_geometry>
      </node>
      <node id="_0250410_110052_D_12_5_k_7_Area2_str_003" name="20250410_110052_D=12.5_k=7_Area2_str.003" type="NODE">
        <matrix sid="transform">1 -1.74846e-7 0 0 1.74846e-7 1 0 0 0 0 1 0 0 0 0 1</matrix>
        <instance_geometry url="#_0250410_110052_D_12_5_k_7_Area2_str_146-mesh" name="20250410_110052_D=12.5_k=7_Area2_str.003">
          <bind_material>
            <technique_common>
              <instance_material symbol="_auto_27_008-material" target="#_auto_27_008-material"/>
            </technique_common>
          </bind_material>
        </instance_geometry>
      </node>
    </visual_scene>
  </library_visual_scenes>
  <scene>
    <instance_visual_scene url="#Scene"/>
  </scene>
</COLLADA>