<?xml version="1.0" encoding="utf-8"?>
<COLLADA xmlns="http://www.collada.org/2005/11/COLLADASchema" version="1.4.1" xmlns:xsi="http://www.w3.org/2001/XMLSchema-instance">
  <asset>
    <contributor>
      <author>Blender User</author>
      <authoring_tool>Blender 4.0.2 commit date:2023-12-05, commit time:07:41, hash:9be62e85b727</authoring_tool>
    </contributor>
    <created>2025-10-10T13:09:40</created>
    <modified>2025-10-10T13:09:40</modified>
    <unit name="meter" meter="1"/>
    <up_axis>Z_UP</up_axis>
  </asset>
  <library_effects>
    <effect id="_auto_27_008-effect">
      <profile_COMMON>
        <technique sid="common">
          <lambert>
            <emission>
              <color sid="emission">0 0 0 1</color>
            </emission>
            <diffuse>
              <color sid="diffuse">0.1701384 0 0.7667436 1</color>
            </diffuse>
            <transparent opaque="A_ONE">
              <color sid="alpha">0 0 0 0.3</color>
            </transparent>
            <index_of_refraction>
              <float sid="ior">1.45</float>
            </index_of_refraction>
          </lambert>
        </technique>
      </profile_COMMON>
    </effect>
    <effect id="_auto_11_008-effect">
      <profile_COMMON>
        <technique sid="common">
          <lambert>
            <emission>
              <color sid="emission">0 0 0 1</color>
            </emission>
            <diffuse>
              <color sid="diffuse">0.01112608 0.9828262 1.75124e-4 1</color>
            </diffuse>
            <transparent opaque="A_ONE">
              <color sid="alpha">0 0 0 0.4</color>
            </transparent>
            <index_of_refraction>
              <float sid="ior">1.45</float>
            </index_of_refraction>
          </lambert>
        </technique>
      </profile_COMMON>
    </effect>
  </library_effects>
  <library_images/>
  <library_materials>
    <material id="_auto_27_008-material" name="&lt;auto&gt;27.008">
      <instance_effect url="#_auto_27_008-effect"/>
    </material>
    <material id="_auto_11_008-material" name="&lt;auto&gt;11.008">
      <instance_effect url="#_auto_11_008-effect"/>
    </material>
  </library_materials>
  <library_geometries>
    <geometry id="_0250411_112040_D_12_5_k_7_Area1_str_outline_009-mesh" name="20250411_112040_D=12.5_k=7_Area1_str_outline.009">
      <mesh>
        <source id="_0250411_112040_D_12_5_k_7_Area1_str_outline_009-mesh-positions">
          <float_array id="_0250411_112040_D_12_5_k_7_Area1_str_outline_009-mesh-positions-array" count="2520">-12.5 -12.5 9.43724e-7 12.5 -12.5 9.43724e-7 -12.5 12.5 -9.43724e-7 12.5 12.5 -9.43724e-7 -12.5 12.5 -9.43724e-7 -12.5 -12.5 9.43724e-7 -14.5 12.5 0.9999991 -14.5 -12.5 1.000001 -16.5 12.5 1.999999 -16.5 -12.5 2.000001 -18.5 12.5 2.999999 -18.5 -12.5 3.000001 -20.5 12.5 3.999999 -20.5 -12.5 4.000001 -22.5 12.5 4.999999 -22.5 -12.5 5.000001 -24.5 12.5 5.999999 -24.5 -12.5 6.000001 -26.5 12.5 6.999999 -26.5 -12.5 7.000001 -28.5 12.5 7.999999 -28.5 -12.5 8.000001 -30.5 12.5 9 -30.5 -12.5 9.000001 -32.5 12.5 10 -32.5 -12.5 10 -34.5 12.5 11 -34.5 -12.5 11 -36.5 12.5 12 -36.5 -12.5 12 -38.5 12.5 13 -38.5 -12.5 13 -40.5 12.5 14 -40.5 -12.5 14 -42.5 12.5 15 -42.5 -12.5 15 -44.5 12.5 16 -44.5 -12.5 16 -46.5 12.5 17 -46.5 -12.5 17 -48.5 12.5 18 -48.5 -12.5 18 -50.5 12.5 19 -50.5 -12.5 19 -52.5 12.5 20 -52.5 -12.5 20 -54.5 12.5 21 -54.5 -12.5 21 -56.5 12.5 22 -56.5 -12.5 22 -58.5 12.5 23 -58.5 -12.5 23 -60.5 12.5 24 -60.5 -12.5 24 -62.5 12.5 25 -62.5 -12.5 25 -64.5 12.5 26 -64.5 -12.5 26 -66.5 12.5 27 -66.5 -12.5 27 -68.5 12.5 28 -68.5 -12.5 28 -70.5 12.5 29 -70.5 -12.5 29 -72.5 12.5 30 -72.5 -12.5 30 -74.5 12.5 31 -74.5 -12.5 31 -76.5 12.5 32 -76.5 -12.5 32 -78.5 12.5 33 -78.5 -12.5 33 -80.5 12.5 34 -80.5 -12.5 34 -82.5 12.5 35 -82.5 -12.5 35 -84.5 12.5 36 -84.5 -12.5 36 -86.5 12.5 37 -86.5 -12.5 37 -88.5 12.5 38 -88.5 -12.5 38 -90.5 12.5 39 -90.5 -12.5 39 -92.5 12.5 40 -92.5 -12.5 40 -94.5 12.5 41 -94.5 -12.5 41 -96.5 12.5 42 -96.5 -12.5 42 -98.5 12.5 43 -98.5 -12.5 43 -100.5 12.5 44 -100.5 -12.5 44 -102.5 12.5 45 -102.5 -12.5 45 12.5 12.5 -9.43724e-7 12.5 -12.5 9.43724e-7 14.5 12.5 0.9999991 14.5 -12.5 1.000001 16.5 12.5 1.999999 16.5 -12.5 2.000001 18.5 12.5 2.999999 18.5 -12.5 3.000001 20.5 12.5 3.999999 20.5 -12.5 4.000001 22.5 12.5 4.999999 22.5 -12.5 5.000001 24.5 12.5 5.999999 24.5 -12.5 6.000001 26.5 12.5 6.999999 26.5 -12.5 7.000001 28.5 12.5 7.999999 28.5 -12.5 8.000001 30.5 12.5 9 30.5 -12.5 9.000001 32.5 12.5 10 32.5 -12.5 10 34.5 12.5 11 34.5 -12.5 11 36.5 12.5 12 36.5 -12.5 12 38.5 12.5 13 38.5 -12.5 13 40.5 12.5 14 40.5 -12.5 14 42.5 12.5 15 42.5 -12.5 15 44.5 12.5 16 44.5 -12.5 16 46.5 12.5 17 46.5 -12.5 17 48.5 12.5 18 48.5 -12.5 18 50.5 12.5 19 50.5 -12.5 19 52.5 12.5 20 52.5 -12.5 20 54.5 12.5 21 54.5 -12.5 21 56.5 12.5 22 56.5 -12.5 22 58.5 12.5 23 58.5 -12.5 23 60.5 12.5 24 60.5 -12.5 24 62.5 12.5 25 62.5 -12.5 25 64.5 12.5 26 64.5 -12.5 26 66.5 12.5 27 66.5 -12.5 27 68.5 12.5 28 68.5 -12.5 28 70.5 12.5 29 70.5 -12.5 29 72.5 12.5 30 72.5 -12.5 30 74.5 12.5 31 74.5 -12.5 31 76.5 12.5 32 76.5 -12.5 32 78.5 12.5 33 78.5 -12.5 33 80.5 12.5 34 80.5 -12.5 34 82.5 12.5 35 82.5 -12.5 35 84.5 12.5 36 84.5 -12.5 36 86.5 12.5 37 86.5 -12.5 37 88.5 12.5 38 88.5 -12.5 38 90.5 12.5 39 90.5 -12.5 39 92.5 12.5 40 92.5 -12.5 40 94.5 12.5 41 94.5 -12.5 41 96.5 12.5 42 96.5 -12.5 42 98.5 12.5 43 98.5 -12.5 43 100.5 12.5 44 100.5 -12.5 44 102.5 12.5 45 102.5 -12.5 45 -12.5 12.5 -9.43724e-7 12.5 12.5 -9.43724e-7 -13.3 20.5 0.9999985 13.3 20.5 0.9999985 -14.1 28.5 1.999998 14.1 28.5 1.999998 -14.9 36.5 2.999997 14.9 36.5 2.999997 -15.7 44.5 3.999997 15.7 44.5 3.999997 -16.5 52.5 4.999996 16.5 52.5 4.999996 -17.3 60.5 5.999995 17.3 60.5 5.999995 -18.1 68.5 6.999995 18.1 68.5 6.999995 -18.9 76.5 7.999994 18.9 76.5 7.999994 -19.7 84.5 8.999994 19.7 84.5 8.999994 -20.5 92.5 9.999994 20.5 92.5 9.999994 -21.3 100.5 10.99999 21.3 100.5 10.99999 -22.1 108.5 11.99999 22.1 108.5 11.99999 -22.9 116.5 12.99999 22.9 116.5 12.99999 -23.7 124.5 13.99999 23.7 124.5 13.99999 -24.5 132.5 14.99999 24.5 132.5 14.99999 -25.3 140.5 15.99999 25.3 140.5 15.99999 -26.1 148.5 16.99999 26.1 148.5 16.99999 -26.9 156.5 17.99999 26.9 156.5 17.99999 -27.7 164.5 18.99999 27.7 164.5 18.99999 -28.5 172.5 19.99999 28.5 172.5 19.99999 -29.3 180.5 20.99999 29.3 180.5 20.99999 -30.1 188.5 21.99999 30.1 188.5 21.99999 -30.9 196.5 22.99999 30.9 196.5 22.99999 -31.7 204.5 23.99999 31.7 204.5 23.99999 -32.5 212.5 24.99999 32.5 212.5 24.99999 -33.3 220.5 25.99998 33.3 220.5 25.99998 -34.1 228.5 26.99998 34.1 228.5 26.99998 -34.9 236.5 27.99998 34.9 236.5 27.99998 -35.7 244.5 28.99998 35.7 244.5 28.99998 -36.5 252.5 29.99998 36.5 252.5 29.99998 -37.3 260.5 30.99998 37.3 260.5 30.99998 -38.1 268.5 31.99998 38.1 268.5 31.99998 -38.9 276.5 32.99998 38.9 276.5 32.99998 -39.7 284.5 33.99998 39.7 284.5 33.99998 -40.5 292.5 34.99998 40.5 292.5 34.99998 -41.3 300.5 35.99998 41.3 300.5 35.99998 -42.1 308.5 36.99998 42.1 308.5 36.99998 -42.9 316.5 37.99998 42.9 316.5 37.99998 -43.7 324.5 38.99998 43.7 324.5 38.99998 -43.75 325 39.06248 43.75 325 39.06248 -43.75 1232.5 152.4999 43.75 1232.5 152.4999 -12.5 12.5 -9.43724e-7 -12.5 12.5 -9.43724e-7 -12.5 12.5 -9.43724e-7 -14.5 12.5 0.9999991 -13.3 20.5 0.9999985 -16.5 12.5 1.999999 -14.1 28.5 1.999998 -18.5 12.5 2.999999 -14.9 36.5 2.999997 -20.5 12.5 3.999999 -15.7 44.5 3.999997 -22.5 12.5 4.999999 -16.5 52.5 4.999996 -24.5 12.5 5.999999 -17.3 60.5 5.999995 -26.5 12.5 6.999999 -18.1 68.5 6.999995 -28.5 12.5 7.999999 -18.9 76.5 7.999994 -30.5 12.5 9 -19.7 84.5 8.999994 -32.5 12.5 10 -20.5 92.5 9.999994 -34.5 12.5 11 -21.3 100.5 10.99999 -36.5 12.5 12 -22.1 108.5 11.99999 -38.5 12.5 13 -22.9 116.5 12.99999 -40.5 12.5 14 -23.7 124.5 13.99999 -42.5 12.5 15 -24.5 132.5 14.99999 -44.5 12.5 16 -25.3 140.5 15.99999 -46.5 12.5 17 -26.1 148.5 16.99999 -48.5 12.5 18 -26.9 156.5 17.99999 -50.5 12.5 19 -27.7 164.5 18.99999 -52.5 12.5 20 -28.5 172.5 19.99999 -54.5 12.5 21 -29.3 180.5 20.99999 -56.5 12.5 22 -30.1 188.5 21.99999 -58.5 12.5 23 -30.9 196.5 22.99999 -60.5 12.5 24 -31.7 204.5 23.99999 -62.5 12.5 25 -32.5 212.5 24.99999 -64.5 12.5 26 -33.3 220.5 25.99998 -66.5 12.5 27 -34.1 228.5 26.99998 -68.5 12.5 28 -34.9 236.5 27.99998 -70.5 12.5 29 -35.7 244.5 28.99998 -72.5 12.5 30 -36.5 252.5 29.99998 -74.5 12.5 31 -37.3 260.5 30.99998 -76.5 12.5 32 -38.1 268.5 31.99998 -78.5 12.5 33 -38.9 276.5 32.99998 -80.5 12.5 34 -39.7 284.5 33.99998 -82.5 12.5 35 -40.5 292.5 34.99998 -84.5 12.5 36 -41.3 300.5 35.99998 -86.5 12.5 37 -42.1 308.5 36.99998 -88.5 12.5 38 -42.9 316.5 37.99998 -90.5 12.5 39 -43.7 324.5 38.99998 -90.625 12.5 39.0625 -43.75 325 39.06248 -92.5 12.5 40 -43.75 332.5 39.99997 -94.5 12.5 41 -43.75 340.5 40.99997 -96.5 12.5 42 -43.75 348.5 41.99997 -98.5 12.5 43 -43.75 356.5 42.99997 -100.5 12.5 44 -43.75 364.5 43.99997 -102.5 12.5 45 -55.625 325 44.99998 -43.75 372.5 44.99997 12.5 12.5 -9.43724e-7 12.5 12.5 -9.43724e-7 12.5 12.5 -9.43724e-7 14.5 12.5 0.9999991 13.3 20.5 0.9999985 16.5 12.5 1.999999 14.1 28.5 1.999998 18.5 12.5 2.999999 14.9 36.5 2.999997 20.5 12.5 3.999999 15.7 44.5 3.999997 22.5 12.5 4.999999 16.5 52.5 4.999996 24.5 12.5 5.999999 17.3 60.5 5.999995 26.5 12.5 6.999999 18.1 68.5 6.999995 28.5 12.5 7.999999 18.9 76.5 7.999994 30.5 12.5 9 19.7 84.5 8.999994 32.5 12.5 10 20.5 92.5 9.999994 34.5 12.5 11 21.3 100.5 10.99999 36.5 12.5 12 22.1 108.5 11.99999 38.5 12.5 13 22.9 116.5 12.99999 40.5 12.5 14 23.7 124.5 13.99999 42.5 12.5 15 24.5 132.5 14.99999 44.5 12.5 16 25.3 140.5 15.99999 46.5 12.5 17 26.1 148.5 16.99999 48.5 12.5 18 26.9 156.5 17.99999 50.5 12.5 19 27.7 164.5 18.99999 52.5 12.5 20 28.5 172.5 19.99999 54.5 12.5 21 29.3 180.5 20.99999 56.5 12.5 22 30.1 188.5 21.99999 58.5 12.5 23 30.9 196.5 22.99999 60.5 12.5 24 31.7 204.5 23.99999 62.5 12.5 25 32.5 212.5 24.99999 64.5 12.5 26 33.3 220.5 25.99998 66.5 12.5 27 34.1 228.5 26.99998 68.5 12.5 28 34.9 236.5 27.99998 70.5 12.5 29 35.7 244.5 28.99998 72.5 12.5 30 36.5 252.5 29.99998 74.5 12.5 31 37.3 260.5 30.99998 76.5 12.5 32 38.1 268.5 31.99998 78.5 12.5 33 38.9 276.5 32.99998 80.5 12.5 34 39.7 284.5 33.99998 82.5 12.5 35 40.5 292.5 34.99998 84.5 12.5 36 41.3 300.5 35.99998 86.5 12.5 37 42.1 308.5 36.99998 88.5 12.5 38 42.9 316.5 37.99998 90.5 12.5 39 43.7 324.5 38.99998 90.625 12.5 39.0625 43.75 325 39.06248 92.5 12.5 40 43.75 332.5 39.99997 94.5 12.5 41 43.75 340.5 40.99997 96.5 12.5 42 43.75 348.5 41.99997 98.5 12.5 43 43.75 356.5 42.99997 100.5 12.5 44 43.75 364.5 43.99997 102.5 12.5 45 55.625 325 44.99998 43.75 372.5 44.99997 -12.5 12.5 -9.43724e-7 -12.5 12.5 -9.43724e-7 -12.5 12.5 -9.43724e-7 12.5 12.5 -9.43724e-7 12.5 12.5 -9.43724e-7 12.5 12.5 -9.43724e-7 -15.5 15.5 -1.17022e-6 -15.5 15.5 -1.17022e-6 -15.5 15.5 -1.17022e-6 -69.5 375.5 44.99997 -69.5 375.5 44.99997 15.5 15.5 -1.17022e-6 15.5 15.5 -1.17022e-6 15.5 15.5 -1.17022e-6 69.5 375.5 44.99997 69.5 375.5 44.99997 1243.152 130.6605 0 1240.683 152.3366 0 1237.835 173.9663 0 1234.61 195.543 0 1231.01 217.0602 0 1227.034 238.5112 0 1222.685 259.8896 0 1217.963 281.1888 0 1212.87 302.4024 0 1207.407 323.5238 0 1201.577 344.5467 0 1195.381 365.4646 0 1188.821 386.2713 0 1181.898 406.9602 0 1174.616 427.5252 0 1166.976 447.9599 0 1158.98 468.2583 0 1150.631 488.4139 0 1141.932 508.4208 0 1132.885 528.2728 0 1123.493 547.9639 0 1113.758 567.4881 0 1103.685 586.8394 0 1093.275 606.012 0 1082.532 625 0 1071.459 643.7976 0 1060.06 662.3991 0 1048.338 680.7988 0 1036.297 698.9911 0 1023.94 716.9706 0 1011.271 734.7315 0 998.2944 752.2688 0 985.0134 769.5769 0 971.4324 786.6505 0 957.5556 803.4845 0 943.387 820.0739 0 928.931 836.4133 0 914.1921 852.498 0 899.1748 868.323 0 883.8834 883.8834 0 868.323 899.1748 0 852.4981 914.1921 0 836.4133 928.931 0 820.0739 943.387 0 803.4846 957.5556 0 786.6506 971.4324 0 769.5769 985.0134 0 752.2689 998.2944 0 734.7316 1011.271 0 716.9706 1023.94 0 698.9912 1036.297 0 680.7988 1048.338 0 662.3992 1060.06 0 643.7977 1071.459 0 625.0001 1082.532 0 606.0122 1093.275 0 586.8396 1103.684 0 567.4882 1113.758 0 547.9641 1123.492 0 528.273 1132.885 0 508.4208 1141.932 0 488.4141 1150.631 0 468.2583 1158.98 0 447.96 1166.975 0 427.5253 1174.616 0 406.9603 1181.898 0 386.2713 1188.821 0 365.4647 1195.381 0 344.5467 1201.577 0 323.5239 1207.407 0 302.4025 1212.869 0 281.1889 1217.963 0 259.8897 1222.685 0 238.5113 1227.034 0 217.0603 1231.01 0 195.5431 1234.61 0 173.9665 1237.835 0 152.3367 1240.683 0 130.6607 1243.152 0 108.9448 1245.243 0 87.19568 1246.955 0 65.42002 1248.287 0 43.62445 1249.239 0 21.81557 1249.81 0 6.10352e-5 1250 0 -21.81546 1249.81 0 -43.6243 1249.239 0 -65.41989 1248.287 0 -87.19554 1246.955 0 -108.9446 1245.244 0 -130.6605 1243.152 0 -152.3366 1240.683 0 -173.9663 1237.835 0 -195.543 1234.61 0 -217.0602 1231.01 0 -238.5112 1227.034 0 -259.8896 1222.685 0 -281.1888 1217.963 0 -302.4024 1212.87 0 -323.5238 1207.407 0 -344.5467 1201.577 0 -365.4646 1195.381 0 -386.2713 1188.821 0 -406.9602 1181.898 0 -427.5252 1174.616 0 -447.9599 1166.976 0 -468.2583 1158.98 0 -488.4139 1150.631 0 -508.4208 1141.932 0 -528.2728 1132.885 0 -547.9639 1123.493 0 -567.4881 1113.758 0 -586.8394 1103.685 0 -606.012 1093.275 0 -625 1082.532 0 -643.7976 1071.459 0 -662.3991 1060.06 0 -680.7988 1048.338 0 -698.9911 1036.297 0 -716.9706 1023.94 0 -734.7315 1011.271 0 -752.2688 998.2944 0 -769.5769 985.0134 0 -786.6505 971.4324 0 -803.4845 957.5556 0 -820.0739 943.387 0 -836.4133 928.931 0 -852.498 914.1921 0 -868.323 899.1748 0 -883.8834 883.8834 0 -899.1748 868.323 0 -914.1921 852.4981 0 -928.931 836.4133 0 -943.387 820.0739 0 -957.5556 803.4846 0 -971.4324 786.6506 0 -985.0134 769.5769 0 -998.2944 752.2689 0 -1011.271 734.7316 0 -1023.94 716.9706 0 -1036.297 698.9912 0 -1048.338 680.7988 0 -1060.06 662.3992 0 -1071.459 643.7977 0 -1082.532 625.0001 0 -1093.275 606.0122 0 -1103.684 586.8396 0 -1113.758 567.4882 0 -1123.492 547.9641 0 -1132.885 528.273 0 -1141.932 508.4208 0 -1150.631 488.4141 0 -1158.98 468.2583 0 -1166.975 447.96 0 -1174.616 427.5253 0 -1181.898 406.9603 0 -1188.821 386.2713 0 -1195.381 365.4647 0 -1201.577 344.5467 0 -1207.407 323.5239 0 -1212.869 302.4025 0 -1217.963 281.1889 0 -1222.685 259.8897 0 -1227.034 238.5113 0 -1231.01 217.0603 0 -1234.61 195.5431 0 -1237.835 173.9665 0 -1240.683 152.3367 0 -1243.152 130.6607 0 -1245.243 108.9448 0 -1246.955 87.19568 0 -1248.287 65.42002 0 -1249.239 43.62445 0 -1249.81 21.81557 0 -1250 6.10352e-5 0 -1249.81 -21.81546 0 -1249.239 -43.6243 0 -1248.287 -65.41989 0 -1246.955 -87.19554 0 -1245.244 -108.9446 0 -1243.152 -130.6605 0 -1240.683 -152.3366 0 -1237.835 -173.9663 0 -1234.61 -195.543 0 -1231.01 -217.0602 0 -1227.034 -238.5112 0 -1222.685 -259.8896 0 -1217.963 -281.1888 0 -1212.87 -302.4024 0 -1207.407 -323.5238 0 -1201.577 -344.5467 0 -1195.381 -365.4646 0 -1188.821 -386.2713 0 -1181.898 -406.9602 0 -1174.616 -427.5252 0 -1166.976 -447.9599 0 -1158.98 -468.2583 0 -1150.631 -488.4139 0 -1141.932 -508.4208 0 -1132.885 -528.2728 0 -1123.493 -547.9639 0 -1113.758 -567.4881 0 -1103.685 -586.8394 0 -1093.275 -606.012 0 -1082.532 -625 0 -1071.459 -643.7976 0 -1060.06 -662.3991 0 -1048.338 -680.7988 0 -1036.297 -698.9911 0 -1023.94 -716.9706 0 -1011.271 -734.7315 0 -998.2944 -752.2688 0 -985.0134 -769.5769 0 -971.4324 -786.6505 0 -957.5556 -803.4845 0 -943.387 -820.0739 0 -928.931 -836.4133 0 -914.1921 -852.498 0 -899.1748 -868.323 0 -883.8834 -883.8834 0 -868.323 -899.1748 0 -852.4981 -914.1921 0 -836.4133 -928.931 0 -820.0739 -943.387 0 -803.4846 -957.5556 0 -786.6506 -971.4324 0 -769.5769 -985.0134 0 -752.2689 -998.2944 0 -734.7316 -1011.271 0 -716.9706 -1023.94 0 -698.9912 -1036.297 0 -680.7988 -1048.338 0 -662.3992 -1060.06 0 -643.7977 -1071.459 0 -625.0001 -1082.532 0 -606.0122 -1093.275 0 -586.8396 -1103.684 0 -567.4882 -1113.758 0 -547.9641 -1123.492 0 -528.273 -1132.885 0 -508.4208 -1141.932 0 -488.4141 -1150.631 0 -468.2583 -1158.98 0 -447.96 -1166.975 0 -427.5253 -1174.616 0 -406.9603 -1181.898 0 -386.2713 -1188.821 0 -365.4647 -1195.381 0 -344.5467 -1201.577 0 -323.5239 -1207.407 0 -302.4025 -1212.869 0 -281.1889 -1217.963 0 -259.8897 -1222.685 0 -238.5113 -1227.034 0 -217.0603 -1231.01 0 -195.5431 -1234.61 0 -173.9665 -1237.835 0 -152.3367 -1240.683 0 -130.6607 -1243.152 0 -108.9448 -1245.243 0 -87.19568 -1246.955 0 -65.42002 -1248.287 0 -43.62445 -1249.239 0 -21.81557 -1249.81 0 -6.10352e-5 -1250 0 21.81546 -1249.81 0 43.6243 -1249.239 0 65.41989 -1248.287 0 87.19554 -1246.955 0 108.9446 -1245.244 0 130.6605 -1243.152 0 152.3366 -1240.683 0 173.9663 -1237.835 0 195.543 -1234.61 0 217.0602 -1231.01 0 238.5112 -1227.034 0 259.8896 -1222.685 0 281.1888 -1217.963 0 302.4024 -1212.87 0 323.5238 -1207.407 0 344.5467 -1201.577 0 365.4646 -1195.381 0 386.2713 -1188.821 0 406.9602 -1181.898 0 427.5252 -1174.616 0 447.9599 -1166.976 0 468.2583 -1158.98 0 488.4139 -1150.631 0 508.4208 -1141.932 0 528.2728 -1132.885 0 547.9639 -1123.493 0 567.4881 -1113.758 0 586.8394 -1103.685 0 606.012 -1093.275 0 625 -1082.532 0 643.7976 -1071.459 0 662.3991 -1060.06 0 680.7988 -1048.338 0 698.9911 -1036.297 0 716.9706 -1023.94 0 734.7315 -1011.271 0 752.2688 -998.2944 0 769.5769 -985.0134 0 786.6505 -971.4324 0 803.4845 -957.5556 0 820.0739 -943.387 0 836.4133 -928.931 0 852.498 -914.1921 0 868.323 -899.1748 0 883.8834 -883.8834 0 899.1748 -868.323 0 914.1921 -852.4981 0 928.931 -836.4133 0 943.387 -820.0739 0 957.5556 -803.4846 0 971.4324 -786.6506 0 985.0134 -769.5769 0 998.2944 -752.2689 0 1011.271 -734.7316 0 1023.94 -716.9706 0 1036.297 -698.9912 0 1048.338 -680.7988 0 1060.06 -662.3992 0 1071.459 -643.7977 0 1082.532 -625.0001 0 1093.275 -606.0122 0 1103.684 -586.8396 0 1113.758 -567.4882 0 1123.492 -547.9641 0 1132.885 -528.273 0 1141.932 -508.4208 0 1150.631 -488.4141 0 1158.98 -468.2583 0 1166.975 -447.96 0 1174.616 -427.5253 0 1181.898 -406.9603 0 1188.821 -386.2713 0 1195.381 -365.4647 0 1201.577 -344.5467 0 1207.407 -323.5239 0 1212.869 -302.4025 0 1217.963 -281.1889 0 1222.685 -259.8897 0 1227.034 -238.5113 0 1231.01 -217.0603 0 1234.61 -195.5431 0 1237.835 -173.9665 0 1240.683 -152.3367 0 1243.152 -130.6607 0 1245.243 -108.9448 0 1246.955 -87.19568 0 1248.287 -65.42002 0 1249.239 -43.62445 0 1249.81 -21.81557 0 1250 -6.10352e-5 0 1249.81 21.81546 0 1249.239 43.6243 0 1248.287 65.41989 0 1246.955 87.19554 0 1245.244 108.9446 0</float_array>
          <technique_common>
            <accessor source="#_0250411_112040_D_12_5_k_7_Area1_str_outline_009-mesh-positions-array" count="840" stride="3">
              <param name="X" type="float"/>
              <param name="Y" type="float"/>
              <param name="Z" type="float"/>
            </accessor>
          </technique_common>
        </source>
        <source id="_0250411_112040_D_12_5_k_7_Area1_str_outline_009-mesh-normals">
          <float_array id="_0250411_112040_D_12_5_k_7_Area1_str_outline_009-mesh-normals-array" count="0"/>
          <technique_common>
            <accessor source="#_0250411_112040_D_12_5_k_7_Area1_str_outline_009-mesh-normals-array" count="0" stride="3">
              <param name="X" type="float"/>
              <param name="Y" type="float"/>
              <param name="Z" type="float"/>
            </accessor>
          </technique_common>
        </source>
        <vertices id="_0250411_112040_D_12_5_k_7_Area1_str_outline_009-mesh-vertices">
          <input semantic="POSITION" source="#_0250411_112040_D_12_5_k_7_Area1_str_outline_009-mesh-positions"/>
        </vertices>
        <lines count="834">
          <input semantic="VERTEX" source="#_0250411_112040_D_12_5_k_7_Area1_str_outline_009-mesh-vertices" offset="0"/>
          <p>2 3 1 0 0 2 3 1 5 4 6 4 7 5 8 6 9 7 10 8 11 9 12 10 13 11 14 12 15 13 16 14 17 15 18 16 19 17 20 18 21 19 22 20 23 21 24 22 25 23 26 24 27 25 28 26 29 27 30 28 31 29 32 30 33 31 34 32 35 33 36 34 37 35 38 36 39 37 40 38 41 39 42 40 43 41 44 42 45 43 46 44 47 45 48 46 49 47 50 48 51 49 52 50 53 51 54 52 55 53 56 54 57 55 58 56 59 57 60 58 61 59 62 60 63 61 64 62 65 63 66 64 67 65 68 66 69 67 70 68 71 69 72 70 73 71 74 72 75 73 76 74 77 75 78 76 79 77 80 78 81 79 82 80 83 81 84 82 85 83 86 84 87 85 88 86 89 87 90 88 91 89 92 90 93 91 94 92 95 94 95 93 97 96 98 96 99 97 100 98 101 99 102 100 103 101 104 102 105 103 106 104 107 105 108 106 109 107 110 108 111 109 112 110 113 111 114 112 115 113 116 114 117 115 118 116 119 117 120 118 121 119 122 120 123 121 124 122 125 123 126 124 127 125 128 126 129 127 130 128 131 129 132 130 133 131 134 132 135 133 136 134 137 135 138 136 139 137 140 138 141 139 142 140 143 141 144 142 145 143 146 144 147 145 148 146 149 147 150 148 151 149 152 150 153 151 154 152 155 153 156 154 157 155 158 156 159 157 160 158 161 159 162 160 163 161 164 162 165 163 166 164 167 165 168 166 169 167 170 168 171 169 172 170 173 171 174 172 175 173 176 174 177 175 178 176 179 177 180 178 181 179 182 180 183 181 184 182 185 183 186 184 187 186 187 185 189 188 190 188 191 189 192 190 193 191 194 192 195 193 196 194 197 195 198 196 199 197 200 198 201 199 202 200 203 201 204 202 205 203 206 204 207 205 208 206 209 207 210 208 211 209 212 210 213 211 214 212 215 213 216 214 217 215 218 216 219 217 220 218 221 219 222 220 223 221 224 222 225 223 226 224 227 225 228 226 229 227 230 228 231 229 232 230 233 231 234 232 235 233 236 234 237 235 238 236 239 237 240 238 241 239 242 240 243 241 244 242 245 243 246 244 247 245 248 246 249 247 250 248 251 249 252 250 253 251 254 252 255 253 256 254 257 255 258 256 259 257 260 258 261 259 262 260 263 261 264 262 265 263 266 264 267 265 268 266 269 267 270 268 271 270 271 269 273 272 274 273 275 272 276 274 277 275 278 276 279 277 280 278 281 279 282 280 283 281 284 282 285 283 286 284 287 285 288 286 289 287 290 288 291 289 292 290 293 291 294 292 295 293 296 294 297 295 298 296 299 297 300 298 301 299 302 300 303 301 304 302 305 303 306 304 307 305 308 306 309 307 310 308 311 309 312 310 313 311 314 312 315 313 316 314 317 315 318 316 319 317 320 318 321 319 322 320 323 321 324 322 325 323 326 324 327 325 328 326 329 327 330 328 331 329 332 330 333 331 334 332 335 333 336 334 337 335 338 336 339 337 340 338 341 339 342 340 343 341 344 342 345 343 346 344 347 345 348 346 349 347 350 348 351 349 352 350 353 351 354 352 355 353 356 354 357 355 358 356 359 357 360 358 361 359 362 360 363 361 364 362 365 363 366 365 367 364 367 366 369 368 370 369 371 368 372 370 373 371 374 372 375 373 376 374 377 375 378 376 379 377 380 378 381 379 382 380 383 381 384 382 385 383 386 384 387 385 388 386 389 387 390 388 391 389 392 390 393 391 394 392 395 393 396 394 397 395 398 396 399 397 400 398 401 399 402 400 403 401 404 402 405 403 406 404 407 405 408 406 409 407 410 408 411 409 412 410 413 411 414 412 415 413 416 414 417 415 418 416 419 417 420 418 421 419 422 420 423 421 424 422 425 423 426 424 427 425 428 426 429 427 430 428 431 429 432 430 433 431 434 432 435 433 436 434 437 435 438 436 439 437 440 438 441 439 442 440 443 441 444 442 445 443 446 444 447 445 448 446 449 447 450 448 451 449 452 450 453 451 454 452 455 453 456 454 457 455 458 456 459 457 460 458 461 459 462 461 463 460 463 462 465 464 466 465 468 467 469 468 471 470 472 471 474 473 476 475 477 476 479 478 480 481 481 482 482 483 483 484 484 485 485 486 486 487 487 488 488 489 489 490 490 491 491 492 492 493 493 494 494 495 495 496 496 497 497 498 498 499 499 500 500 501 501 502 502 503 503 504 504 505 505 506 506 507 507 508 508 509 509 510 510 511 511 512 512 513 513 514 514 515 515 516 516 517 517 518 518 519 519 520 520 521 521 522 522 523 523 524 524 525 525 526 526 527 527 528 528 529 529 530 530 531 531 532 532 533 533 534 534 535 535 536 536 537 537 538 538 539 539 540 540 541 541 542 542 543 543 544 544 545 545 546 546 547 547 548 548 549 549 550 550 551 551 552 552 553 553 554 554 555 555 556 556 557 557 558 558 559 559 560 560 561 561 562 562 563 563 564 564 565 565 566 566 567 567 568 568 569 569 570 570 571 571 572 572 573 573 574 574 575 575 576 576 577 577 578 578 579 579 580 580 581 581 582 582 583 583 584 584 585 585 586 586 587 587 588 588 589 589 590 590 591 591 592 592 593 593 594 594 595 595 596 596 597 597 598 598 599 599 600 600 601 601 602 602 603 603 604 604 605 605 606 606 607 607 608 608 609 609 610 610 611 611 612 612 613 613 614 614 615 615 616 616 617 617 618 618 619 619 620 620 621 621 622 622 623 623 624 624 625 625 626 626 627 627 628 628 629 629 630 630 631 631 632 632 633 633 634 634 635 635 636 636 637 637 638 638 639 639 640 640 641 641 642 642 643 643 644 644 645 645 646 646 647 647 648 648 649 649 650 650 651 651 652 652 653 653 654 654 655 655 656 656 657 657 658 658 659 659 660 660 661 661 662 662 663 663 664 664 665 665 666 666 667 667 668 668 669 669 670 670 671 671 672 672 673 673 674 674 675 675 676 676 677 677 678 678 679 679 680 680 681 681 682 682 683 683 684 684 685 685 686 686 687 687 688 688 689 689 690 690 691 691 692 692 693 693 694 694 695 695 696 696 697 697 698 698 699 699 700 700 701 701 702 702 703 703 704 704 705 705 706 706 707 707 708 708 709 709 710 710 711 711 712 712 713 713 714 714 715 715 716 716 717 717 718 718 719 719 720 720 721 721 722 722 723 723 724 724 725 725 726 726 727 727 728 728 729 729 730 730 731 731 732 732 733 733 734 734 735 735 736 736 737 737 738 738 739 739 740 740 741 741 742 742 743 743 744 744 745 745 746 746 747 747 748 748 749 749 750 750 751 751 752 752 753 753 754 754 755 755 756 756 757 757 758 758 759 759 760 760 761 761 762 762 763 763 764 764 765 765 766 766 767 767 768 768 769 769 770 770 771 771 772 772 773 773 774 774 775 775 776 776 777 777 778 778 779 779 780 780 781 781 782 782 783 783 784 784 785 785 786 786 787 787 788 788 789 789 790 790 791 791 792 792 793 793 794 794 795 795 796 796 797 797 798 798 799 799 800 800 801 801 802 802 803 803 804 804 805 805 806 806 807 807 808 808 809 809 810 810 811 811 812 812 813 813 814 814 815 815 816 816 817 817 818 818 819 819 820 820 821 821 822 822 823 823 824 824 825 825 826 826 827 827 828 828 829 829 830 830 831 831 832 832 833 833 834 834 835 835 836 836 837 837 838 838 839 839 480</p>
        </lines>
      </mesh>
    </geometry>
    <geometry id="_0250410_110052_D_12_5_k_7_Area6_str_010-mesh" name="20250410_110052_D=12.5_k=7_Area6_str.010">
      <mesh>
        <source id="_0250410_110052_D_12_5_k_7_Area6_str_010-mesh-positions">
          <float_array id="_0250410_110052_D_12_5_k_7_Area6_str_010-mesh-positions-array" count="297">12.5 12.5 -9.43724e-7 14.5 12.5 0.9999991 13.3 20.5 0.9999985 16.5 12.5 1.999999 14.1 28.5 1.999998 18.5 12.5 2.999999 14.9 36.5 2.999997 20.5 12.5 3.999999 15.7 44.5 3.999997 22.5 12.5 4.999999 16.5 52.5 4.999996 24.5 12.5 5.999999 17.3 60.5 5.999995 26.5 12.5 6.999999 18.1 68.5 6.999995 28.5 12.5 7.999999 18.9 76.5 7.999994 30.5 12.5 9 19.7 84.5 8.999994 32.5 12.5 10 20.5 92.5 9.999994 34.5 12.5 11 21.3 100.5 10.99999 36.5 12.5 12 22.1 108.5 11.99999 38.5 12.5 13 22.9 116.5 12.99999 40.5 12.5 14 23.7 124.5 13.99999 42.5 12.5 15 24.5 132.5 14.99999 44.5 12.5 16 25.3 140.5 15.99999 46.5 12.5 17 26.1 148.5 16.99999 48.5 12.5 18 26.9 156.5 17.99999 50.5 12.5 19 27.7 164.5 18.99999 52.5 12.5 20 28.5 172.5 19.99999 54.5 12.5 21 29.3 180.5 20.99999 56.5 12.5 22 30.1 188.5 21.99999 58.5 12.5 23 30.9 196.5 22.99999 60.5 12.5 24 31.7 204.5 23.99999 62.5 12.5 25 32.5 212.5 24.99999 64.5 12.5 26 33.3 220.5 25.99998 66.5 12.5 27 34.1 228.5 26.99998 68.5 12.5 28 34.9 236.5 27.99998 70.5 12.5 29 35.7 244.5 28.99998 72.5 12.5 30 36.5 252.5 29.99998 74.5 12.5 31 37.3 260.5 30.99998 76.5 12.5 32 38.1 268.5 31.99998 78.5 12.5 33 38.9 276.5 32.99998 80.5 12.5 34 39.7 284.5 33.99998 82.5 12.5 35 40.5 292.5 34.99998 84.5 12.5 36 41.3 300.5 35.99998 86.5 12.5 37 42.1 308.5 36.99998 88.5 12.5 38 42.9 316.5 37.99998 90.5 12.5 39 43.7 324.5 38.99998 90.625 12.5 39.0625 43.75 325 39.06248 92.5 12.5 40 45.625 325 39.99998 43.75 332.5 39.99997 94.5 12.5 41 47.625 325 40.99998 43.75 340.5 40.99997 96.5 12.5 42 49.625 325 41.99998 43.75 348.5 41.99997 98.5 12.5 43 51.625 325 42.99998 43.75 356.5 42.99997 100.5 12.5 44 53.625 325 43.99998 43.75 364.5 43.99997 102.5 12.5 45 55.625 325 44.99998 43.75 372.5 44.99997</float_array>
          <technique_common>
            <accessor source="#_0250410_110052_D_12_5_k_7_Area6_str_010-mesh-positions-array" count="99" stride="3">
              <param name="X" type="float"/>
              <param name="Y" type="float"/>
              <param name="Z" type="float"/>
            </accessor>
          </technique_common>
        </source>
        <source id="_0250410_110052_D_12_5_k_7_Area6_str_010-mesh-normals">
          <float_array id="_0250410_110052_D_12_5_k_7_Area6_str_010-mesh-normals-array" count="192">-0.446211 -0.0669316 0.8924215 -0.4462108 -0.06693154 0.8924216 -0.4462107 -0.06693148 0.8924216 -0.4462108 -0.0669316 0.8924216 -0.4462108 -0.06693154 0.8924216 -0.446211 -0.06693154 0.8924214 -0.4462106 -0.06693148 0.8924216 -0.4462106 -0.06693154 0.8924216 -0.446211 -0.06693148 0.8924214 -0.446211 -0.0669316 0.8924214 -0.4462108 -0.06693148 0.8924216 -0.4462116 -0.06693154 0.8924211 -0.4462108 -0.06693154 0.8924216 -0.4462108 -0.06693154 0.8924215 -0.4462115 -0.06693148 0.8924213 -0.4462105 -0.06693148 0.8924217 -0.4462108 -0.06693154 0.8924215 -0.4462085 -0.06693154 0.8924227 -0.4462113 -0.0669316 0.8924213 -0.4462108 -0.06693154 0.8924216 -0.4462098 -0.0669316 0.892422 -0.4462112 -0.06693148 0.8924213 -0.4462108 -0.0669316 0.8924216 -0.4462108 -0.06693154 0.8924215 -0.4462112 -0.06693148 0.8924214 -0.4462108 -0.0669316 0.8924216 -0.4462088 -0.06693154 0.8924226 -0.4462093 -0.06693148 0.8924223 -0.4462101 -0.0669316 0.8924219 -0.4462128 -0.06693148 0.8924206 -0.4462082 -0.06693142 0.8924228 -0.4462108 -0.06693154 0.8924215 -0.4462113 -0.06693166 0.8924212 -0.4462079 -0.0669316 0.8924229 -0.4462108 -0.06693154 0.8924216 -0.4462108 -0.06693154 0.8924216 -0.4462108 -0.06693154 0.8924216 -0.4444445 -0.1111106 0.888889 -0.4444445 -0.1111109 0.888889 -0.4444444 -0.1111109 0.8888889 -0.4444445 -0.111111 0.888889 -0.4462107 -0.06693148 0.8924216 -0.4462108 -0.06693166 0.8924216 -0.4462108 -0.06693148 0.8924216 -0.4462109 -0.06693154 0.8924214 -0.4462108 -0.06693148 0.8924216 -0.4462108 -0.06693154 0.8924215 -0.4462105 -0.06693154 0.8924217 -0.4462108 -0.06693154 0.8924216 -0.4462108 -0.06693154 0.8924216 -0.4462106 -0.06693148 0.8924217 -0.4462108 -0.06693154 0.8924216 -0.4462108 -0.06693154 0.8924215 -0.4462105 -0.06693148 0.8924217 -0.4462108 -0.06693154 0.8924216 -0.4462108 -0.06693148 0.8924216 -0.4462109 -0.06693148 0.8924215 -0.4444444 -0.1111106 0.8888889 -0.4444459 -0.111111 0.8888882 -0.4444454 -0.1111111 0.8888885 -0.4444451 -0.1111111 0.8888887 -0.4444462 -0.111111 0.8888882 -0.4444463 -0.111111 0.888888 -0.4444444 -0.111111 0.8888889</float_array>
          <technique_common>
            <accessor source="#_0250410_110052_D_12_5_k_7_Area6_str_010-mesh-normals-array" count="64" stride="3">
              <param name="X" type="float"/>
              <param name="Y" type="float"/>
              <param name="Z" type="float"/>
            </accessor>
          </technique_common>
        </source>
        <vertices id="_0250410_110052_D_12_5_k_7_Area6_str_010-mesh-vertices">
          <input semantic="POSITION" source="#_0250410_110052_D_12_5_k_7_Area6_str_010-mesh-positions"/>
        </vertices>
        <triangles material="_auto_27_008-material" count="102">
          <input semantic="VERTEX" source="#_0250410_110052_D_12_5_k_7_Area6_str_010-mesh-vertices" offset="0"/>
          <input semantic="NORMAL" source="#_0250410_110052_D_12_5_k_7_Area6_str_010-mesh-normals" offset="1"/>
          <p>5 0 4 0 3 0 1 1 2 1 0 1 2 2 3 2 4 2 6 3 7 3 8 3 8 4 9 4 10 4 10 5 11 5 12 5 12 6 13 6 14 6 14 7 15 7 16 7 16 8 17 8 18 8 18 9 19 9 20 9 20 10 21 10 22 10 22 10 23 10 24 10 24 11 25 11 26 11 26 12 27 12 28 12 28 13 29 13 30 13 30 14 31 14 32 14 32 15 33 15 34 15 34 16 35 16 36 16 36 17 37 17 38 17 38 18 39 18 40 18 40 19 41 19 42 19 42 20 43 20 44 20 44 21 45 21 46 21 46 22 47 22 48 22 48 23 49 23 50 23 50 24 51 24 52 24 52 25 53 25 54 25 54 26 55 26 56 26 56 27 57 27 58 27 58 23 59 23 60 23 60 16 61 16 62 16 62 28 63 28 64 28 64 29 65 29 66 29 66 30 67 30 68 30 68 31 69 31 70 31 70 23 71 23 72 23 72 32 73 32 74 32 74 33 75 33 76 33 76 34 77 34 78 34 78 35 79 35 80 35 79 36 81 36 82 36 82 37 85 37 83 37 85 38 88 38 86 38 88 39 91 39 89 39 91 40 94 40 92 40 93 12 96 12 97 12 5 41 6 41 4 41 2 42 1 42 3 42 6 43 5 43 7 43 8 44 7 44 9 44 10 45 9 45 11 45 12 46 11 46 13 46 14 34 13 34 15 34 16 47 15 47 17 47 18 48 17 48 19 48 20 49 19 49 21 49 22 4 21 4 23 4 24 1 23 1 25 1 26 50 25 50 27 50 28 34 27 34 29 34 30 51 29 51 31 51 32 49 31 49 33 49 34 12 33 12 35 12 36 52 35 52 37 52 38 53 37 53 39 53 40 1 39 1 41 1 42 12 41 12 43 12 44 4 43 4 45 4 46 54 45 54 47 54 48 1 47 1 49 1 50 36 49 36 51 36 52 55 51 55 53 55 54 54 53 54 55 54 56 1 55 1 57 1 58 4 57 4 59 4 60 51 59 51 61 51 62 56 61 56 63 56 64 54 63 54 65 54 66 12 65 12 67 12 68 12 67 12 69 12 70 48 69 48 71 48 72 48 71 48 73 48 74 51 73 51 75 51 76 13 75 13 77 13 78 1 77 1 79 1 83 57 80 57 82 57 80 48 79 48 82 48 82 12 81 12 85 12 81 12 84 12 85 12 85 58 86 58 83 58 85 12 84 12 88 12 84 12 87 12 88 12 88 59 89 59 86 59 88 12 87 12 91 12 87 12 90 12 91 12 91 60 92 60 89 60 91 12 90 12 94 12 90 12 93 12 94 12 94 61 95 61 92 61 98 62 95 62 97 62 95 63 94 63 97 63 94 12 93 12 97 12</p>
        </triangles>
      </mesh>
    </geometry>
    <geometry id="_0250410_110052_D_12_5_k_7_Area5_str_011-mesh" name="20250410_110052_D=12.5_k=7_Area5_str.011">
      <mesh>
        <source id="_0250410_110052_D_12_5_k_7_Area5_str_011-mesh-positions">
          <float_array id="_0250410_110052_D_12_5_k_7_Area5_str_011-mesh-positions-array" count="297">-12.5 12.5 -9.43724e-7 -14.5 12.5 0.9999991 -13.3 20.5 0.9999985 -16.5 12.5 1.999999 -14.1 28.5 1.999998 -18.5 12.5 2.999999 -14.9 36.5 2.999997 -20.5 12.5 3.999999 -15.7 44.5 3.999997 -22.5 12.5 4.999999 -16.5 52.5 4.999996 -24.5 12.5 5.999999 -17.3 60.5 5.999995 -26.5 12.5 6.999999 -18.1 68.5 6.999995 -28.5 12.5 7.999999 -18.9 76.5 7.999994 -30.5 12.5 9 -19.7 84.5 8.999994 -32.5 12.5 10 -20.5 92.5 9.999994 -34.5 12.5 11 -21.3 100.5 10.99999 -36.5 12.5 12 -22.1 108.5 11.99999 -38.5 12.5 13 -22.9 116.5 12.99999 -40.5 12.5 14 -23.7 124.5 13.99999 -42.5 12.5 15 -24.5 132.5 14.99999 -44.5 12.5 16 -25.3 140.5 15.99999 -46.5 12.5 17 -26.1 148.5 16.99999 -48.5 12.5 18 -26.9 156.5 17.99999 -50.5 12.5 19 -27.7 164.5 18.99999 -52.5 12.5 20 -28.5 172.5 19.99999 -54.5 12.5 21 -29.3 180.5 20.99999 -56.5 12.5 22 -30.1 188.5 21.99999 -58.5 12.5 23 -30.9 196.5 22.99999 -60.5 12.5 24 -31.7 204.5 23.99999 -62.5 12.5 25 -32.5 212.5 24.99999 -64.5 12.5 26 -33.3 220.5 25.99998 -66.5 12.5 27 -34.1 228.5 26.99998 -68.5 12.5 28 -34.9 236.5 27.99998 -70.5 12.5 29 -35.7 244.5 28.99998 -72.5 12.5 30 -36.5 252.5 29.99998 -74.5 12.5 31 -37.3 260.5 30.99998 -76.5 12.5 32 -38.1 268.5 31.99998 -78.5 12.5 33 -38.9 276.5 32.99998 -80.5 12.5 34 -39.7 284.5 33.99998 -82.5 12.5 35 -40.5 292.5 34.99998 -84.5 12.5 36 -41.3 300.5 35.99998 -86.5 12.5 37 -42.1 308.5 36.99998 -88.5 12.5 38 -42.9 316.5 37.99998 -90.5 12.5 39 -43.7 324.5 38.99998 -90.625 12.5 39.0625 -43.75 325 39.06248 -92.5 12.5 40 -45.625 325 39.99998 -43.75 332.5 39.99997 -94.5 12.5 41 -47.625 325 40.99998 -43.75 340.5 40.99997 -96.5 12.5 42 -49.625 325 41.99998 -43.75 348.5 41.99997 -98.5 12.5 43 -51.625 325 42.99998 -43.75 356.5 42.99997 -100.5 12.5 44 -53.625 325 43.99998 -43.75 364.5 43.99997 -102.5 12.5 45 -55.625 325 44.99998 -43.75 372.5 44.99997</float_array>
          <technique_common>
            <accessor source="#_0250410_110052_D_12_5_k_7_Area5_str_011-mesh-positions-array" count="99" stride="3">
              <param name="X" type="float"/>
              <param name="Y" type="float"/>
              <param name="Z" type="float"/>
            </accessor>
          </technique_common>
        </source>
        <source id="_0250410_110052_D_12_5_k_7_Area5_str_011-mesh-normals">
          <float_array id="_0250410_110052_D_12_5_k_7_Area5_str_011-mesh-normals-array" count="195">0.4462108 -0.06693154 0.8924216 0.4462108 -0.06693166 0.8924216 0.446211 -0.06693166 0.8924215 0.4462108 -0.06693148 0.8924216 0.4462109 -0.06693154 0.8924214 0.4462108 -0.06693148 0.8924216 0.4462108 -0.06693154 0.8924215 0.4462108 -0.06693154 0.8924216 0.4462105 -0.06693154 0.8924217 0.4462108 -0.06693154 0.8924216 0.4462108 -0.06693154 0.8924216 0.4462108 -0.06693154 0.8924216 0.4462106 -0.06693148 0.8924217 0.4462108 -0.06693154 0.8924216 0.4462108 -0.06693154 0.8924216 0.4462108 -0.06693154 0.8924215 0.4462105 -0.06693148 0.8924217 0.4462108 -0.06693154 0.8924216 0.4462108 -0.06693154 0.8924216 0.4462108 -0.06693148 0.8924216 0.4462109 -0.06693148 0.8924215 0.4462108 -0.06693154 0.8924215 0.4462107 -0.06693148 0.8924216 0.4462106 -0.06693148 0.8924216 0.4462108 -0.0669316 0.8924216 0.446211 -0.06693154 0.8924214 0.4462106 -0.06693148 0.8924216 0.4462106 -0.06693154 0.8924216 0.446211 -0.06693148 0.8924214 0.446211 -0.0669316 0.8924214 0.4462108 -0.06693148 0.8924216 0.4462116 -0.06693154 0.8924211 0.4462115 -0.06693148 0.8924213 0.4462105 -0.06693148 0.8924217 0.4462108 -0.06693154 0.8924215 0.4462085 -0.06693154 0.8924227 0.4462113 -0.0669316 0.8924213 0.4462108 -0.06693154 0.8924216 0.4462098 -0.0669316 0.892422 0.4462112 -0.06693148 0.8924213 0.4462108 -0.0669316 0.8924216 0.4462108 -0.06693154 0.8924215 0.4462112 -0.06693148 0.8924214 0.4462108 -0.0669316 0.8924216 0.4462088 -0.06693154 0.8924226 0.4462093 -0.06693148 0.8924223 0.4462101 -0.0669316 0.8924219 0.4462128 -0.06693148 0.8924206 0.4462082 -0.06693142 0.8924228 0.4462108 -0.06693154 0.8924215 0.4462113 -0.06693166 0.8924212 0.4462079 -0.0669316 0.8924229 0.4462108 -0.06693154 0.8924216 0.4444444 -0.1111108 0.8888889 0.4444445 -0.1111106 0.888889 0.4444444 -0.1111112 0.8888889 0.4444445 -0.1111109 0.888889 0.4444463 -0.1111111 0.8888881 0.4444444 -0.1111109 0.8888889 0.4444445 -0.1111111 0.888889 0.4444445 -0.111111 0.888889 0.4444466 -0.111111 0.8888878 0.4444444 -0.111111 0.8888889 0.4444444 -0.1111111 0.8888889 0.4462109 -0.06693154 0.8924216</float_array>
          <technique_common>
            <accessor source="#_0250410_110052_D_12_5_k_7_Area5_str_011-mesh-normals-array" count="65" stride="3">
              <param name="X" type="float"/>
              <param name="Y" type="float"/>
              <param name="Z" type="float"/>
            </accessor>
          </technique_common>
        </source>
        <vertices id="_0250410_110052_D_12_5_k_7_Area5_str_011-mesh-vertices">
          <input semantic="POSITION" source="#_0250410_110052_D_12_5_k_7_Area5_str_011-mesh-positions"/>
        </vertices>
        <triangles material="_auto_27_008-material" count="102">
          <input semantic="VERTEX" source="#_0250410_110052_D_12_5_k_7_Area5_str_011-mesh-vertices" offset="0"/>
          <input semantic="NORMAL" source="#_0250410_110052_D_12_5_k_7_Area5_str_011-mesh-normals" offset="1"/>
          <p>1 0 0 0 2 0 2 1 3 1 1 1 4 2 5 2 3 2 6 3 7 3 5 3 8 4 9 4 7 4 10 5 11 5 9 5 12 6 13 6 11 6 14 7 15 7 13 7 16 8 17 8 15 8 18 9 19 9 17 9 20 10 21 10 19 10 22 11 23 11 21 11 24 0 25 0 23 0 26 12 27 12 25 12 28 7 29 7 27 7 30 13 31 13 29 13 32 10 33 10 31 10 34 14 35 14 33 14 36 15 37 15 35 15 38 16 39 16 37 16 40 0 41 0 39 0 42 14 43 14 41 14 44 11 45 11 43 11 46 17 47 17 45 17 48 0 49 0 47 0 50 18 51 18 49 18 52 19 53 19 51 19 54 17 55 17 53 17 56 0 57 0 55 0 58 11 59 11 57 11 60 13 61 13 59 13 62 20 63 20 61 20 64 17 65 17 63 17 66 14 67 14 65 14 68 14 69 14 67 14 70 9 71 9 69 9 72 9 73 9 71 9 74 13 75 13 73 13 76 21 77 21 75 21 78 0 79 0 77 0 82 21 81 21 79 21 82 14 85 14 81 14 85 14 88 14 84 14 88 14 91 14 87 14 91 14 94 14 90 14 97 0 93 0 94 0 2 22 4 22 3 22 4 23 6 23 5 23 6 24 8 24 7 24 8 11 10 11 9 11 10 25 12 25 11 25 12 26 14 26 13 26 14 27 16 27 15 27 16 28 18 28 17 28 18 29 20 29 19 29 20 30 22 30 21 30 22 30 24 30 23 30 24 31 26 31 25 31 26 14 28 14 27 14 28 21 30 21 29 21 30 32 32 32 31 32 32 33 34 33 33 33 34 34 36 34 35 34 36 35 38 35 37 35 38 36 40 36 39 36 40 37 42 37 41 37 42 38 44 38 43 38 44 39 46 39 45 39 46 40 48 40 47 40 48 41 50 41 49 41 50 42 52 42 51 42 52 43 54 43 53 43 54 44 56 44 55 44 56 45 58 45 57 45 58 41 60 41 59 41 60 34 62 34 61 34 62 46 64 46 63 46 64 47 66 47 65 47 66 48 68 48 67 48 68 49 70 49 69 49 70 41 72 41 71 41 72 50 74 50 73 50 74 51 76 51 75 51 76 7 78 7 77 7 78 52 80 52 79 52 79 9 80 9 82 9 80 53 83 53 82 53 82 54 83 54 85 54 83 55 86 55 85 55 85 14 84 14 81 14 85 56 86 56 88 56 86 57 89 57 88 57 88 14 87 14 84 14 88 58 89 58 91 58 89 59 92 59 91 59 91 14 90 14 87 14 91 60 92 60 94 60 92 61 95 61 94 61 94 14 93 14 90 14 94 62 95 62 97 62 95 63 98 63 97 63 97 64 96 64 93 64</p>
        </triangles>
      </mesh>
    </geometry>
    <geometry id="_0250410_110052_D_12_5_k_7_Area4_str_011-mesh" name="20250410_110052_D=12.5_k=7_Area4_str.011">
      <mesh>
        <source id="_0250410_110052_D_12_5_k_7_Area4_str_011-mesh-positions">
          <float_array id="_0250410_110052_D_12_5_k_7_Area4_str_011-mesh-positions-array" count="252">-12.5 12.5 -9.43724e-7 12.5 12.5 -9.43724e-7 -13.3 20.5 0.9999985 13.3 20.5 0.9999985 -14.1 28.5 1.999998 14.1 28.5 1.999998 -14.9 36.5 2.999997 14.9 36.5 2.999997 -15.7 44.5 3.999997 15.7 44.5 3.999997 -16.5 52.5 4.999996 16.5 52.5 4.999996 -17.3 60.5 5.999995 17.3 60.5 5.999995 -18.1 68.5 6.999995 18.1 68.5 6.999995 -18.9 76.5 7.999994 18.9 76.5 7.999994 -19.7 84.5 8.999994 19.7 84.5 8.999994 -20.5 92.5 9.999994 20.5 92.5 9.999994 -21.3 100.5 10.99999 21.3 100.5 10.99999 -22.1 108.5 11.99999 22.1 108.5 11.99999 -22.9 116.5 12.99999 22.9 116.5 12.99999 -23.7 124.5 13.99999 23.7 124.5 13.99999 -24.5 132.5 14.99999 24.5 132.5 14.99999 -25.3 140.5 15.99999 25.3 140.5 15.99999 -26.1 148.5 16.99999 26.1 148.5 16.99999 -26.9 156.5 17.99999 26.9 156.5 17.99999 -27.7 164.5 18.99999 27.7 164.5 18.99999 -28.5 172.5 19.99999 28.5 172.5 19.99999 -29.3 180.5 20.99999 29.3 180.5 20.99999 -30.1 188.5 21.99999 30.1 188.5 21.99999 -30.9 196.5 22.99999 30.9 196.5 22.99999 -31.7 204.5 23.99999 31.7 204.5 23.99999 -32.5 212.5 24.99999 32.5 212.5 24.99999 -33.3 220.5 25.99998 33.3 220.5 25.99998 -34.1 228.5 26.99998 34.1 228.5 26.99998 -34.9 236.5 27.99998 34.9 236.5 27.99998 -35.7 244.5 28.99998 35.7 244.5 28.99998 -36.5 252.5 29.99998 36.5 252.5 29.99998 -37.3 260.5 30.99998 37.3 260.5 30.99998 -38.1 268.5 31.99998 38.1 268.5 31.99998 -38.9 276.5 32.99998 38.9 276.5 32.99998 -39.7 284.5 33.99998 39.7 284.5 33.99998 -40.5 292.5 34.99998 40.5 292.5 34.99998 -41.3 300.5 35.99998 41.3 300.5 35.99998 -42.1 308.5 36.99998 42.1 308.5 36.99998 -42.9 316.5 37.99998 42.9 316.5 37.99998 -43.7 324.5 38.99998 43.7 324.5 38.99998 -43.75 325 39.06248 43.75 325 39.06248 -43.75 1232.5 152.4999 43.75 1232.5 152.4999</float_array>
          <technique_common>
            <accessor source="#_0250410_110052_D_12_5_k_7_Area4_str_011-mesh-positions-array" count="84" stride="3">
              <param name="X" type="float"/>
              <param name="Y" type="float"/>
              <param name="Z" type="float"/>
            </accessor>
          </technique_common>
        </source>
        <source id="_0250410_110052_D_12_5_k_7_Area4_str_011-mesh-normals">
          <float_array id="_0250410_110052_D_12_5_k_7_Area4_str_011-mesh-normals-array" count="192">0 -0.1240343 0.992278 0 -0.1240347 0.9922779 0 -0.1240347 0.992278 0 -0.1240345 0.992278 0 -0.1240347 0.992278 0 -0.1240347 0.992278 0 -0.1240348 0.9922779 0 -0.1240347 0.992278 0 -0.1240347 0.9922779 0 -0.1240346 0.9922779 0 -0.1240345 0.9922779 0 -0.1240347 0.9922779 0 -0.1240346 0.9922779 0 -0.1240347 0.9922779 0 -0.1240348 0.9922779 0 -0.1240346 0.992278 0 -0.1240348 0.9922779 0 -0.1240348 0.9922779 0 -0.1240343 0.992278 0 -0.1240346 0.9922779 0 -0.1240345 0.9922779 0 -0.1240345 0.9922779 0 -0.1240348 0.992278 0 -0.1240347 0.9922779 0 -0.1240346 0.992278 0 -0.1240344 0.9922779 0 -0.1240345 0.992278 0 -0.1240349 0.9922779 0 -0.1240347 0.992278 0 -0.1240346 0.992278 0 -0.1240348 0.9922779 0 -0.1240344 0.9922779 0 -0.1240347 0.992278 0 -0.1240346 0.9922779 0 -0.124035 0.9922779 0 -0.1240347 0.9922779 0 -0.1240354 0.9922778 0 -0.1240351 0.9922779 0 -0.1240345 0.992278 0 -0.1240344 0.9922779 0 -0.1240344 0.992278 0 -0.124035 0.9922779 0 -0.1240348 0.9922779 0 -0.1240348 0.992278 0 -0.124035 0.9922779 0 -0.1240339 0.992278 0 -0.1240345 0.9922779 0 -0.1240342 0.992278 0 -0.1240346 0.992278 0 -0.1240344 0.9922779 0 -0.1240344 0.992278 0 -0.1240345 0.992278 0 -0.124034 0.992278 0 -0.1240348 0.9922779 0 -0.1240342 0.992278 0 -0.1240356 0.9922779 0 -0.1240347 0.992278 0 -0.1240357 0.9922779 0 -0.1240238 0.9922792 0 -0.1240355 0.9922778 0 -0.1240369 0.9922776 0 -0.1240344 0.9922779 0 -0.1240342 0.992278 0 -0.1240353 0.9922779</float_array>
          <technique_common>
            <accessor source="#_0250410_110052_D_12_5_k_7_Area4_str_011-mesh-normals-array" count="64" stride="3">
              <param name="X" type="float"/>
              <param name="Y" type="float"/>
              <param name="Z" type="float"/>
            </accessor>
          </technique_common>
        </source>
        <vertices id="_0250410_110052_D_12_5_k_7_Area4_str_011-mesh-vertices">
          <input semantic="POSITION" source="#_0250410_110052_D_12_5_k_7_Area4_str_011-mesh-positions"/>
        </vertices>
        <lines count="1">
          <input semantic="VERTEX" source="#_0250410_110052_D_12_5_k_7_Area4_str_011-mesh-vertices" offset="0"/>
          <p>83 82</p>
        </lines>
        <triangles material="_auto_11_008-material" count="82">
          <input semantic="VERTEX" source="#_0250410_110052_D_12_5_k_7_Area4_str_011-mesh-vertices" offset="0"/>
          <input semantic="NORMAL" source="#_0250410_110052_D_12_5_k_7_Area4_str_011-mesh-normals" offset="1"/>
          <p>75 0 77 0 76 0 80 1 83 1 82 1 0 2 1 2 3 2 3 3 5 3 2 3 5 4 7 4 4 4 2 5 5 5 4 5 9 6 11 6 10 6 11 7 13 7 12 7 0 1 3 1 2 1 7 8 9 8 8 8 11 9 12 9 10 9 13 10 15 10 12 10 6 11 4 11 7 11 10 12 8 12 9 12 8 13 6 13 7 13 16 7 14 7 17 7 14 14 12 14 15 14 17 15 14 15 15 15 20 16 18 16 19 16 18 14 16 14 17 14 26 17 24 17 25 17 24 18 22 18 23 18 22 19 20 19 21 19 18 20 17 20 19 20 30 5 28 5 29 5 28 21 26 21 27 21 24 22 23 22 25 22 21 23 20 23 19 23 32 24 30 24 31 24 28 25 27 25 29 25 23 26 22 26 21 26 25 27 27 27 26 27 29 28 31 28 30 28 33 23 35 23 34 23 35 29 37 29 36 29 31 25 33 25 32 25 36 30 34 30 35 30 34 25 32 25 33 25 40 31 38 31 39 31 38 32 36 32 39 32 46 33 44 33 45 33 44 34 42 34 43 34 44 35 43 35 45 35 42 28 40 28 41 28 41 28 40 28 39 28 50 36 48 36 49 36 48 37 46 37 47 37 52 38 50 38 51 38 48 39 47 39 49 39 47 40 46 40 45 40 39 41 36 41 37 41 58 42 56 42 57 42 56 43 54 43 55 43 54 44 52 44 53 44 41 34 43 34 42 34 62 45 60 45 61 45 60 28 58 28 61 28 56 46 55 46 57 46 51 47 50 47 49 47 52 48 51 48 53 48 55 49 54 49 53 49 64 50 62 50 63 50 68 12 66 12 67 12 66 35 64 35 65 35 74 51 72 51 73 51 72 52 70 52 71 52 71 52 70 52 69 52 70 17 68 17 69 17 66 53 65 53 67 53 65 54 64 54 63 54 62 55 61 55 63 55 57 56 59 56 58 56 61 57 58 57 59 57 80 58 78 58 81 58 78 59 76 59 79 59 81 60 78 60 79 60 76 61 74 61 75 61 68 62 67 62 69 62 77 0 79 0 76 0 71 63 73 63 72 63 73 61 75 61 74 61 80 1 81 1 83 1</p>
        </triangles>
      </mesh>
    </geometry>
    <geometry id="_0250410_110052_D_12_5_k_7_Area3_str_011-mesh" name="20250410_110052_D=12.5_k=7_Area3_str.011">
      <mesh>
        <source id="_0250410_110052_D_12_5_k_7_Area3_str_011-mesh-positions">
          <float_array id="_0250410_110052_D_12_5_k_7_Area3_str_011-mesh-positions-array" count="276">12.5 12.5 -9.43724e-7 12.5 -12.5 9.43724e-7 14.5 12.5 0.9999991 14.5 -12.5 1.000001 16.5 12.5 1.999999 16.5 -12.5 2.000001 18.5 12.5 2.999999 18.5 -12.5 3.000001 20.5 12.5 3.999999 20.5 -12.5 4.000001 22.5 12.5 4.999999 22.5 -12.5 5.000001 24.5 12.5 5.999999 24.5 -12.5 6.000001 26.5 12.5 6.999999 26.5 -12.5 7.000001 28.5 12.5 7.999999 28.5 -12.5 8.000001 30.5 12.5 9 30.5 -12.5 9.000001 32.5 12.5 10 32.5 -12.5 10 34.5 12.5 11 34.5 -12.5 11 36.5 12.5 12 36.5 -12.5 12 38.5 12.5 13 38.5 -12.5 13 40.5 12.5 14 40.5 -12.5 14 42.5 12.5 15 42.5 -12.5 15 44.5 12.5 16 44.5 -12.5 16 46.5 12.5 17 46.5 -12.5 17 48.5 12.5 18 48.5 -12.5 18 50.5 12.5 19 50.5 -12.5 19 52.5 12.5 20 52.5 -12.5 20 54.5 12.5 21 54.5 -12.5 21 56.5 12.5 22 56.5 -12.5 22 58.5 12.5 23 58.5 -12.5 23 60.5 12.5 24 60.5 -12.5 24 62.5 12.5 25 62.5 -12.5 25 64.5 12.5 26 64.5 -12.5 26 66.5 12.5 27 66.5 -12.5 27 68.5 12.5 28 68.5 -12.5 28 70.5 12.5 29 70.5 -12.5 29 72.5 12.5 30 72.5 -12.5 30 74.5 12.5 31 74.5 -12.5 31 76.5 12.5 32 76.5 -12.5 32 78.5 12.5 33 78.5 -12.5 33 80.5 12.5 34 80.5 -12.5 34 82.5 12.5 35 82.5 -12.5 35 84.5 12.5 36 84.5 -12.5 36 86.5 12.5 37 86.5 -12.5 37 88.5 12.5 38 88.5 -12.5 38 90.5 12.5 39 90.5 -12.5 39 92.5 12.5 40 92.5 -12.5 40 94.5 12.5 41 94.5 -12.5 41 96.5 12.5 42 96.5 -12.5 42 98.5 12.5 43 98.5 -12.5 43 100.5 12.5 44 100.5 -12.5 44 102.5 12.5 45 102.5 -12.5 45</float_array>
          <technique_common>
            <accessor source="#_0250410_110052_D_12_5_k_7_Area3_str_011-mesh-positions-array" count="92" stride="3">
              <param name="X" type="float"/>
              <param name="Y" type="float"/>
              <param name="Z" type="float"/>
            </accessor>
          </technique_common>
        </source>
        <source id="_0250410_110052_D_12_5_k_7_Area3_str_011-mesh-normals">
          <float_array id="_0250410_110052_D_12_5_k_7_Area3_str_011-mesh-normals-array" count="27">-0.4472137 0 0.8944273 -0.4472137 0 0.8944273 -0.4472137 1.36479e-7 0.8944273 -0.4472137 0 0.8944273 -0.4472137 0 0.8944273 -0.4472137 0 0.8944273 -0.4472144 0 0.8944268 -0.4472128 0 0.8944277 -0.4472124 0 0.8944279</float_array>
          <technique_common>
            <accessor source="#_0250410_110052_D_12_5_k_7_Area3_str_011-mesh-normals-array" count="9" stride="3">
              <param name="X" type="float"/>
              <param name="Y" type="float"/>
              <param name="Z" type="float"/>
            </accessor>
          </technique_common>
        </source>
        <vertices id="_0250410_110052_D_12_5_k_7_Area3_str_011-mesh-vertices">
          <input semantic="POSITION" source="#_0250410_110052_D_12_5_k_7_Area3_str_011-mesh-positions"/>
        </vertices>
        <triangles material="_auto_27_008-material" count="90">
          <input semantic="VERTEX" source="#_0250410_110052_D_12_5_k_7_Area3_str_011-mesh-vertices" offset="0"/>
          <input semantic="NORMAL" source="#_0250410_110052_D_12_5_k_7_Area3_str_011-mesh-normals" offset="1"/>
          <p>77 0 79 0 76 0 0 1 1 1 3 1 3 1 5 1 2 1 5 2 7 2 4 2 3 1 2 1 0 1 2 1 5 1 4 1 7 2 9 2 6 2 4 3 7 3 6 3 8 0 6 0 9 0 8 2 9 2 11 2 11 2 13 2 10 2 13 2 15 2 12 2 11 0 10 0 8 0 13 0 12 0 10 0 16 0 14 0 17 0 14 0 12 0 15 0 16 3 19 3 18 3 15 2 17 2 14 2 19 4 16 4 17 4 21 0 20 0 18 0 20 2 21 2 23 2 23 0 22 0 20 0 22 2 23 2 25 2 25 0 24 0 22 0 19 2 21 2 18 2 24 2 25 2 27 2 27 0 26 0 24 0 26 2 27 2 29 2 29 0 28 0 26 0 28 2 29 2 31 2 31 0 30 0 28 0 30 2 31 2 33 2 30 5 33 5 32 5 32 0 33 0 35 0 34 0 32 0 35 0 35 0 37 0 36 0 37 6 39 6 36 6 36 0 34 0 35 0 40 0 38 0 41 0 38 7 36 7 39 7 40 0 43 0 42 0 44 0 42 0 45 0 44 0 47 0 46 0 47 0 44 0 45 0 51 0 48 0 49 0 48 0 51 0 50 0 43 0 40 0 41 0 48 0 46 0 49 0 39 0 41 0 38 0 50 0 51 0 53 0 50 0 53 0 52 0 52 0 53 0 55 0 43 0 45 0 42 0 54 0 52 0 55 0 56 0 54 0 55 0 47 0 49 0 46 0 58 0 56 0 57 0 60 0 58 0 59 0 56 0 55 0 57 0 62 0 60 0 61 0 66 0 64 0 65 0 64 0 62 0 65 0 68 0 66 0 67 0 58 0 57 0 59 0 70 0 68 0 69 0 66 0 65 0 67 0 72 0 70 0 71 0 60 0 59 0 61 0 61 0 63 0 62 0 63 0 65 0 62 0 74 0 72 0 73 0 68 0 67 0 69 0 78 0 76 0 79 0 76 0 74 0 77 0 78 0 81 0 80 0 81 0 78 0 79 0 80 0 83 0 82 0 83 0 80 0 81 0 82 0 83 0 85 0 84 0 82 0 85 0 70 0 69 0 71 0 86 0 84 0 85 0 91 8 90 8 88 8 88 0 86 0 87 0 72 0 71 0 73 0 73 0 75 0 74 0 75 0 77 0 74 0 91 0 88 0 89 0 86 0 85 0 87 0 87 0 89 0 88 0</p>
        </triangles>
      </mesh>
    </geometry>
    <geometry id="_0250410_110052_D_12_5_k_7_Area2_str_011-mesh" name="20250410_110052_D=12.5_k=7_Area2_str.011">
      <mesh>
        <source id="_0250410_110052_D_12_5_k_7_Area2_str_011-mesh-positions">
          <float_array id="_0250410_110052_D_12_5_k_7_Area2_str_011-mesh-positions-array" count="276">-12.5 12.5 -9.43724e-7 -12.5 -12.5 9.43724e-7 -14.5 12.5 0.9999991 -14.5 -12.5 1.000001 -16.5 12.5 1.999999 -16.5 -12.5 2.000001 -18.5 12.5 2.999999 -18.5 -12.5 3.000001 -20.5 12.5 3.999999 -20.5 -12.5 4.000001 -22.5 12.5 4.999999 -22.5 -12.5 5.000001 -24.5 12.5 5.999999 -24.5 -12.5 6.000001 -26.5 12.5 6.999999 -26.5 -12.5 7.000001 -28.5 12.5 7.999999 -28.5 -12.5 8.000001 -30.5 12.5 9 -30.5 -12.5 9.000001 -32.5 12.5 10 -32.5 -12.5 10 -34.5 12.5 11 -34.5 -12.5 11 -36.5 12.5 12 -36.5 -12.5 12 -38.5 12.5 13 -38.5 -12.5 13 -40.5 12.5 14 -40.5 -12.5 14 -42.5 12.5 15 -42.5 -12.5 15 -44.5 12.5 16 -44.5 -12.5 16 -46.5 12.5 17 -46.5 -12.5 17 -48.5 12.5 18 -48.5 -12.5 18 -50.5 12.5 19 -50.5 -12.5 19 -52.5 12.5 20 -52.5 -12.5 20 -54.5 12.5 21 -54.5 -12.5 21 -56.5 12.5 22 -56.5 -12.5 22 -58.5 12.5 23 -58.5 -12.5 23 -60.5 12.5 24 -60.5 -12.5 24 -62.5 12.5 25 -62.5 -12.5 25 -64.5 12.5 26 -64.5 -12.5 26 -66.5 12.5 27 -66.5 -12.5 27 -68.5 12.5 28 -68.5 -12.5 28 -70.5 12.5 29 -70.5 -12.5 29 -72.5 12.5 30 -72.5 -12.5 30 -74.5 12.5 31 -74.5 -12.5 31 -76.5 12.5 32 -76.5 -12.5 32 -78.5 12.5 33 -78.5 -12.5 33 -80.5 12.5 34 -80.5 -12.5 34 -82.5 12.5 35 -82.5 -12.5 35 -84.5 12.5 36 -84.5 -12.5 36 -86.5 12.5 37 -86.5 -12.5 37 -88.5 12.5 38 -88.5 -12.5 38 -90.5 12.5 39 -90.5 -12.5 39 -92.5 12.5 40 -92.5 -12.5 40 -94.5 12.5 41 -94.5 -12.5 41 -96.5 12.5 42 -96.5 -12.5 42 -98.5 12.5 43 -98.5 -12.5 43 -100.5 12.5 44 -100.5 -12.5 44 -102.5 12.5 45 -102.5 -12.5 45</float_array>
          <technique_common>
            <accessor source="#_0250410_110052_D_12_5_k_7_Area2_str_011-mesh-positions-array" count="92" stride="3">
              <param name="X" type="float"/>
              <param name="Y" type="float"/>
              <param name="Z" type="float"/>
            </accessor>
          </technique_common>
        </source>
        <source id="_0250410_110052_D_12_5_k_7_Area2_str_011-mesh-normals">
          <float_array id="_0250410_110052_D_12_5_k_7_Area2_str_011-mesh-normals-array" count="27">0.4472137 0 0.8944273 0.4472137 0 0.8944273 0.4472137 0 0.8944273 0.4472137 0 0.8944273 0.4472137 0 0.8944273 0.4472137 1.36479e-7 0.8944273 0.4472137 0 0.8944273 0.4472128 0 0.8944277 0.4472144 0 0.8944268</float_array>
          <technique_common>
            <accessor source="#_0250410_110052_D_12_5_k_7_Area2_str_011-mesh-normals-array" count="9" stride="3">
              <param name="X" type="float"/>
              <param name="Y" type="float"/>
              <param name="Z" type="float"/>
            </accessor>
          </technique_common>
        </source>
        <vertices id="_0250410_110052_D_12_5_k_7_Area2_str_011-mesh-vertices">
          <input semantic="POSITION" source="#_0250410_110052_D_12_5_k_7_Area2_str_011-mesh-positions"/>
        </vertices>
        <triangles material="_auto_27_008-material" count="90">
          <input semantic="VERTEX" source="#_0250410_110052_D_12_5_k_7_Area2_str_011-mesh-vertices" offset="0"/>
          <input semantic="NORMAL" source="#_0250410_110052_D_12_5_k_7_Area2_str_011-mesh-normals" offset="1"/>
          <p>85 0 83 0 84 0 3 1 1 1 0 1 3 2 0 2 2 2 7 3 5 3 4 3 5 2 3 2 2 2 5 2 2 2 4 2 4 4 6 4 7 4 6 4 8 4 9 4 9 5 8 5 11 5 9 3 7 3 6 3 8 4 10 4 11 4 12 4 14 4 15 4 14 4 16 4 17 4 19 0 16 0 18 0 10 4 12 4 13 4 13 5 12 5 15 5 13 3 11 3 10 3 16 5 19 5 17 5 21 5 20 5 23 5 17 3 15 3 14 3 20 0 21 0 18 0 23 5 22 5 25 5 22 0 23 0 20 0 25 5 24 5 27 5 21 3 19 3 18 3 24 0 25 0 22 0 27 5 26 5 29 5 26 0 27 0 24 0 29 5 28 5 31 5 28 0 29 0 26 0 31 0 28 0 30 0 31 5 30 5 33 5 30 6 32 6 33 6 32 0 34 0 33 0 34 0 36 0 35 0 33 0 34 0 35 0 36 7 38 7 37 7 38 0 40 0 39 0 36 0 37 0 35 0 40 0 42 0 41 0 42 0 44 0 43 0 40 0 41 0 39 0 44 0 46 0 45 0 37 8 38 8 39 8 46 0 48 0 47 0 41 0 42 0 43 0 43 0 44 0 45 0 48 0 50 0 49 0 45 0 46 0 47 0 50 0 52 0 51 0 47 0 48 0 49 0 52 0 54 0 53 0 49 0 50 0 51 0 54 0 56 0 55 0 51 0 52 0 53 0 56 0 58 0 57 0 53 0 54 0 55 0 58 0 60 0 59 0 55 0 56 0 57 0 62 0 64 0 65 0 64 0 66 0 65 0 60 0 62 0 61 0 57 0 58 0 59 0 66 0 68 0 67 0 65 0 66 0 67 0 68 0 70 0 69 0 59 0 60 0 61 0 70 0 72 0 71 0 74 0 76 0 77 0 76 0 78 0 77 0 67 0 68 0 69 0 72 0 74 0 73 0 65 0 63 0 62 0 63 0 61 0 62 0 78 0 80 0 79 0 77 0 78 0 79 0 69 0 70 0 71 0 80 0 82 0 81 0 82 0 84 0 83 0 71 0 72 0 73 0 79 0 80 0 81 0 84 0 86 0 85 0 88 0 90 0 91 0 86 0 88 0 89 0 89 0 88 0 91 0 77 0 75 0 74 0 75 0 73 0 74 0 81 0 82 0 83 0 89 0 87 0 86 0 87 0 85 0 86 0</p>
        </triangles>
      </mesh>
    </geometry>
  </library_geometries>
  <library_animations>
    <animation id="action_container-_0250410_110052_D_12_5_k_7_Area2_str_003" name="20250410_110052_D=12.5_k=7_Area2_str.003">
      <animation id="_0250410_110052_D_12_5_k_7_Area2_str_003_20250410_110052_D_12_5_k_7_Area2_str_001Action_009_transform" name="20250410_110052_D=12.5_k=7_Area2_str.003">
        <source id="_0250410_110052_D_12_5_k_7_Area2_str_003_20250410_110052_D_12_5_k_7_Area2_str_001Action_009_transform-input">
          <float_array id="_0250410_110052_D_12_5_k_7_Area2_str_003_20250410_110052_D_12_5_k_7_Area2_str_001Action_009_transform-input-array" count="361">0 0.04166662 0.08333331 0.125 0.1666666 0.2083333 0.25 0.2916666 0.3333333 0.375 0.4166666 0.4583333 0.5 0.5416667 0.5833333 0.625 0.6666667 0.7083333 0.75 0.7916667 0.8333333 0.875 0.9166667 0.9583333 1 1.041667 1.083333 1.125 1.166667 1.208333 1.25 1.291667 1.333333 1.375 1.416667 1.458333 1.5 1.541667 1.583333 1.625 1.666667 1.708333 1.75 1.791667 1.833333 1.875 1.916667 1.958333 2 2.041667 2.083333 2.125 2.166667 2.208333 2.25 2.291667 2.333333 2.375 2.416667 2.458333 2.5 2.541667 2.583333 2.625 2.666667 2.708333 2.75 2.791667 2.833333 2.875 2.916667 2.958333 3 3.041667 3.083333 3.125 3.166667 3.208333 3.25 3.291667 3.333333 3.375 3.416667 3.458333 3.5 3.541667 3.583333 3.625 3.666667 3.708333 3.75 3.791667 3.833333 3.875 3.916667 3.958333 4 4.041666 4.083333 4.125 4.166666 4.208333 4.25 4.291666 4.333333 4.375 4.416666 4.458333 4.5 4.541666 4.583333 4.625 4.666666 4.708333 4.75 4.791666 4.833333 4.875 4.916666 4.958333 5 5.041666 5.083333 5.125 5.166666 5.208333 5.25 5.291666 5.333333 5.375 5.416666 5.458333 5.5 5.541666 5.583333 5.625 5.666666 5.708333 5.75 5.791666 5.833333 5.875 5.916666 5.958333 6 6.041666 6.083333 6.125 6.166666 6.208333 6.25 6.291666 6.333333 6.375 6.416666 6.458333 6.5 6.541666 6.583333 6.625 6.666666 6.708333 6.75 6.791666 6.833333 6.875 6.916666 6.958333 7 7.041666 7.083333 7.125 7.166666 7.208333 7.25 7.291666 7.333333 7.375 7.416666 7.458333 7.5 7.541666 7.583333 7.625 7.666666 7.708333 7.75 7.791666 7.833333 7.875 7.916666 7.958333 8 8.041667 8.083333 8.125 8.166667 8.208333 8.25 8.291667 8.333333 8.375 8.416667 8.458333 8.5 8.541667 8.583333 8.625 8.666667 8.708333 8.75 8.791667 8.833333 8.875 8.916667 8.958333 9 9.041667 9.083333 9.125 9.166667 9.208333 9.25 9.291667 9.333333 9.375 9.416667 9.458333 9.5 9.541667 9.583333 9.625 9.666667 9.708333 9.75 9.791667 9.833333 9.875 9.916667 9.958333 10 10.04167 10.08333 10.125 10.16667 10.20833 10.25 10.29167 10.33333 10.375 10.41667 10.45833 10.5 10.54167 10.58333 10.625 10.66667 10.70833 10.75 10.79167 10.83333 10.875 10.91667 10.95833 11 11.04167 11.08333 11.125 11.16667 11.20833 11.25 11.29167 11.33333 11.375 11.41667 11.45833 11.5 11.54167 11.58333 11.625 11.66667 11.70833 11.75 11.79167 11.83333 11.875 11.91667 11.95833 12 12.04167 12.08333 12.125 12.16667 12.20833 12.25 12.29167 12.33333 12.375 12.41667 12.45833 12.5 12.54167 12.58333 12.625 12.66667 12.70833 12.75 12.79167 12.83333 12.875 12.91667 12.95833 13 13.04167 13.08333 13.125 13.16667 13.20833 13.25 13.29167 13.33333 13.375 13.41667 13.45833 13.5 13.54167 13.58333 13.625 13.66667 13.70833 13.75 13.79167 13.83333 13.875 13.91667 13.95833 14 14.04167 14.08333 14.125 14.16667 14.20833 14.25 14.29167 14.33333 14.375 14.41667 14.45833 14.5 14.54167 14.58333 14.625 14.66667 14.70833 14.75 14.79167 14.83333 14.875 14.91667 14.95833 15</float_array>
          <technique_common>
            <accessor source="#_0250410_110052_D_12_5_k_7_Area2_str_003_20250410_110052_D_12_5_k_7_Area2_str_001Action_009_transform-input-array" count="361" stride="1">
              <param name="TIME" type="float"/>
            </accessor>
          </technique_common>
        </source>
        <source id="_0250410_110052_D_12_5_k_7_Area2_str_003_20250410_110052_D_12_5_k_7_Area2_str_001Action_009_transform-output">
          <float_array id="_0250410_110052_D_12_5_k_7_Area2_str_003_20250410_110052_D_12_5_k_7_Area2_str_001Action_009_transform-output-array" count="5776">1 0 0 0 0 1 0 0 0 0 1 0 0 0 0 1 0.9998477 -0.01745241 0 0 0.01745241 0.9998477 0 0 0 0 1 0 0 0 0 1 0.9993908 -0.0348995 0 0 0.0348995 0.9993908 0 0 0 0 1 0 0 0 0 1 0.9986295 -0.05233596 0 0 0.05233596 0.9986295 0 0 0 0 1 0 0 0 0 1 0.9975641 -0.06975647 0 0 0.06975647 0.9975641 0 0 0 0 1 0 0 0 0 1 0.9961947 -0.08715574 0 0 0.08715574 0.9961947 0 0 0 0 1 0 0 0 0 1 0.9945219 -0.1045285 0 0 0.1045285 0.9945219 0 0 0 0 1 0 0 0 0 1 0.9925461 -0.1218693 0 0 0.1218693 0.9925461 0 0 0 0 1 0 0 0 0 1 0.9902681 -0.1391731 0 0 0.1391731 0.9902681 0 0 0 0 1 0 0 0 0 1 0.9876884 -0.1564345 0 0 0.1564345 0.9876884 0 0 0 0 1 0 0 0 0 1 0.9848077 -0.1736482 0 0 0.1736482 0.9848077 0 0 0 0 1 0 0 0 0 1 0.9816272 -0.190809 0 0 0.190809 0.9816272 0 0 0 0 1 0 0 0 0 1 0.9781476 -0.2079117 0 0 0.2079117 0.9781476 0 0 0 0 1 0 0 0 0 1 0.9743701 -0.2249511 0 0 0.2249511 0.9743701 0 0 0 0 1 0 0 0 0 1 0.9702957 -0.2419219 0 0 0.2419219 0.9702957 0 0 0 0 1 0 0 0 0 1 0.9659258 -0.258819 0 0 0.258819 0.9659258 0 0 0 0 1 0 0 0 0 1 0.9612617 -0.2756374 0 0 0.2756374 0.9612617 0 0 0 0 1 0 0 0 0 1 0.9563047 -0.2923717 0 0 0.2923717 0.9563047 0 0 0 0 1 0 0 0 0 1 0.9510565 -0.309017 0 0 0.309017 0.9510565 0 0 0 0 1 0 0 0 0 1 0.9455186 -0.3255681 0 0 0.3255681 0.9455186 0 0 0 0 1 0 0 0 0 1 0.9396926 -0.3420202 0 0 0.3420202 0.9396926 0 0 0 0 1 0 0 0 0 1 0.9335804 -0.3583679 0 0 0.3583679 0.9335804 0 0 0 0 1 0 0 0 0 1 0.9271839 -0.3746066 0 0 0.3746066 0.9271839 0 0 0 0 1 0 0 0 0 1 0.9205049 -0.3907311 0 0 0.3907311 0.9205049 0 0 0 0 1 0 0 0 0 1 0.9135454 -0.4067366 0 0 0.4067366 0.9135454 0 0 0 0 1 0 0 0 0 1 0.9063078 -0.4226183 0 0 0.4226183 0.9063078 0 0 0 0 1 0 0 0 0 1 0.8987941 -0.4383712 0 0 0.4383712 0.8987941 0 0 0 0 1 0 0 0 0 1 0.8910065 -0.4539905 0 0 0.4539905 0.8910065 0 0 0 0 1 0 0 0 0 1 0.8829476 -0.4694716 0 0 0.4694716 0.8829476 0 0 0 0 1 0 0 0 0 1 0.8746197 -0.4848096 0 0 0.4848096 0.8746197 0 0 0 0 1 0 0 0 0 1 0.8660254 -0.5 0 0 0.5 0.8660254 0 0 0 0 1 0 0 0 0 1 0.8571673 -0.5150381 0 0 0.5150381 0.8571673 0 0 0 0 1 0 0 0 0 1 0.8480481 -0.5299193 0 0 0.5299193 0.8480481 0 0 0 0 1 0 0 0 0 1 0.8386706 -0.5446391 0 0 0.5446391 0.8386706 0 0 0 0 1 0 0 0 0 1 0.8290375 -0.559193 0 0 0.559193 0.8290375 0 0 0 0 1 0 0 0 0 1 0.819152 -0.5735765 0 0 0.5735765 0.819152 0 0 0 0 1 0 0 0 0 1 0.809017 -0.5877852 0 0 0.5877852 0.809017 0 0 0 0 1 0 0 0 0 1 0.7986355 -0.601815 0 0 0.601815 0.7986355 0 0 0 0 1 0 0 0 0 1 0.7880108 -0.6156615 0 0 0.6156615 0.7880108 0 0 0 0 1 0 0 0 0 1 0.7771459 -0.6293204 0 0 0.6293204 0.7771459 0 0 0 0 1 0 0 0 0 1 0.7660444 -0.6427876 0 0 0.6427876 0.7660444 0 0 0 0 1 0 0 0 0 1 0.7547096 -0.656059 0 0 0.656059 0.7547096 0 0 0 0 1 0 0 0 0 1 0.7431448 -0.6691306 0 0 0.6691306 0.7431448 0 0 0 0 1 0 0 0 0 1 0.7313537 -0.6819984 0 0 0.6819984 0.7313537 0 0 0 0 1 0 0 0 0 1 0.7193397 -0.6946584 0 0 0.6946584 0.7193397 0 0 0 0 1 0 0 0 0 1 0.7071068 -0.7071068 0 0 0.7071068 0.7071068 0 0 0 0 1 0 0 0 0 1 0.6946584 -0.7193398 0 0 0.7193398 0.6946584 0 0 0 0 1 0 0 0 0 1 0.6819983 -0.7313538 0 0 0.7313538 0.6819983 0 0 0 0 1 0 0 0 0 1 0.6691306 -0.7431449 0 0 0.7431449 0.6691306 0 0 0 0 1 0 0 0 0 1 0.656059 -0.7547096 0 0 0.7547096 0.656059 0 0 0 0 1 0 0 0 0 1 0.6427876 -0.7660444 0 0 0.7660444 0.6427876 0 0 0 0 1 0 0 0 0 1 0.6293203 -0.777146 0 0 0.777146 0.6293203 0 0 0 0 1 0 0 0 0 1 0.6156614 -0.7880108 0 0 0.7880108 0.6156614 0 0 0 0 1 0 0 0 0 1 0.601815 -0.7986355 0 0 0.7986355 0.601815 0 0 0 0 1 0 0 0 0 1 0.5877852 -0.809017 0 0 0.809017 0.5877852 0 0 0 0 1 0 0 0 0 1 0.5735765 -0.8191521 0 0 0.8191521 0.5735765 0 0 0 0 1 0 0 0 0 1 0.5591928 -0.8290376 0 0 0.8290376 0.5591928 0 0 0 0 1 0 0 0 0 1 0.544639 -0.8386706 0 0 0.8386706 0.544639 0 0 0 0 1 0 0 0 0 1 0.5299193 -0.8480481 0 0 0.8480481 0.5299193 0 0 0 0 1 0 0 0 0 1 0.5150381 -0.8571673 0 0 0.8571673 0.5150381 0 0 0 0 1 0 0 0 0 1 0.5 -0.8660254 0 0 0.8660254 0.5 0 0 0 0 1 0 0 0 0 1 0.4848096 -0.8746197 0 0 0.8746197 0.4848096 0 0 0 0 1 0 0 0 0 1 0.4694715 -0.8829476 0 0 0.8829476 0.4694715 0 0 0 0 1 0 0 0 0 1 0.4539904 -0.8910066 0 0 0.8910066 0.4539904 0 0 0 0 1 0 0 0 0 1 0.4383712 -0.8987941 0 0 0.8987941 0.4383712 0 0 0 0 1 0 0 0 0 1 0.4226182 -0.9063078 0 0 0.9063078 0.4226182 0 0 0 0 1 0 0 0 0 1 0.4067366 -0.9135455 0 0 0.9135455 0.4067366 0 0 0 0 1 0 0 0 0 1 0.3907311 -0.9205049 0 0 0.9205049 0.3907311 0 0 0 0 1 0 0 0 0 1 0.3746065 -0.9271839 0 0 0.9271839 0.3746065 0 0 0 0 1 0 0 0 0 1 0.358368 -0.9335804 0 0 0.9335804 0.358368 0 0 0 0 1 0 0 0 0 1 0.34202 -0.9396927 0 0 0.9396927 0.34202 0 0 0 0 1 0 0 0 0 1 0.3255681 -0.9455186 0 0 0.9455186 0.3255681 0 0 0 0 1 0 0 0 0 1 0.309017 -0.9510565 0 0 0.9510565 0.309017 0 0 0 0 1 0 0 0 0 1 0.2923717 -0.9563048 0 0 0.9563048 0.2923717 0 0 0 0 1 0 0 0 0 1 0.2756373 -0.9612617 0 0 0.9612617 0.2756373 0 0 0 0 1 0 0 0 0 1 0.258819 -0.9659259 0 0 0.9659259 0.258819 0 0 0 0 1 0 0 0 0 1 0.2419219 -0.9702957 0 0 0.9702957 0.2419219 0 0 0 0 1 0 0 0 0 1 0.224951 -0.9743701 0 0 0.9743701 0.224951 0 0 0 0 1 0 0 0 0 1 0.2079117 -0.9781476 0 0 0.9781476 0.2079117 0 0 0 0 1 0 0 0 0 1 0.1908089 -0.9816272 0 0 0.9816272 0.1908089 0 0 0 0 1 0 0 0 0 1 0.1736481 -0.9848078 0 0 0.9848078 0.1736481 0 0 0 0 1 0 0 0 0 1 0.1564345 -0.9876884 0 0 0.9876884 0.1564345 0 0 0 0 1 0 0 0 0 1 0.1391731 -0.9902681 0 0 0.9902681 0.1391731 0 0 0 0 1 0 0 0 0 1 0.1218693 -0.9925461 0 0 0.9925461 0.1218693 0 0 0 0 1 0 0 0 0 1 0.1045284 -0.9945219 0 0 0.9945219 0.1045284 0 0 0 0 1 0 0 0 0 1 0.0871558 -0.9961947 0 0 0.9961947 0.0871558 0 0 0 0 1 0 0 0 0 1 0.06975651 -0.9975641 0 0 0.9975641 0.06975651 0 0 0 0 1 0 0 0 0 1 0.05233585 -0.9986295 0 0 0.9986295 0.05233585 0 0 0 0 1 0 0 0 0 1 0.03489938 -0.9993908 0 0 0.9993908 0.03489938 0 0 0 0 1 0 0 0 0 1 0.01745238 -0.9998477 0 0 0.9998477 0.01745238 0 0 0 0 1 0 0 0 0 1 -4.37114e-8 -1 0 0 1 -4.37114e-8 0 0 0 0 1 0 0 0 0 1 -0.01745247 -0.9998477 0 0 0.9998477 -0.01745247 0 0 0 0 1 0 0 0 0 1 -0.03489946 -0.9993908 0 0 0.9993908 -0.03489946 0 0 0 0 1 0 0 0 0 1 -0.05233594 -0.9986295 0 0 0.9986295 -0.05233594 0 0 0 0 1 0 0 0 0 1 -0.0697566 -0.997564 0 0 0.997564 -0.0697566 0 0 0 0 1 0 0 0 0 1 -0.08715589 -0.9961947 0 0 0.9961947 -0.08715589 0 0 0 0 1 0 0 0 0 1 -0.1045285 -0.9945219 0 0 0.9945219 -0.1045285 0 0 0 0 1 0 0 0 0 1 -0.1218694 -0.9925461 0 0 0.9925461 -0.1218694 0 0 0 0 1 0 0 0 0 1 -0.1391732 -0.9902681 0 0 0.9902681 -0.1391732 0 0 0 0 1 0 0 0 0 1 -0.1564344 -0.9876884 0 0 0.9876884 -0.1564344 0 0 0 0 1 0 0 0 0 1 -0.1736482 -0.9848077 0 0 0.9848077 -0.1736482 0 0 0 0 1 0 0 0 0 1 -0.190809 -0.9816272 0 0 0.9816272 -0.190809 0 0 0 0 1 0 0 0 0 1 -0.2079118 -0.9781476 0 0 0.9781476 -0.2079118 0 0 0 0 1 0 0 0 0 1 -0.2249511 -0.9743701 0 0 0.9743701 -0.2249511 0 0 0 0 1 0 0 0 0 1 -0.241922 -0.9702957 0 0 0.9702957 -0.241922 0 0 0 0 1 0 0 0 0 1 -0.2588192 -0.9659258 0 0 0.9659258 -0.2588192 0 0 0 0 1 0 0 0 0 1 -0.2756374 -0.9612617 0 0 0.9612617 -0.2756374 0 0 0 0 1 0 0 0 0 1 -0.2923717 -0.9563047 0 0 0.9563047 -0.2923717 0 0 0 0 1 0 0 0 0 1 -0.309017 -0.9510565 0 0 0.9510565 -0.309017 0 0 0 0 1 0 0 0 0 1 -0.3255681 -0.9455186 0 0 0.9455186 -0.3255681 0 0 0 0 1 0 0 0 0 1 -0.3420201 -0.9396926 0 0 0.9396926 -0.3420201 0 0 0 0 1 0 0 0 0 1 -0.3583681 -0.9335804 0 0 0.9335804 -0.3583681 0 0 0 0 1 0 0 0 0 1 -0.3746067 -0.9271838 0 0 0.9271838 -0.3746067 0 0 0 0 1 0 0 0 0 1 -0.3907312 -0.9205049 0 0 0.9205049 -0.3907312 0 0 0 0 1 0 0 0 0 1 -0.4067367 -0.9135454 0 0 0.9135454 -0.4067367 0 0 0 0 1 0 0 0 0 1 -0.4226183 -0.9063078 0 0 0.9063078 -0.4226183 0 0 0 0 1 0 0 0 0 1 -0.4383711 -0.8987941 0 0 0.8987941 -0.4383711 0 0 0 0 1 0 0 0 0 1 -0.4539906 -0.8910065 0 0 0.8910065 -0.4539906 0 0 0 0 1 0 0 0 0 1 -0.4694716 -0.8829476 0 0 0.8829476 -0.4694716 0 0 0 0 1 0 0 0 0 1 -0.4848098 -0.8746196 0 0 0.8746196 -0.4848098 0 0 0 0 1 0 0 0 0 1 -0.5000001 -0.8660254 0 0 0.8660254 -0.5000001 0 0 0 0 1 0 0 0 0 1 -0.515038 -0.8571673 0 0 0.8571673 -0.515038 0 0 0 0 1 0 0 0 0 1 -0.5299193 -0.848048 0 0 0.848048 -0.5299193 0 0 0 0 1 0 0 0 0 1 -0.5446391 -0.8386706 0 0 0.8386706 -0.5446391 0 0 0 0 1 0 0 0 0 1 -0.559193 -0.8290375 0 0 0.8290375 -0.559193 0 0 0 0 1 0 0 0 0 1 -0.5735765 -0.819152 0 0 0.819152 -0.5735765 0 0 0 0 1 0 0 0 0 1 -0.5877854 -0.8090169 0 0 0.8090169 -0.5877854 0 0 0 0 1 0 0 0 0 1 -0.6018151 -0.7986355 0 0 0.7986355 -0.6018151 0 0 0 0 1 0 0 0 0 1 -0.6156614 -0.7880108 0 0 0.7880108 -0.6156614 0 0 0 0 1 0 0 0 0 1 -0.6293205 -0.7771459 0 0 0.7771459 -0.6293205 0 0 0 0 1 0 0 0 0 1 -0.6427876 -0.7660444 0 0 0.7660444 -0.6427876 0 0 0 0 1 0 0 0 0 1 -0.656059 -0.7547096 0 0 0.7547096 -0.656059 0 0 0 0 1 0 0 0 0 1 -0.6691307 -0.7431448 0 0 0.7431448 -0.6691307 0 0 0 0 1 0 0 0 0 1 -0.6819985 -0.7313536 0 0 0.7313536 -0.6819985 0 0 0 0 1 0 0 0 0 1 -0.6946585 -0.7193397 0 0 0.7193397 -0.6946585 0 0 0 0 1 0 0 0 0 1 -0.7071068 -0.7071068 0 0 0.7071068 -0.7071068 0 0 0 0 1 0 0 0 0 1 -0.7193399 -0.6946583 0 0 0.6946583 -0.7193399 0 0 0 0 1 0 0 0 0 1 -0.7313538 -0.6819983 0 0 0.6819983 -0.7313538 0 0 0 0 1 0 0 0 0 1 -0.7431448 -0.6691306 0 0 0.6691306 -0.7431448 0 0 0 0 1 0 0 0 0 1 -0.7547097 -0.656059 0 0 0.656059 -0.7547097 0 0 0 0 1 0 0 0 0 1 -0.7660446 -0.6427875 0 0 0.6427875 -0.7660446 0 0 0 0 1 0 0 0 0 1 -0.777146 -0.6293203 0 0 0.6293203 -0.777146 0 0 0 0 1 0 0 0 0 1 -0.7880108 -0.6156614 0 0 0.6156614 -0.7880108 0 0 0 0 1 0 0 0 0 1 -0.7986356 -0.6018149 0 0 0.6018149 -0.7986356 0 0 0 0 1 0 0 0 0 1 -0.8090171 -0.5877852 0 0 0.5877852 -0.8090171 0 0 0 0 1 0 0 0 0 1 -0.8191521 -0.5735765 0 0 0.5735765 -0.8191521 0 0 0 0 1 0 0 0 0 1 -0.8290376 -0.5591928 0 0 0.5591928 -0.8290376 0 0 0 0 1 0 0 0 0 1 -0.8386707 -0.5446388 0 0 0.5446388 -0.8386707 0 0 0 0 1 0 0 0 0 1 -0.8480482 -0.5299191 0 0 0.5299191 -0.8480482 0 0 0 0 1 0 0 0 0 1 -0.8571673 -0.515038 0 0 0.515038 -0.8571673 0 0 0 0 1 0 0 0 0 1 -0.8660255 -0.4999998 0 0 0.4999998 -0.8660255 0 0 0 0 1 0 0 0 0 1 -0.8746198 -0.4848095 0 0 0.4848095 -0.8746198 0 0 0 0 1 0 0 0 0 1 -0.8829476 -0.4694716 0 0 0.4694716 -0.8829476 0 0 0 0 1 0 0 0 0 1 -0.8910066 -0.4539904 0 0 0.4539904 -0.8910066 0 0 0 0 1 0 0 0 0 1 -0.8987941 -0.4383711 0 0 0.4383711 -0.8987941 0 0 0 0 1 0 0 0 0 1 -0.9063078 -0.4226183 0 0 0.4226183 -0.9063078 0 0 0 0 1 0 0 0 0 1 -0.9135455 -0.4067366 0 0 0.4067366 -0.9135455 0 0 0 0 1 0 0 0 0 1 -0.9205049 -0.3907309 0 0 0.3907309 -0.9205049 0 0 0 0 1 0 0 0 0 1 -0.9271839 -0.3746065 0 0 0.3746065 -0.9271839 0 0 0 0 1 0 0 0 0 1 -0.9335805 -0.3583679 0 0 0.3583679 -0.9335805 0 0 0 0 1 0 0 0 0 1 -0.9396927 -0.34202 0 0 0.34202 -0.9396927 0 0 0 0 1 0 0 0 0 1 -0.9455186 -0.3255681 0 0 0.3255681 -0.9455186 0 0 0 0 1 0 0 0 0 1 -0.9510565 -0.309017 0 0 0.309017 -0.9510565 0 0 0 0 1 0 0 0 0 1 -0.9563047 -0.2923718 0 0 0.2923718 -0.9563047 0 0 0 0 1 0 0 0 0 1 -0.9612617 -0.2756374 0 0 0.2756374 -0.9612617 0 0 0 0 1 0 0 0 0 1 -0.9659259 -0.2588189 0 0 0.2588189 -0.9659259 0 0 0 0 1 0 0 0 0 1 -0.9702957 -0.2419219 0 0 0.2419219 -0.9702957 0 0 0 0 1 0 0 0 0 1 -0.9743701 -0.2249509 0 0 0.2249509 -0.9743701 0 0 0 0 1 0 0 0 0 1 -0.9781476 -0.2079116 0 0 0.2079116 -0.9781476 0 0 0 0 1 0 0 0 0 1 -0.9816272 -0.1908088 0 0 0.1908088 -0.9816272 0 0 0 0 1 0 0 0 0 1 -0.9848077 -0.1736483 0 0 0.1736483 -0.9848077 0 0 0 0 1 0 0 0 0 1 -0.9876884 -0.1564344 0 0 0.1564344 -0.9876884 0 0 0 0 1 0 0 0 0 1 -0.9902681 -0.1391732 0 0 0.1391732 -0.9902681 0 0 0 0 1 0 0 0 0 1 -0.9925461 -0.1218693 0 0 0.1218693 -0.9925461 0 0 0 0 1 0 0 0 0 1 -0.9945219 -0.1045283 0 0 0.1045283 -0.9945219 0 0 0 0 1 0 0 0 0 1 -0.9961947 -0.08715564 0 0 0.08715564 -0.9961947 0 0 0 0 1 0 0 0 0 1 -0.9975641 -0.06975623 0 0 0.06975623 -0.9975641 0 0 0 0 1 0 0 0 0 1 -0.9986295 -0.05233605 0 0 0.05233605 -0.9986295 0 0 0 0 1 0 0 0 0 1 -0.9993908 -0.03489945 0 0 0.03489945 -0.9993908 0 0 0 0 1 0 0 0 0 1 -0.9998477 -0.01745246 0 0 0.01745246 -0.9998477 0 0 0 0 1 0 0 0 0 1 -1 8.74228e-8 0 0 -8.74228e-8 -1 0 0 0 0 1 0 0 0 0 1 -0.9998477 0.01745263 0 0 -0.01745263 -0.9998477 0 0 0 0 1 0 0 0 0 1 -0.9993908 0.03489963 0 0 -0.03489963 -0.9993908 0 0 0 0 1 0 0 0 0 1 -0.9986295 0.05233622 0 0 -0.05233622 -0.9986295 0 0 0 0 1 0 0 0 0 1 -0.9975641 0.0697564 0 0 -0.0697564 -0.9975641 0 0 0 0 1 0 0 0 0 1 -0.9961947 0.08715581 0 0 -0.08715581 -0.9961947 0 0 0 0 1 0 0 0 0 1 -0.9945219 0.1045284 0 0 -0.1045284 -0.9945219 0 0 0 0 1 0 0 0 0 1 -0.9925461 0.1218695 0 0 -0.1218695 -0.9925461 0 0 0 0 1 0 0 0 0 1 -0.9902681 0.1391733 0 0 -0.1391733 -0.9902681 0 0 0 0 1 0 0 0 0 1 -0.9876883 0.1564346 0 0 -0.1564346 -0.9876883 0 0 0 0 1 0 0 0 0 1 -0.9848077 0.1736485 0 0 -0.1736485 -0.9848077 0 0 0 0 1 0 0 0 0 1 -0.9816272 0.190809 0 0 -0.190809 -0.9816272 0 0 0 0 1 0 0 0 0 1 -0.9781476 0.2079118 0 0 -0.2079118 -0.9781476 0 0 0 0 1 0 0 0 0 1 -0.9743701 0.224951 0 0 -0.224951 -0.9743701 0 0 0 0 1 0 0 0 0 1 -0.9702957 0.241922 0 0 -0.241922 -0.9702957 0 0 0 0 1 0 0 0 0 1 -0.9659258 0.2588193 0 0 -0.2588193 -0.9659258 0 0 0 0 1 0 0 0 0 1 -0.9612616 0.2756375 0 0 -0.2756375 -0.9612616 0 0 0 0 1 0 0 0 0 1 -0.9563047 0.292372 0 0 -0.292372 -0.9563047 0 0 0 0 1 0 0 0 0 1 -0.9510565 0.309017 0 0 -0.309017 -0.9510565 0 0 0 0 1 0 0 0 0 1 -0.9455186 0.3255683 0 0 -0.3255683 -0.9455186 0 0 0 0 1 0 0 0 0 1 -0.9396926 0.3420202 0 0 -0.3420202 -0.9396926 0 0 0 0 1 0 0 0 0 1 -0.9335804 0.3583681 0 0 -0.3583681 -0.9335804 0 0 0 0 1 0 0 0 0 1 -0.9271838 0.3746066 0 0 -0.3746066 -0.9271838 0 0 0 0 1 0 0 0 0 1 -0.9205047 0.3907313 0 0 -0.3907313 -0.9205047 0 0 0 0 1 0 0 0 0 1 -0.9135453 0.4067369 0 0 -0.4067369 -0.9135453 0 0 0 0 1 0 0 0 0 1 -0.9063078 0.4226183 0 0 -0.4226183 -0.9063078 0 0 0 0 1 0 0 0 0 1 -0.898794 0.4383713 0 0 -0.4383713 -0.898794 0 0 0 0 1 0 0 0 0 1 -0.8910065 0.4539905 0 0 -0.4539905 -0.8910065 0 0 0 0 1 0 0 0 0 1 -0.8829475 0.4694717 0 0 -0.4694717 -0.8829475 0 0 0 0 1 0 0 0 0 1 -0.8746197 0.4848097 0 0 -0.4848097 -0.8746197 0 0 0 0 1 0 0 0 0 1 -0.8660253 0.5000002 0 0 -0.5000002 -0.8660253 0 0 0 0 1 0 0 0 0 1 -0.8571671 0.5150384 0 0 -0.5150384 -0.8571671 0 0 0 0 1 0 0 0 0 1 -0.8480481 0.5299193 0 0 -0.5299193 -0.8480481 0 0 0 0 1 0 0 0 0 1 -0.8386706 0.544639 0 0 -0.544639 -0.8386706 0 0 0 0 1 0 0 0 0 1 -0.8290375 0.559193 0 0 -0.559193 -0.8290375 0 0 0 0 1 0 0 0 0 1 -0.8191519 0.5735766 0 0 -0.5735766 -0.8191519 0 0 0 0 1 0 0 0 0 1 -0.8090169 0.5877854 0 0 -0.5877854 -0.8090169 0 0 0 0 1 0 0 0 0 1 -0.7986354 0.6018152 0 0 -0.6018152 -0.7986354 0 0 0 0 1 0 0 0 0 1 -0.7880108 0.6156614 0 0 -0.6156614 -0.7880108 0 0 0 0 1 0 0 0 0 1 -0.7771459 0.6293204 0 0 -0.6293204 -0.7771459 0 0 0 0 1 0 0 0 0 1 -0.7660445 0.6427876 0 0 -0.6427876 -0.7660445 0 0 0 0 1 0 0 0 0 1 -0.7547095 0.6560591 0 0 -0.6560591 -0.7547095 0 0 0 0 1 0 0 0 0 1 -0.7431447 0.6691308 0 0 -0.6691308 -0.7431447 0 0 0 0 1 0 0 0 0 1 -0.7313536 0.6819984 0 0 -0.6819984 -0.7313536 0 0 0 0 1 0 0 0 0 1 -0.7193396 0.6946586 0 0 -0.6946586 -0.7193396 0 0 0 0 1 0 0 0 0 1 -0.7071068 0.7071067 0 0 -0.7071067 -0.7071068 0 0 0 0 1 0 0 0 0 1 -0.6946583 0.7193398 0 0 -0.7193398 -0.6946583 0 0 0 0 1 0 0 0 0 1 -0.6819984 0.7313537 0 0 -0.7313537 -0.6819984 0 0 0 0 1 0 0 0 0 1 -0.6691305 0.7431449 0 0 -0.7431449 -0.6691305 0 0 0 0 1 0 0 0 0 1 -0.6560588 0.7547097 0 0 -0.7547097 -0.6560588 0 0 0 0 1 0 0 0 0 1 -0.6427875 0.7660446 0 0 -0.7660446 -0.6427875 0 0 0 0 1 0 0 0 0 1 -0.6293203 0.777146 0 0 -0.777146 -0.6293203 0 0 0 0 1 0 0 0 0 1 -0.6156615 0.7880107 0 0 -0.7880107 -0.6156615 0 0 0 0 1 0 0 0 0 1 -0.6018152 0.7986354 0 0 -0.7986354 -0.6018152 0 0 0 0 1 0 0 0 0 1 -0.5877851 0.8090171 0 0 -0.8090171 -0.5877851 0 0 0 0 1 0 0 0 0 1 -0.5735763 0.8191521 0 0 -0.8191521 -0.5735763 0 0 0 0 1 0 0 0 0 1 -0.5591929 0.8290376 0 0 -0.8290376 -0.5591929 0 0 0 0 1 0 0 0 0 1 -0.5446387 0.8386708 0 0 -0.8386708 -0.5446387 0 0 0 0 1 0 0 0 0 1 -0.529919 0.8480483 0 0 -0.8480483 -0.529919 0 0 0 0 1 0 0 0 0 1 -0.5150383 0.8571672 0 0 -0.8571672 -0.5150383 0 0 0 0 1 0 0 0 0 1 -0.4999999 0.8660254 0 0 -0.8660254 -0.4999999 0 0 0 0 1 0 0 0 0 1 -0.4848096 0.8746197 0 0 -0.8746197 -0.4848096 0 0 0 0 1 0 0 0 0 1 -0.4694716 0.8829476 0 0 -0.8829476 -0.4694716 0 0 0 0 1 0 0 0 0 1 -0.4539902 0.8910066 0 0 -0.8910066 -0.4539902 0 0 0 0 1 0 0 0 0 1 -0.438371 0.8987941 0 0 -0.8987941 -0.438371 0 0 0 0 1 0 0 0 0 1 -0.4226182 0.9063078 0 0 -0.9063078 -0.4226182 0 0 0 0 1 0 0 0 0 1 -0.4067366 0.9135454 0 0 -0.9135454 -0.4067366 0 0 0 0 1 0 0 0 0 1 -0.3907312 0.9205048 0 0 -0.9205048 -0.3907312 0 0 0 0 1 0 0 0 0 1 -0.3746063 0.927184 0 0 -0.927184 -0.3746063 0 0 0 0 1 0 0 0 0 1 -0.3583678 0.9335805 0 0 -0.9335805 -0.3583678 0 0 0 0 1 0 0 0 0 1 -0.3420201 0.9396927 0 0 -0.9396927 -0.3420201 0 0 0 0 1 0 0 0 0 1 -0.3255682 0.9455186 0 0 -0.9455186 -0.3255682 0 0 0 0 1 0 0 0 0 1 -0.3090166 0.9510566 0 0 -0.9510566 -0.3090166 0 0 0 0 1 0 0 0 0 1 -0.2923719 0.9563047 0 0 -0.9563047 -0.2923719 0 0 0 0 1 0 0 0 0 1 -0.2756372 0.9612617 0 0 -0.9612617 -0.2756372 0 0 0 0 1 0 0 0 0 1 -0.258819 0.9659259 0 0 -0.9659259 -0.258819 0 0 0 0 1 0 0 0 0 1 -0.2419219 0.9702957 0 0 -0.9702957 -0.2419219 0 0 0 0 1 0 0 0 0 1 -0.2249507 0.9743701 0 0 -0.9743701 -0.2249507 0 0 0 0 1 0 0 0 0 1 -0.2079114 0.9781476 0 0 -0.9781476 -0.2079114 0 0 0 0 1 0 0 0 0 1 -0.1908088 0.9816272 0 0 -0.9816272 -0.1908088 0 0 0 0 1 0 0 0 0 1 -0.1736481 0.9848078 0 0 -0.9848078 -0.1736481 0 0 0 0 1 0 0 0 0 1 -0.1564345 0.9876883 0 0 -0.9876883 -0.1564345 0 0 0 0 1 0 0 0 0 1 -0.1391733 0.9902681 0 0 -0.9902681 -0.1391733 0 0 0 0 1 0 0 0 0 1 -0.1218691 0.9925462 0 0 -0.9925462 -0.1218691 0 0 0 0 1 0 0 0 0 1 -0.1045283 0.9945219 0 0 -0.9945219 -0.1045283 0 0 0 0 1 0 0 0 0 1 -0.08715571 0.9961947 0 0 -0.9961947 -0.08715571 0 0 0 0 1 0 0 0 0 1 -0.06975607 0.9975641 0 0 -0.9975641 -0.06975607 0 0 0 0 1 0 0 0 0 1 -0.05233612 0.9986295 0 0 -0.9986295 -0.05233612 0 0 0 0 1 0 0 0 0 1 -0.03489929 0.9993908 0 0 -0.9993908 -0.03489929 0 0 0 0 1 0 0 0 0 1 -0.0174523 0.9998477 0 0 -0.9998477 -0.0174523 0 0 0 0 1 0 0 0 0 1 1.19249e-8 1 0 0 -1 1.19249e-8 0 0 0 0 1 0 0 0 0 1 0.0174528 0.9998477 0 0 -0.9998477 0.0174528 0 0 0 0 1 0 0 0 0 1 0.03489979 0.9993908 0 0 -0.9993908 0.03489979 0 0 0 0 1 0 0 0 0 1 0.05233615 0.9986295 0 0 -0.9986295 0.05233615 0 0 0 0 1 0 0 0 0 1 0.06975657 0.997564 0 0 -0.997564 0.06975657 0 0 0 0 1 0 0 0 0 1 0.08715574 0.9961947 0 0 -0.9961947 0.08715574 0 0 0 0 1 0 0 0 0 1 0.1045284 0.9945219 0 0 -0.9945219 0.1045284 0 0 0 0 1 0 0 0 0 1 0.1218696 0.9925461 0 0 -0.9925461 0.1218696 0 0 0 0 1 0 0 0 0 1 0.1391733 0.9902681 0 0 -0.9902681 0.1391733 0 0 0 0 1 0 0 0 0 1 0.1564345 0.9876883 0 0 -0.9876883 0.1564345 0 0 0 0 1 0 0 0 0 1 0.1736486 0.9848077 0 0 -0.9848077 0.1736486 0 0 0 0 1 0 0 0 0 1 0.1908089 0.9816272 0 0 -0.9816272 0.1908089 0 0 0 0 1 0 0 0 0 1 0.2079119 0.9781476 0 0 -0.9781476 0.2079119 0 0 0 0 1 0 0 0 0 1 0.2249512 0.97437 0 0 -0.97437 0.2249512 0 0 0 0 1 0 0 0 0 1 0.2419219 0.9702957 0 0 -0.9702957 0.2419219 0 0 0 0 1 0 0 0 0 1 0.2588195 0.9659257 0 0 -0.9659257 0.2588195 0 0 0 0 1 0 0 0 0 1 0.2756377 0.9612616 0 0 -0.9612616 0.2756377 0 0 0 0 1 0 0 0 0 1 0.2923719 0.9563047 0 0 -0.9563047 0.2923719 0 0 0 0 1 0 0 0 0 1 0.3090171 0.9510565 0 0 -0.9510565 0.3090171 0 0 0 0 1 0 0 0 0 1 0.3255682 0.9455186 0 0 -0.9455186 0.3255682 0 0 0 0 1 0 0 0 0 1 0.3420201 0.9396926 0 0 -0.9396926 0.3420201 0 0 0 0 1 0 0 0 0 1 0.3583682 0.9335803 0 0 -0.9335803 0.3583682 0 0 0 0 1 0 0 0 0 1 0.3746068 0.9271837 0 0 -0.9271837 0.3746068 0 0 0 0 1 0 0 0 0 1 0.3907312 0.9205048 0 0 -0.9205048 0.3907312 0 0 0 0 1 0 0 0 0 1 0.4067371 0.9135453 0 0 -0.9135453 0.4067371 0 0 0 0 1 0 0 0 0 1 0.4226182 0.9063078 0 0 -0.9063078 0.4226182 0 0 0 0 1 0 0 0 0 1 0.4383714 0.8987939 0 0 -0.8987939 0.4383714 0 0 0 0 1 0 0 0 0 1 0.4539907 0.8910064 0 0 -0.8910064 0.4539907 0 0 0 0 1 0 0 0 0 1 0.4694717 0.8829476 0 0 -0.8829476 0.4694717 0 0 0 0 1 0 0 0 0 1 0.4848096 0.8746197 0 0 -0.8746197 0.4848096 0 0 0 0 1 0 0 0 0 1 0.5000004 0.8660252 0 0 -0.8660252 0.5000004 0 0 0 0 1 0 0 0 0 1 0.5150379 0.8571674 0 0 -0.8571674 0.5150379 0 0 0 0 1 0 0 0 0 1 0.5299194 0.848048 0 0 -0.848048 0.5299194 0 0 0 0 1 0 0 0 0 1 0.5446391 0.8386705 0 0 -0.8386705 0.5446391 0 0 0 0 1 0 0 0 0 1 0.5591929 0.8290376 0 0 -0.8290376 0.5591929 0 0 0 0 1 0 0 0 0 1 0.5735767 0.8191518 0 0 -0.8191518 0.5735767 0 0 0 0 1 0 0 0 0 1 0.5877855 0.8090168 0 0 -0.8090168 0.5877855 0 0 0 0 1 0 0 0 0 1 0.6018152 0.7986354 0 0 -0.7986354 0.6018152 0 0 0 0 1 0 0 0 0 1 0.6156615 0.7880107 0 0 -0.7880107 0.6156615 0 0 0 0 1 0 0 0 0 1 0.6293204 0.777146 0 0 -0.777146 0.6293204 0 0 0 0 1 0 0 0 0 1 0.6427875 0.7660445 0 0 -0.7660445 0.6427875 0 0 0 0 1 0 0 0 0 1 0.6560592 0.7547094 0 0 -0.7547094 0.6560592 0 0 0 0 1 0 0 0 0 1 0.6691307 0.7431448 0 0 -0.7431448 0.6691307 0 0 0 0 1 0 0 0 0 1 0.6819984 0.7313536 0 0 -0.7313536 0.6819984 0 0 0 0 1 0 0 0 0 1 0.6946587 0.7193395 0 0 -0.7193395 0.6946587 0 0 0 0 1 0 0 0 0 1 0.7071066 0.7071069 0 0 -0.7071069 0.7071066 0 0 0 0 1 0 0 0 0 1 0.71934 0.6946582 0 0 -0.6946582 0.71934 0 0 0 0 1 0 0 0 0 1 0.7313538 0.6819983 0 0 -0.6819983 0.7313538 0 0 0 0 1 0 0 0 0 1 0.7431449 0.6691306 0 0 -0.6691306 0.7431449 0 0 0 0 1 0 0 0 0 1 0.7547098 0.6560587 0 0 -0.6560587 0.7547098 0 0 0 0 1 0 0 0 0 1 0.7660446 0.6427874 0 0 -0.6427874 0.7660446 0 0 0 0 1 0 0 0 0 1 0.7771461 0.6293202 0 0 -0.6293202 0.7771461 0 0 0 0 1 0 0 0 0 1 0.7880108 0.6156614 0 0 -0.6156614 0.7880108 0 0 0 0 1 0 0 0 0 1 0.7986355 0.601815 0 0 -0.601815 0.7986355 0 0 0 0 1 0 0 0 0 1 0.8090169 0.5877853 0 0 -0.5877853 0.8090169 0 0 0 0 1 0 0 0 0 1 0.8191522 0.5735762 0 0 -0.5735762 0.8191522 0 0 0 0 1 0 0 0 0 1 0.8290374 0.5591931 0 0 -0.5591931 0.8290374 0 0 0 0 1 0 0 0 0 1 0.8386706 0.5446389 0 0 -0.5446389 0.8386706 0 0 0 0 1 0 0 0 0 1 0.8480481 0.5299193 0 0 -0.5299193 0.8480481 0 0 0 0 1 0 0 0 0 1 0.8571672 0.5150381 0 0 -0.5150381 0.8571672 0 0 0 0 1 0 0 0 0 1 0.8660256 0.4999998 0 0 -0.4999998 0.8660256 0 0 0 0 1 0 0 0 0 1 0.8746198 0.4848095 0 0 -0.4848095 0.8746198 0 0 0 0 1 0 0 0 0 1 0.8829476 0.4694715 0 0 -0.4694715 0.8829476 0 0 0 0 1 0 0 0 0 1 0.8910065 0.4539905 0 0 -0.4539905 0.8910065 0 0 0 0 1 0 0 0 0 1 0.8987942 0.4383708 0 0 -0.4383708 0.8987942 0 0 0 0 1 0 0 0 0 1 0.9063079 0.422618 0 0 -0.422618 0.9063079 0 0 0 0 1 0 0 0 0 1 0.9135455 0.4067365 0 0 -0.4067365 0.9135455 0 0 0 0 1 0 0 0 0 1 0.920505 0.3907306 0 0 -0.3907306 0.920505 0 0 0 0 1 0 0 0 0 1 0.927184 0.3746062 0 0 -0.3746062 0.927184 0 0 0 0 1 0 0 0 0 1 0.9335806 0.3583676 0 0 -0.3583676 0.9335806 0 0 0 0 1 0 0 0 0 1 0.9396926 0.3420204 0 0 -0.3420204 0.9396926 0 0 0 0 1 0 0 0 0 1 0.9455186 0.325568 0 0 -0.325568 0.9455186 0 0 0 0 1 0 0 0 0 1 0.9510565 0.3090169 0 0 -0.3090169 0.9510565 0 0 0 0 1 0 0 0 0 1 0.9563047 0.2923717 0 0 -0.2923717 0.9563047 0 0 0 0 1 0 0 0 0 1 0.9612616 0.2756375 0 0 -0.2756375 0.9612616 0 0 0 0 1 0 0 0 0 1 0.9659259 0.2588188 0 0 -0.2588188 0.9659259 0 0 0 0 1 0 0 0 0 1 0.9702958 0.2419218 0 0 -0.2419218 0.9702958 0 0 0 0 1 0 0 0 0 1 0.9743701 0.224951 0 0 -0.224951 0.9743701 0 0 0 0 1 0 0 0 0 1 0.9781477 0.2079113 0 0 -0.2079113 0.9781477 0 0 0 0 1 0 0 0 0 1 0.9816272 0.1908087 0 0 -0.1908087 0.9816272 0 0 0 0 1 0 0 0 0 1 0.9848078 0.173648 0 0 -0.173648 0.9848078 0 0 0 0 1 0 0 0 0 1 0.9876884 0.1564339 0 0 -0.1564339 0.9876884 0 0 0 0 1 0 0 0 0 1 0.9902681 0.1391726 0 0 -0.1391726 0.9902681 0 0 0 0 1 0 0 0 0 1 0.9925461 0.1218694 0 0 -0.1218694 0.9925461 0 0 0 0 1 0 0 0 0 1 0.9945219 0.1045287 0 0 -0.1045287 0.9945219 0 0 0 0 1 0 0 0 0 1 0.9961947 0.08715603 0 0 -0.08715603 0.9961947 0 0 0 0 1 0 0 0 0 1 0.9975641 0.06975638 0 0 -0.06975638 0.9975641 0 0 0 0 1 0 0 0 0 1 0.9986295 0.05233596 0 0 -0.05233596 0.9986295 0 0 0 0 1 0 0 0 0 1 0.9993908 0.0348996 0 0 -0.0348996 0.9993908 0 0 0 0 1 0 0 0 0 1 0.9998477 0.01745213 0 0 -0.01745213 0.9998477 0 0 0 0 1 0 0 0 0 1 1 -1.74846e-7 0 0 1.74846e-7 1 0 0 0 0 1 0 0 0 0 1</float_array>
          <technique_common>
            <accessor source="#_0250410_110052_D_12_5_k_7_Area2_str_003_20250410_110052_D_12_5_k_7_Area2_str_001Action_009_transform-output-array" count="361" stride="16">
              <param name="TRANSFORM" type="float4x4"/>
            </accessor>
          </technique_common>
        </source>
        <source id="_0250410_110052_D_12_5_k_7_Area2_str_003_20250410_110052_D_12_5_k_7_Area2_str_001Action_009_transform-interpolation">
          <Name_array id="_0250410_110052_D_12_5_k_7_Area2_str_003_20250410_110052_D_12_5_k_7_Area2_str_001Action_009_transform-interpolation-array" count="361">LINEAR LINEAR LINEAR LINEAR LINEAR LINEAR LINEAR LINEAR LINEAR LINEAR LINEAR LINEAR LINEAR LINEAR LINEAR LINEAR LINEAR LINEAR LINEAR LINEAR LINEAR LINEAR LINEAR LINEAR LINEAR LINEAR LINEAR LINEAR LINEAR LINEAR LINEAR LINEAR LINEAR LINEAR LINEAR LINEAR LINEAR LINEAR LINEAR LINEAR LINEAR LINEAR LINEAR LINEAR LINEAR LINEAR LINEAR LINEAR LINEAR LINEAR LINEAR LINEAR LINEAR LINEAR LINEAR LINEAR LINEAR LINEAR LINEAR LINEAR LINEAR LINEAR LINEAR LINEAR LINEAR LINEAR LINEAR LINEAR LINEAR LINEAR LINEAR LINEAR LINEAR LINEAR LINEAR LINEAR LINEAR LINEAR LINEAR LINEAR LINEAR LINEAR LINEAR LINEAR LINEAR LINEAR LINEAR LINEAR LINEAR LINEAR LINEAR LINEAR LINEAR LINEAR LINEAR LINEAR LINEAR LINEAR LINEAR LINEAR LINEAR LINEAR LINEAR LINEAR LINEAR LINEAR LINEAR LINEAR LINEAR LINEAR LINEAR LINEAR LINEAR LINEAR LINEAR LINEAR LINEAR LINEAR LINEAR LINEAR LINEAR LINEAR LINEAR LINEAR LINEAR LINEAR LINEAR LINEAR LINEAR LINEAR LINEAR LINEAR LINEAR LINEAR LINEAR LINEAR LINEAR LINEAR LINEAR LINEAR LINEAR LINEAR LINEAR LINEAR LINEAR LINEAR LINEAR LINEAR LINEAR LINEAR LINEAR LINEAR LINEAR LINEAR LINEAR LINEAR LINEAR LINEAR LINEAR LINEAR LINEAR LINEAR LINEAR LINEAR LINEAR LINEAR LINEAR LINEAR LINEAR LINEAR LINEAR LINEAR LINEAR LINEAR LINEAR LINEAR LINEAR LINEAR LINEAR LINEAR LINEAR LINEAR LINEAR LINEAR LINEAR LINEAR LINEAR LINEAR LINEAR LINEAR LINEAR LINEAR LINEAR LINEAR LINEAR LINEAR LINEAR LINEAR LINEAR LINEAR LINEAR LINEAR LINEAR LINEAR LINEAR LINEAR LINEAR LINEAR LINEAR LINEAR LINEAR LINEAR LINEAR LINEAR LINEAR LINEAR LINEAR LINEAR LINEAR LINEAR LINEAR LINEAR LINEAR LINEAR LINEAR LINEAR LINEAR LINEAR LINEAR LINEAR LINEAR LINEAR LINEAR LINEAR LINEAR LINEAR LINEAR LINEAR LINEAR LINEAR LINEAR LINEAR LINEAR LINEAR LINEAR LINEAR LINEAR LINEAR LINEAR LINEAR LINEAR LINEAR LINEAR LINEAR LINEAR LINEAR LINEAR LINEAR LINEAR LINEAR LINEAR LINEAR LINEAR LINEAR LINEAR LINEAR LINEAR LINEAR LINEAR LINEAR LINEAR LINEAR LINEAR LINEAR LINEAR LINEAR LINEAR LINEAR LINEAR LINEAR LINEAR LINEAR LINEAR LINEAR LINEAR LINEAR LINEAR LINEAR LINEAR LINEAR LINEAR LINEAR LINEAR LINEAR LINEAR LINEAR LINEAR LINEAR LINEAR LINEAR LINEAR LINEAR LINEAR LINEAR LINEAR LINEAR LINEAR LINEAR LINEAR LINEAR LINEAR LINEAR LINEAR LINEAR LINEAR LINEAR LINEAR LINEAR LINEAR LINEAR LINEAR LINEAR LINEAR LINEAR LINEAR LINEAR LINEAR LINEAR LINEAR LINEAR LINEAR LINEAR LINEAR LINEAR LINEAR LINEAR LINEAR LINEAR LINEAR LINEAR LINEAR LINEAR LINEAR LINEAR LINEAR LINEAR LINEAR LINEAR LINEAR LINEAR LINEAR LINEAR LINEAR LINEAR LINEAR LINEAR LINEAR LINEAR LINEAR LINEAR LINEAR</Name_array>
          <technique_common>
            <accessor source="#_0250410_110052_D_12_5_k_7_Area2_str_003_20250410_110052_D_12_5_k_7_Area2_str_001Action_009_transform-interpolation-array" count="361" stride="1">
              <param name="INTERPOLATION" type="name"/>
            </accessor>
          </technique_common>
        </source>
        <sampler id="_0250410_110052_D_12_5_k_7_Area2_str_003_20250410_110052_D_12_5_k_7_Area2_str_001Action_009_transform-sampler">
          <input semantic="INPUT" source="#_0250410_110052_D_12_5_k_7_Area2_str_003_20250410_110052_D_12_5_k_7_Area2_str_001Action_009_transform-input"/>
          <input semantic="OUTPUT" source="#_0250410_110052_D_12_5_k_7_Area2_str_003_20250410_110052_D_12_5_k_7_Area2_str_001Action_009_transform-output"/>
          <input semantic="INTERPOLATION" source="#_0250410_110052_D_12_5_k_7_Area2_str_003_20250410_110052_D_12_5_k_7_Area2_str_001Action_009_transform-interpolation"/>
        </sampler>
        <channel source="#_0250410_110052_D_12_5_k_7_Area2_str_003_20250410_110052_D_12_5_k_7_Area2_str_001Action_009_transform-sampler" target="_0250410_110052_D_12_5_k_7_Area2_str_003/transform"/>
      </animation>
    </animation>
    <animation id="action_container-_0250410_110052_D_12_5_k_7_Area5_str_003" name="20250410_110052_D=12.5_k=7_Area5_str.003">
      <animation id="_0250410_110052_D_12_5_k_7_Area5_str_003_20250410_110052_D_12_5_k_7_Area5_str_001Action_009_transform" name="20250410_110052_D=12.5_k=7_Area5_str.003">
        <source id="_0250410_110052_D_12_5_k_7_Area5_str_003_20250410_110052_D_12_5_k_7_Area5_str_001Action_009_transform-input">
          <float_array id="_0250410_110052_D_12_5_k_7_Area5_str_003_20250410_110052_D_12_5_k_7_Area5_str_001Action_009_transform-input-array" count="361">0 0.04166662 0.08333331 0.125 0.1666666 0.2083333 0.25 0.2916666 0.3333333 0.375 0.4166666 0.4583333 0.5 0.5416667 0.5833333 0.625 0.6666667 0.7083333 0.75 0.7916667 0.8333333 0.875 0.9166667 0.9583333 1 1.041667 1.083333 1.125 1.166667 1.208333 1.25 1.291667 1.333333 1.375 1.416667 1.458333 1.5 1.541667 1.583333 1.625 1.666667 1.708333 1.75 1.791667 1.833333 1.875 1.916667 1.958333 2 2.041667 2.083333 2.125 2.166667 2.208333 2.25 2.291667 2.333333 2.375 2.416667 2.458333 2.5 2.541667 2.583333 2.625 2.666667 2.708333 2.75 2.791667 2.833333 2.875 2.916667 2.958333 3 3.041667 3.083333 3.125 3.166667 3.208333 3.25 3.291667 3.333333 3.375 3.416667 3.458333 3.5 3.541667 3.583333 3.625 3.666667 3.708333 3.75 3.791667 3.833333 3.875 3.916667 3.958333 4 4.041666 4.083333 4.125 4.166666 4.208333 4.25 4.291666 4.333333 4.375 4.416666 4.458333 4.5 4.541666 4.583333 4.625 4.666666 4.708333 4.75 4.791666 4.833333 4.875 4.916666 4.958333 5 5.041666 5.083333 5.125 5.166666 5.208333 5.25 5.291666 5.333333 5.375 5.416666 5.458333 5.5 5.541666 5.583333 5.625 5.666666 5.708333 5.75 5.791666 5.833333 5.875 5.916666 5.958333 6 6.041666 6.083333 6.125 6.166666 6.208333 6.25 6.291666 6.333333 6.375 6.416666 6.458333 6.5 6.541666 6.583333 6.625 6.666666 6.708333 6.75 6.791666 6.833333 6.875 6.916666 6.958333 7 7.041666 7.083333 7.125 7.166666 7.208333 7.25 7.291666 7.333333 7.375 7.416666 7.458333 7.5 7.541666 7.583333 7.625 7.666666 7.708333 7.75 7.791666 7.833333 7.875 7.916666 7.958333 8 8.041667 8.083333 8.125 8.166667 8.208333 8.25 8.291667 8.333333 8.375 8.416667 8.458333 8.5 8.541667 8.583333 8.625 8.666667 8.708333 8.75 8.791667 8.833333 8.875 8.916667 8.958333 9 9.041667 9.083333 9.125 9.166667 9.208333 9.25 9.291667 9.333333 9.375 9.416667 9.458333 9.5 9.541667 9.583333 9.625 9.666667 9.708333 9.75 9.791667 9.833333 9.875 9.916667 9.958333 10 10.04167 10.08333 10.125 10.16667 10.20833 10.25 10.29167 10.33333 10.375 10.41667 10.45833 10.5 10.54167 10.58333 10.625 10.66667 10.70833 10.75 10.79167 10.83333 10.875 10.91667 10.95833 11 11.04167 11.08333 11.125 11.16667 11.20833 11.25 11.29167 11.33333 11.375 11.41667 11.45833 11.5 11.54167 11.58333 11.625 11.66667 11.70833 11.75 11.79167 11.83333 11.875 11.91667 11.95833 12 12.04167 12.08333 12.125 12.16667 12.20833 12.25 12.29167 12.33333 12.375 12.41667 12.45833 12.5 12.54167 12.58333 12.625 12.66667 12.70833 12.75 12.79167 12.83333 12.875 12.91667 12.95833 13 13.04167 13.08333 13.125 13.16667 13.20833 13.25 13.29167 13.33333 13.375 13.41667 13.45833 13.5 13.54167 13.58333 13.625 13.66667 13.70833 13.75 13.79167 13.83333 13.875 13.91667 13.95833 14 14.04167 14.08333 14.125 14.16667 14.20833 14.25 14.29167 14.33333 14.375 14.41667 14.45833 14.5 14.54167 14.58333 14.625 14.66667 14.70833 14.75 14.79167 14.83333 14.875 14.91667 14.95833 15</float_array>
          <technique_common>
            <accessor source="#_0250410_110052_D_12_5_k_7_Area5_str_003_20250410_110052_D_12_5_k_7_Area5_str_001Action_009_transform-input-array" count="361" stride="1">
              <param name="TIME" type="float"/>
            </accessor>
          </technique_common>
        </source>
        <source id="_0250410_110052_D_12_5_k_7_Area5_str_003_20250410_110052_D_12_5_k_7_Area5_str_001Action_009_transform-output">
          <float_array id="_0250410_110052_D_12_5_k_7_Area5_str_003_20250410_110052_D_12_5_k_7_Area5_str_001Action_009_transform-output-array" count="5776">1 0 0 0 0 1 0 0 0 0 1 0 0 0 0 1 0.9998477 -0.01745241 0 0 0.01745241 0.9998477 0 0 0 0 1 0 0 0 0 1 0.9993908 -0.0348995 0 0 0.0348995 0.9993908 0 0 0 0 1 0 0 0 0 1 0.9986295 -0.05233596 0 0 0.05233596 0.9986295 0 0 0 0 1 0 0 0 0 1 0.9975641 -0.06975647 0 0 0.06975647 0.9975641 0 0 0 0 1 0 0 0 0 1 0.9961947 -0.08715574 0 0 0.08715574 0.9961947 0 0 0 0 1 0 0 0 0 1 0.9945219 -0.1045285 0 0 0.1045285 0.9945219 0 0 0 0 1 0 0 0 0 1 0.9925461 -0.1218693 0 0 0.1218693 0.9925461 0 0 0 0 1 0 0 0 0 1 0.9902681 -0.1391731 0 0 0.1391731 0.9902681 0 0 0 0 1 0 0 0 0 1 0.9876884 -0.1564345 0 0 0.1564345 0.9876884 0 0 0 0 1 0 0 0 0 1 0.9848077 -0.1736482 0 0 0.1736482 0.9848077 0 0 0 0 1 0 0 0 0 1 0.9816272 -0.190809 0 0 0.190809 0.9816272 0 0 0 0 1 0 0 0 0 1 0.9781476 -0.2079117 0 0 0.2079117 0.9781476 0 0 0 0 1 0 0 0 0 1 0.9743701 -0.2249511 0 0 0.2249511 0.9743701 0 0 0 0 1 0 0 0 0 1 0.9702957 -0.2419219 0 0 0.2419219 0.9702957 0 0 0 0 1 0 0 0 0 1 0.9659258 -0.258819 0 0 0.258819 0.9659258 0 0 0 0 1 0 0 0 0 1 0.9612617 -0.2756374 0 0 0.2756374 0.9612617 0 0 0 0 1 0 0 0 0 1 0.9563047 -0.2923717 0 0 0.2923717 0.9563047 0 0 0 0 1 0 0 0 0 1 0.9510565 -0.309017 0 0 0.309017 0.9510565 0 0 0 0 1 0 0 0 0 1 0.9455186 -0.3255681 0 0 0.3255681 0.9455186 0 0 0 0 1 0 0 0 0 1 0.9396926 -0.3420202 0 0 0.3420202 0.9396926 0 0 0 0 1 0 0 0 0 1 0.9335804 -0.3583679 0 0 0.3583679 0.9335804 0 0 0 0 1 0 0 0 0 1 0.9271839 -0.3746066 0 0 0.3746066 0.9271839 0 0 0 0 1 0 0 0 0 1 0.9205049 -0.3907311 0 0 0.3907311 0.9205049 0 0 0 0 1 0 0 0 0 1 0.9135454 -0.4067366 0 0 0.4067366 0.9135454 0 0 0 0 1 0 0 0 0 1 0.9063078 -0.4226183 0 0 0.4226183 0.9063078 0 0 0 0 1 0 0 0 0 1 0.8987941 -0.4383712 0 0 0.4383712 0.8987941 0 0 0 0 1 0 0 0 0 1 0.8910065 -0.4539905 0 0 0.4539905 0.8910065 0 0 0 0 1 0 0 0 0 1 0.8829476 -0.4694716 0 0 0.4694716 0.8829476 0 0 0 0 1 0 0 0 0 1 0.8746197 -0.4848096 0 0 0.4848096 0.8746197 0 0 0 0 1 0 0 0 0 1 0.8660254 -0.5 0 0 0.5 0.8660254 0 0 0 0 1 0 0 0 0 1 0.8571673 -0.5150381 0 0 0.5150381 0.8571673 0 0 0 0 1 0 0 0 0 1 0.8480481 -0.5299193 0 0 0.5299193 0.8480481 0 0 0 0 1 0 0 0 0 1 0.8386706 -0.5446391 0 0 0.5446391 0.8386706 0 0 0 0 1 0 0 0 0 1 0.8290375 -0.559193 0 0 0.559193 0.8290375 0 0 0 0 1 0 0 0 0 1 0.819152 -0.5735765 0 0 0.5735765 0.819152 0 0 0 0 1 0 0 0 0 1 0.809017 -0.5877852 0 0 0.5877852 0.809017 0 0 0 0 1 0 0 0 0 1 0.7986355 -0.601815 0 0 0.601815 0.7986355 0 0 0 0 1 0 0 0 0 1 0.7880108 -0.6156615 0 0 0.6156615 0.7880108 0 0 0 0 1 0 0 0 0 1 0.7771459 -0.6293204 0 0 0.6293204 0.7771459 0 0 0 0 1 0 0 0 0 1 0.7660444 -0.6427876 0 0 0.6427876 0.7660444 0 0 0 0 1 0 0 0 0 1 0.7547096 -0.656059 0 0 0.656059 0.7547096 0 0 0 0 1 0 0 0 0 1 0.7431448 -0.6691306 0 0 0.6691306 0.7431448 0 0 0 0 1 0 0 0 0 1 0.7313537 -0.6819984 0 0 0.6819984 0.7313537 0 0 0 0 1 0 0 0 0 1 0.7193397 -0.6946584 0 0 0.6946584 0.7193397 0 0 0 0 1 0 0 0 0 1 0.7071068 -0.7071068 0 0 0.7071068 0.7071068 0 0 0 0 1 0 0 0 0 1 0.6946584 -0.7193398 0 0 0.7193398 0.6946584 0 0 0 0 1 0 0 0 0 1 0.6819983 -0.7313538 0 0 0.7313538 0.6819983 0 0 0 0 1 0 0 0 0 1 0.6691306 -0.7431449 0 0 0.7431449 0.6691306 0 0 0 0 1 0 0 0 0 1 0.656059 -0.7547096 0 0 0.7547096 0.656059 0 0 0 0 1 0 0 0 0 1 0.6427876 -0.7660444 0 0 0.7660444 0.6427876 0 0 0 0 1 0 0 0 0 1 0.6293203 -0.777146 0 0 0.777146 0.6293203 0 0 0 0 1 0 0 0 0 1 0.6156614 -0.7880108 0 0 0.7880108 0.6156614 0 0 0 0 1 0 0 0 0 1 0.601815 -0.7986355 0 0 0.7986355 0.601815 0 0 0 0 1 0 0 0 0 1 0.5877852 -0.809017 0 0 0.809017 0.5877852 0 0 0 0 1 0 0 0 0 1 0.5735765 -0.8191521 0 0 0.8191521 0.5735765 0 0 0 0 1 0 0 0 0 1 0.5591928 -0.8290376 0 0 0.8290376 0.5591928 0 0 0 0 1 0 0 0 0 1 0.544639 -0.8386706 0 0 0.8386706 0.544639 0 0 0 0 1 0 0 0 0 1 0.5299193 -0.8480481 0 0 0.8480481 0.5299193 0 0 0 0 1 0 0 0 0 1 0.5150381 -0.8571673 0 0 0.8571673 0.5150381 0 0 0 0 1 0 0 0 0 1 0.5 -0.8660254 0 0 0.8660254 0.5 0 0 0 0 1 0 0 0 0 1 0.4848096 -0.8746197 0 0 0.8746197 0.4848096 0 0 0 0 1 0 0 0 0 1 0.4694715 -0.8829476 0 0 0.8829476 0.4694715 0 0 0 0 1 0 0 0 0 1 0.4539904 -0.8910066 0 0 0.8910066 0.4539904 0 0 0 0 1 0 0 0 0 1 0.4383712 -0.8987941 0 0 0.8987941 0.4383712 0 0 0 0 1 0 0 0 0 1 0.4226182 -0.9063078 0 0 0.9063078 0.4226182 0 0 0 0 1 0 0 0 0 1 0.4067366 -0.9135455 0 0 0.9135455 0.4067366 0 0 0 0 1 0 0 0 0 1 0.3907311 -0.9205049 0 0 0.9205049 0.3907311 0 0 0 0 1 0 0 0 0 1 0.3746065 -0.9271839 0 0 0.9271839 0.3746065 0 0 0 0 1 0 0 0 0 1 0.358368 -0.9335804 0 0 0.9335804 0.358368 0 0 0 0 1 0 0 0 0 1 0.34202 -0.9396927 0 0 0.9396927 0.34202 0 0 0 0 1 0 0 0 0 1 0.3255681 -0.9455186 0 0 0.9455186 0.3255681 0 0 0 0 1 0 0 0 0 1 0.309017 -0.9510565 0 0 0.9510565 0.309017 0 0 0 0 1 0 0 0 0 1 0.2923717 -0.9563048 0 0 0.9563048 0.2923717 0 0 0 0 1 0 0 0 0 1 0.2756373 -0.9612617 0 0 0.9612617 0.2756373 0 0 0 0 1 0 0 0 0 1 0.258819 -0.9659259 0 0 0.9659259 0.258819 0 0 0 0 1 0 0 0 0 1 0.2419219 -0.9702957 0 0 0.9702957 0.2419219 0 0 0 0 1 0 0 0 0 1 0.224951 -0.9743701 0 0 0.9743701 0.224951 0 0 0 0 1 0 0 0 0 1 0.2079117 -0.9781476 0 0 0.9781476 0.2079117 0 0 0 0 1 0 0 0 0 1 0.1908089 -0.9816272 0 0 0.9816272 0.1908089 0 0 0 0 1 0 0 0 0 1 0.1736481 -0.9848078 0 0 0.9848078 0.1736481 0 0 0 0 1 0 0 0 0 1 0.1564345 -0.9876884 0 0 0.9876884 0.1564345 0 0 0 0 1 0 0 0 0 1 0.1391731 -0.9902681 0 0 0.9902681 0.1391731 0 0 0 0 1 0 0 0 0 1 0.1218693 -0.9925461 0 0 0.9925461 0.1218693 0 0 0 0 1 0 0 0 0 1 0.1045284 -0.9945219 0 0 0.9945219 0.1045284 0 0 0 0 1 0 0 0 0 1 0.0871558 -0.9961947 0 0 0.9961947 0.0871558 0 0 0 0 1 0 0 0 0 1 0.06975651 -0.9975641 0 0 0.9975641 0.06975651 0 0 0 0 1 0 0 0 0 1 0.05233585 -0.9986295 0 0 0.9986295 0.05233585 0 0 0 0 1 0 0 0 0 1 0.03489938 -0.9993908 0 0 0.9993908 0.03489938 0 0 0 0 1 0 0 0 0 1 0.01745238 -0.9998477 0 0 0.9998477 0.01745238 0 0 0 0 1 0 0 0 0 1 -4.37114e-8 -1 0 0 1 -4.37114e-8 0 0 0 0 1 0 0 0 0 1 -0.01745247 -0.9998477 0 0 0.9998477 -0.01745247 0 0 0 0 1 0 0 0 0 1 -0.03489946 -0.9993908 0 0 0.9993908 -0.03489946 0 0 0 0 1 0 0 0 0 1 -0.05233594 -0.9986295 0 0 0.9986295 -0.05233594 0 0 0 0 1 0 0 0 0 1 -0.0697566 -0.997564 0 0 0.997564 -0.0697566 0 0 0 0 1 0 0 0 0 1 -0.08715589 -0.9961947 0 0 0.9961947 -0.08715589 0 0 0 0 1 0 0 0 0 1 -0.1045285 -0.9945219 0 0 0.9945219 -0.1045285 0 0 0 0 1 0 0 0 0 1 -0.1218694 -0.9925461 0 0 0.9925461 -0.1218694 0 0 0 0 1 0 0 0 0 1 -0.1391732 -0.9902681 0 0 0.9902681 -0.1391732 0 0 0 0 1 0 0 0 0 1 -0.1564344 -0.9876884 0 0 0.9876884 -0.1564344 0 0 0 0 1 0 0 0 0 1 -0.1736482 -0.9848077 0 0 0.9848077 -0.1736482 0 0 0 0 1 0 0 0 0 1 -0.190809 -0.9816272 0 0 0.9816272 -0.190809 0 0 0 0 1 0 0 0 0 1 -0.2079118 -0.9781476 0 0 0.9781476 -0.2079118 0 0 0 0 1 0 0 0 0 1 -0.2249511 -0.9743701 0 0 0.9743701 -0.2249511 0 0 0 0 1 0 0 0 0 1 -0.241922 -0.9702957 0 0 0.9702957 -0.241922 0 0 0 0 1 0 0 0 0 1 -0.2588192 -0.9659258 0 0 0.9659258 -0.2588192 0 0 0 0 1 0 0 0 0 1 -0.2756374 -0.9612617 0 0 0.9612617 -0.2756374 0 0 0 0 1 0 0 0 0 1 -0.2923717 -0.9563047 0 0 0.9563047 -0.2923717 0 0 0 0 1 0 0 0 0 1 -0.309017 -0.9510565 0 0 0.9510565 -0.309017 0 0 0 0 1 0 0 0 0 1 -0.3255681 -0.9455186 0 0 0.9455186 -0.3255681 0 0 0 0 1 0 0 0 0 1 -0.3420201 -0.9396926 0 0 0.9396926 -0.3420201 0 0 0 0 1 0 0 0 0 1 -0.3583681 -0.9335804 0 0 0.9335804 -0.3583681 0 0 0 0 1 0 0 0 0 1 -0.3746067 -0.9271838 0 0 0.9271838 -0.3746067 0 0 0 0 1 0 0 0 0 1 -0.3907312 -0.9205049 0 0 0.9205049 -0.3907312 0 0 0 0 1 0 0 0 0 1 -0.4067367 -0.9135454 0 0 0.9135454 -0.4067367 0 0 0 0 1 0 0 0 0 1 -0.4226183 -0.9063078 0 0 0.9063078 -0.4226183 0 0 0 0 1 0 0 0 0 1 -0.4383711 -0.8987941 0 0 0.8987941 -0.4383711 0 0 0 0 1 0 0 0 0 1 -0.4539906 -0.8910065 0 0 0.8910065 -0.4539906 0 0 0 0 1 0 0 0 0 1 -0.4694716 -0.8829476 0 0 0.8829476 -0.4694716 0 0 0 0 1 0 0 0 0 1 -0.4848098 -0.8746196 0 0 0.8746196 -0.4848098 0 0 0 0 1 0 0 0 0 1 -0.5000001 -0.8660254 0 0 0.8660254 -0.5000001 0 0 0 0 1 0 0 0 0 1 -0.515038 -0.8571673 0 0 0.8571673 -0.515038 0 0 0 0 1 0 0 0 0 1 -0.5299193 -0.848048 0 0 0.848048 -0.5299193 0 0 0 0 1 0 0 0 0 1 -0.5446391 -0.8386706 0 0 0.8386706 -0.5446391 0 0 0 0 1 0 0 0 0 1 -0.559193 -0.8290375 0 0 0.8290375 -0.559193 0 0 0 0 1 0 0 0 0 1 -0.5735765 -0.819152 0 0 0.819152 -0.5735765 0 0 0 0 1 0 0 0 0 1 -0.5877854 -0.8090169 0 0 0.8090169 -0.5877854 0 0 0 0 1 0 0 0 0 1 -0.6018151 -0.7986355 0 0 0.7986355 -0.6018151 0 0 0 0 1 0 0 0 0 1 -0.6156614 -0.7880108 0 0 0.7880108 -0.6156614 0 0 0 0 1 0 0 0 0 1 -0.6293205 -0.7771459 0 0 0.7771459 -0.6293205 0 0 0 0 1 0 0 0 0 1 -0.6427876 -0.7660444 0 0 0.7660444 -0.6427876 0 0 0 0 1 0 0 0 0 1 -0.656059 -0.7547096 0 0 0.7547096 -0.656059 0 0 0 0 1 0 0 0 0 1 -0.6691307 -0.7431448 0 0 0.7431448 -0.6691307 0 0 0 0 1 0 0 0 0 1 -0.6819985 -0.7313536 0 0 0.7313536 -0.6819985 0 0 0 0 1 0 0 0 0 1 -0.6946585 -0.7193397 0 0 0.7193397 -0.6946585 0 0 0 0 1 0 0 0 0 1 -0.7071068 -0.7071068 0 0 0.7071068 -0.7071068 0 0 0 0 1 0 0 0 0 1 -0.7193399 -0.6946583 0 0 0.6946583 -0.7193399 0 0 0 0 1 0 0 0 0 1 -0.7313538 -0.6819983 0 0 0.6819983 -0.7313538 0 0 0 0 1 0 0 0 0 1 -0.7431448 -0.6691306 0 0 0.6691306 -0.7431448 0 0 0 0 1 0 0 0 0 1 -0.7547097 -0.656059 0 0 0.656059 -0.7547097 0 0 0 0 1 0 0 0 0 1 -0.7660446 -0.6427875 0 0 0.6427875 -0.7660446 0 0 0 0 1 0 0 0 0 1 -0.777146 -0.6293203 0 0 0.6293203 -0.777146 0 0 0 0 1 0 0 0 0 1 -0.7880108 -0.6156614 0 0 0.6156614 -0.7880108 0 0 0 0 1 0 0 0 0 1 -0.7986356 -0.6018149 0 0 0.6018149 -0.7986356 0 0 0 0 1 0 0 0 0 1 -0.8090171 -0.5877852 0 0 0.5877852 -0.8090171 0 0 0 0 1 0 0 0 0 1 -0.8191521 -0.5735765 0 0 0.5735765 -0.8191521 0 0 0 0 1 0 0 0 0 1 -0.8290376 -0.5591928 0 0 0.5591928 -0.8290376 0 0 0 0 1 0 0 0 0 1 -0.8386707 -0.5446388 0 0 0.5446388 -0.8386707 0 0 0 0 1 0 0 0 0 1 -0.8480482 -0.5299191 0 0 0.5299191 -0.8480482 0 0 0 0 1 0 0 0 0 1 -0.8571673 -0.515038 0 0 0.515038 -0.8571673 0 0 0 0 1 0 0 0 0 1 -0.8660255 -0.4999998 0 0 0.4999998 -0.8660255 0 0 0 0 1 0 0 0 0 1 -0.8746198 -0.4848095 0 0 0.4848095 -0.8746198 0 0 0 0 1 0 0 0 0 1 -0.8829476 -0.4694716 0 0 0.4694716 -0.8829476 0 0 0 0 1 0 0 0 0 1 -0.8910066 -0.4539904 0 0 0.4539904 -0.8910066 0 0 0 0 1 0 0 0 0 1 -0.8987941 -0.4383711 0 0 0.4383711 -0.8987941 0 0 0 0 1 0 0 0 0 1 -0.9063078 -0.4226183 0 0 0.4226183 -0.9063078 0 0 0 0 1 0 0 0 0 1 -0.9135455 -0.4067366 0 0 0.4067366 -0.9135455 0 0 0 0 1 0 0 0 0 1 -0.9205049 -0.3907309 0 0 0.3907309 -0.9205049 0 0 0 0 1 0 0 0 0 1 -0.9271839 -0.3746065 0 0 0.3746065 -0.9271839 0 0 0 0 1 0 0 0 0 1 -0.9335805 -0.3583679 0 0 0.3583679 -0.9335805 0 0 0 0 1 0 0 0 0 1 -0.9396927 -0.34202 0 0 0.34202 -0.9396927 0 0 0 0 1 0 0 0 0 1 -0.9455186 -0.3255681 0 0 0.3255681 -0.9455186 0 0 0 0 1 0 0 0 0 1 -0.9510565 -0.309017 0 0 0.309017 -0.9510565 0 0 0 0 1 0 0 0 0 1 -0.9563047 -0.2923718 0 0 0.2923718 -0.9563047 0 0 0 0 1 0 0 0 0 1 -0.9612617 -0.2756374 0 0 0.2756374 -0.9612617 0 0 0 0 1 0 0 0 0 1 -0.9659259 -0.2588189 0 0 0.2588189 -0.9659259 0 0 0 0 1 0 0 0 0 1 -0.9702957 -0.2419219 0 0 0.2419219 -0.9702957 0 0 0 0 1 0 0 0 0 1 -0.9743701 -0.2249509 0 0 0.2249509 -0.9743701 0 0 0 0 1 0 0 0 0 1 -0.9781476 -0.2079116 0 0 0.2079116 -0.9781476 0 0 0 0 1 0 0 0 0 1 -0.9816272 -0.1908088 0 0 0.1908088 -0.9816272 0 0 0 0 1 0 0 0 0 1 -0.9848077 -0.1736483 0 0 0.1736483 -0.9848077 0 0 0 0 1 0 0 0 0 1 -0.9876884 -0.1564344 0 0 0.1564344 -0.9876884 0 0 0 0 1 0 0 0 0 1 -0.9902681 -0.1391732 0 0 0.1391732 -0.9902681 0 0 0 0 1 0 0 0 0 1 -0.9925461 -0.1218693 0 0 0.1218693 -0.9925461 0 0 0 0 1 0 0 0 0 1 -0.9945219 -0.1045283 0 0 0.1045283 -0.9945219 0 0 0 0 1 0 0 0 0 1 -0.9961947 -0.08715564 0 0 0.08715564 -0.9961947 0 0 0 0 1 0 0 0 0 1 -0.9975641 -0.06975623 0 0 0.06975623 -0.9975641 0 0 0 0 1 0 0 0 0 1 -0.9986295 -0.05233605 0 0 0.05233605 -0.9986295 0 0 0 0 1 0 0 0 0 1 -0.9993908 -0.03489945 0 0 0.03489945 -0.9993908 0 0 0 0 1 0 0 0 0 1 -0.9998477 -0.01745246 0 0 0.01745246 -0.9998477 0 0 0 0 1 0 0 0 0 1 -1 8.74228e-8 0 0 -8.74228e-8 -1 0 0 0 0 1 0 0 0 0 1 -0.9998477 0.01745263 0 0 -0.01745263 -0.9998477 0 0 0 0 1 0 0 0 0 1 -0.9993908 0.03489963 0 0 -0.03489963 -0.9993908 0 0 0 0 1 0 0 0 0 1 -0.9986295 0.05233622 0 0 -0.05233622 -0.9986295 0 0 0 0 1 0 0 0 0 1 -0.9975641 0.0697564 0 0 -0.0697564 -0.9975641 0 0 0 0 1 0 0 0 0 1 -0.9961947 0.08715581 0 0 -0.08715581 -0.9961947 0 0 0 0 1 0 0 0 0 1 -0.9945219 0.1045284 0 0 -0.1045284 -0.9945219 0 0 0 0 1 0 0 0 0 1 -0.9925461 0.1218695 0 0 -0.1218695 -0.9925461 0 0 0 0 1 0 0 0 0 1 -0.9902681 0.1391733 0 0 -0.1391733 -0.9902681 0 0 0 0 1 0 0 0 0 1 -0.9876883 0.1564346 0 0 -0.1564346 -0.9876883 0 0 0 0 1 0 0 0 0 1 -0.9848077 0.1736485 0 0 -0.1736485 -0.9848077 0 0 0 0 1 0 0 0 0 1 -0.9816272 0.190809 0 0 -0.190809 -0.9816272 0 0 0 0 1 0 0 0 0 1 -0.9781476 0.2079118 0 0 -0.2079118 -0.9781476 0 0 0 0 1 0 0 0 0 1 -0.9743701 0.224951 0 0 -0.224951 -0.9743701 0 0 0 0 1 0 0 0 0 1 -0.9702957 0.241922 0 0 -0.241922 -0.9702957 0 0 0 0 1 0 0 0 0 1 -0.9659258 0.2588193 0 0 -0.2588193 -0.9659258 0 0 0 0 1 0 0 0 0 1 -0.9612616 0.2756375 0 0 -0.2756375 -0.9612616 0 0 0 0 1 0 0 0 0 1 -0.9563047 0.292372 0 0 -0.292372 -0.9563047 0 0 0 0 1 0 0 0 0 1 -0.9510565 0.309017 0 0 -0.309017 -0.9510565 0 0 0 0 1 0 0 0 0 1 -0.9455186 0.3255683 0 0 -0.3255683 -0.9455186 0 0 0 0 1 0 0 0 0 1 -0.9396926 0.3420202 0 0 -0.3420202 -0.9396926 0 0 0 0 1 0 0 0 0 1 -0.9335804 0.3583681 0 0 -0.3583681 -0.9335804 0 0 0 0 1 0 0 0 0 1 -0.9271838 0.3746066 0 0 -0.3746066 -0.9271838 0 0 0 0 1 0 0 0 0 1 -0.9205047 0.3907313 0 0 -0.3907313 -0.9205047 0 0 0 0 1 0 0 0 0 1 -0.9135453 0.4067369 0 0 -0.4067369 -0.9135453 0 0 0 0 1 0 0 0 0 1 -0.9063078 0.4226183 0 0 -0.4226183 -0.9063078 0 0 0 0 1 0 0 0 0 1 -0.898794 0.4383713 0 0 -0.4383713 -0.898794 0 0 0 0 1 0 0 0 0 1 -0.8910065 0.4539905 0 0 -0.4539905 -0.8910065 0 0 0 0 1 0 0 0 0 1 -0.8829475 0.4694717 0 0 -0.4694717 -0.8829475 0 0 0 0 1 0 0 0 0 1 -0.8746197 0.4848097 0 0 -0.4848097 -0.8746197 0 0 0 0 1 0 0 0 0 1 -0.8660253 0.5000002 0 0 -0.5000002 -0.8660253 0 0 0 0 1 0 0 0 0 1 -0.8571671 0.5150384 0 0 -0.5150384 -0.8571671 0 0 0 0 1 0 0 0 0 1 -0.8480481 0.5299193 0 0 -0.5299193 -0.8480481 0 0 0 0 1 0 0 0 0 1 -0.8386706 0.544639 0 0 -0.544639 -0.8386706 0 0 0 0 1 0 0 0 0 1 -0.8290375 0.559193 0 0 -0.559193 -0.8290375 0 0 0 0 1 0 0 0 0 1 -0.8191519 0.5735766 0 0 -0.5735766 -0.8191519 0 0 0 0 1 0 0 0 0 1 -0.8090169 0.5877854 0 0 -0.5877854 -0.8090169 0 0 0 0 1 0 0 0 0 1 -0.7986354 0.6018152 0 0 -0.6018152 -0.7986354 0 0 0 0 1 0 0 0 0 1 -0.7880108 0.6156614 0 0 -0.6156614 -0.7880108 0 0 0 0 1 0 0 0 0 1 -0.7771459 0.6293204 0 0 -0.6293204 -0.7771459 0 0 0 0 1 0 0 0 0 1 -0.7660445 0.6427876 0 0 -0.6427876 -0.7660445 0 0 0 0 1 0 0 0 0 1 -0.7547095 0.6560591 0 0 -0.6560591 -0.7547095 0 0 0 0 1 0 0 0 0 1 -0.7431447 0.6691308 0 0 -0.6691308 -0.7431447 0 0 0 0 1 0 0 0 0 1 -0.7313536 0.6819984 0 0 -0.6819984 -0.7313536 0 0 0 0 1 0 0 0 0 1 -0.7193396 0.6946586 0 0 -0.6946586 -0.7193396 0 0 0 0 1 0 0 0 0 1 -0.7071068 0.7071067 0 0 -0.7071067 -0.7071068 0 0 0 0 1 0 0 0 0 1 -0.6946583 0.7193398 0 0 -0.7193398 -0.6946583 0 0 0 0 1 0 0 0 0 1 -0.6819984 0.7313537 0 0 -0.7313537 -0.6819984 0 0 0 0 1 0 0 0 0 1 -0.6691305 0.7431449 0 0 -0.7431449 -0.6691305 0 0 0 0 1 0 0 0 0 1 -0.6560588 0.7547097 0 0 -0.7547097 -0.6560588 0 0 0 0 1 0 0 0 0 1 -0.6427875 0.7660446 0 0 -0.7660446 -0.6427875 0 0 0 0 1 0 0 0 0 1 -0.6293203 0.777146 0 0 -0.777146 -0.6293203 0 0 0 0 1 0 0 0 0 1 -0.6156615 0.7880107 0 0 -0.7880107 -0.6156615 0 0 0 0 1 0 0 0 0 1 -0.6018152 0.7986354 0 0 -0.7986354 -0.6018152 0 0 0 0 1 0 0 0 0 1 -0.5877851 0.8090171 0 0 -0.8090171 -0.5877851 0 0 0 0 1 0 0 0 0 1 -0.5735763 0.8191521 0 0 -0.8191521 -0.5735763 0 0 0 0 1 0 0 0 0 1 -0.5591929 0.8290376 0 0 -0.8290376 -0.5591929 0 0 0 0 1 0 0 0 0 1 -0.5446387 0.8386708 0 0 -0.8386708 -0.5446387 0 0 0 0 1 0 0 0 0 1 -0.529919 0.8480483 0 0 -0.8480483 -0.529919 0 0 0 0 1 0 0 0 0 1 -0.5150383 0.8571672 0 0 -0.8571672 -0.5150383 0 0 0 0 1 0 0 0 0 1 -0.4999999 0.8660254 0 0 -0.8660254 -0.4999999 0 0 0 0 1 0 0 0 0 1 -0.4848096 0.8746197 0 0 -0.8746197 -0.4848096 0 0 0 0 1 0 0 0 0 1 -0.4694716 0.8829476 0 0 -0.8829476 -0.4694716 0 0 0 0 1 0 0 0 0 1 -0.4539902 0.8910066 0 0 -0.8910066 -0.4539902 0 0 0 0 1 0 0 0 0 1 -0.438371 0.8987941 0 0 -0.8987941 -0.438371 0 0 0 0 1 0 0 0 0 1 -0.4226182 0.9063078 0 0 -0.9063078 -0.4226182 0 0 0 0 1 0 0 0 0 1 -0.4067366 0.9135454 0 0 -0.9135454 -0.4067366 0 0 0 0 1 0 0 0 0 1 -0.3907312 0.9205048 0 0 -0.9205048 -0.3907312 0 0 0 0 1 0 0 0 0 1 -0.3746063 0.927184 0 0 -0.927184 -0.3746063 0 0 0 0 1 0 0 0 0 1 -0.3583678 0.9335805 0 0 -0.9335805 -0.3583678 0 0 0 0 1 0 0 0 0 1 -0.3420201 0.9396927 0 0 -0.9396927 -0.3420201 0 0 0 0 1 0 0 0 0 1 -0.3255682 0.9455186 0 0 -0.9455186 -0.3255682 0 0 0 0 1 0 0 0 0 1 -0.3090166 0.9510566 0 0 -0.9510566 -0.3090166 0 0 0 0 1 0 0 0 0 1 -0.2923719 0.9563047 0 0 -0.9563047 -0.2923719 0 0 0 0 1 0 0 0 0 1 -0.2756372 0.9612617 0 0 -0.9612617 -0.2756372 0 0 0 0 1 0 0 0 0 1 -0.258819 0.9659259 0 0 -0.9659259 -0.258819 0 0 0 0 1 0 0 0 0 1 -0.2419219 0.9702957 0 0 -0.9702957 -0.2419219 0 0 0 0 1 0 0 0 0 1 -0.2249507 0.9743701 0 0 -0.9743701 -0.2249507 0 0 0 0 1 0 0 0 0 1 -0.2079114 0.9781476 0 0 -0.9781476 -0.2079114 0 0 0 0 1 0 0 0 0 1 -0.1908088 0.9816272 0 0 -0.9816272 -0.1908088 0 0 0 0 1 0 0 0 0 1 -0.1736481 0.9848078 0 0 -0.9848078 -0.1736481 0 0 0 0 1 0 0 0 0 1 -0.1564345 0.9876883 0 0 -0.9876883 -0.1564345 0 0 0 0 1 0 0 0 0 1 -0.1391733 0.9902681 0 0 -0.9902681 -0.1391733 0 0 0 0 1 0 0 0 0 1 -0.1218691 0.9925462 0 0 -0.9925462 -0.1218691 0 0 0 0 1 0 0 0 0 1 -0.1045283 0.9945219 0 0 -0.9945219 -0.1045283 0 0 0 0 1 0 0 0 0 1 -0.08715571 0.9961947 0 0 -0.9961947 -0.08715571 0 0 0 0 1 0 0 0 0 1 -0.06975607 0.9975641 0 0 -0.9975641 -0.06975607 0 0 0 0 1 0 0 0 0 1 -0.05233612 0.9986295 0 0 -0.9986295 -0.05233612 0 0 0 0 1 0 0 0 0 1 -0.03489929 0.9993908 0 0 -0.9993908 -0.03489929 0 0 0 0 1 0 0 0 0 1 -0.0174523 0.9998477 0 0 -0.9998477 -0.0174523 0 0 0 0 1 0 0 0 0 1 1.19249e-8 1 0 0 -1 1.19249e-8 0 0 0 0 1 0 0 0 0 1 0.0174528 0.9998477 0 0 -0.9998477 0.0174528 0 0 0 0 1 0 0 0 0 1 0.03489979 0.9993908 0 0 -0.9993908 0.03489979 0 0 0 0 1 0 0 0 0 1 0.05233615 0.9986295 0 0 -0.9986295 0.05233615 0 0 0 0 1 0 0 0 0 1 0.06975657 0.997564 0 0 -0.997564 0.06975657 0 0 0 0 1 0 0 0 0 1 0.08715574 0.9961947 0 0 -0.9961947 0.08715574 0 0 0 0 1 0 0 0 0 1 0.1045284 0.9945219 0 0 -0.9945219 0.1045284 0 0 0 0 1 0 0 0 0 1 0.1218696 0.9925461 0 0 -0.9925461 0.1218696 0 0 0 0 1 0 0 0 0 1 0.1391733 0.9902681 0 0 -0.9902681 0.1391733 0 0 0 0 1 0 0 0 0 1 0.1564345 0.9876883 0 0 -0.9876883 0.1564345 0 0 0 0 1 0 0 0 0 1 0.1736486 0.9848077 0 0 -0.9848077 0.1736486 0 0 0 0 1 0 0 0 0 1 0.1908089 0.9816272 0 0 -0.9816272 0.1908089 0 0 0 0 1 0 0 0 0 1 0.2079119 0.9781476 0 0 -0.9781476 0.2079119 0 0 0 0 1 0 0 0 0 1 0.2249512 0.97437 0 0 -0.97437 0.2249512 0 0 0 0 1 0 0 0 0 1 0.2419219 0.9702957 0 0 -0.9702957 0.2419219 0 0 0 0 1 0 0 0 0 1 0.2588195 0.9659257 0 0 -0.9659257 0.2588195 0 0 0 0 1 0 0 0 0 1 0.2756377 0.9612616 0 0 -0.9612616 0.2756377 0 0 0 0 1 0 0 0 0 1 0.2923719 0.9563047 0 0 -0.9563047 0.2923719 0 0 0 0 1 0 0 0 0 1 0.3090171 0.9510565 0 0 -0.9510565 0.3090171 0 0 0 0 1 0 0 0 0 1 0.3255682 0.9455186 0 0 -0.9455186 0.3255682 0 0 0 0 1 0 0 0 0 1 0.3420201 0.9396926 0 0 -0.9396926 0.3420201 0 0 0 0 1 0 0 0 0 1 0.3583682 0.9335803 0 0 -0.9335803 0.3583682 0 0 0 0 1 0 0 0 0 1 0.3746068 0.9271837 0 0 -0.9271837 0.3746068 0 0 0 0 1 0 0 0 0 1 0.3907312 0.9205048 0 0 -0.9205048 0.3907312 0 0 0 0 1 0 0 0 0 1 0.4067371 0.9135453 0 0 -0.9135453 0.4067371 0 0 0 0 1 0 0 0 0 1 0.4226182 0.9063078 0 0 -0.9063078 0.4226182 0 0 0 0 1 0 0 0 0 1 0.4383714 0.8987939 0 0 -0.8987939 0.4383714 0 0 0 0 1 0 0 0 0 1 0.4539907 0.8910064 0 0 -0.8910064 0.4539907 0 0 0 0 1 0 0 0 0 1 0.4694717 0.8829476 0 0 -0.8829476 0.4694717 0 0 0 0 1 0 0 0 0 1 0.4848096 0.8746197 0 0 -0.8746197 0.4848096 0 0 0 0 1 0 0 0 0 1 0.5000004 0.8660252 0 0 -0.8660252 0.5000004 0 0 0 0 1 0 0 0 0 1 0.5150379 0.8571674 0 0 -0.8571674 0.5150379 0 0 0 0 1 0 0 0 0 1 0.5299194 0.848048 0 0 -0.848048 0.5299194 0 0 0 0 1 0 0 0 0 1 0.5446391 0.8386705 0 0 -0.8386705 0.5446391 0 0 0 0 1 0 0 0 0 1 0.5591929 0.8290376 0 0 -0.8290376 0.5591929 0 0 0 0 1 0 0 0 0 1 0.5735767 0.8191518 0 0 -0.8191518 0.5735767 0 0 0 0 1 0 0 0 0 1 0.5877855 0.8090168 0 0 -0.8090168 0.5877855 0 0 0 0 1 0 0 0 0 1 0.6018152 0.7986354 0 0 -0.7986354 0.6018152 0 0 0 0 1 0 0 0 0 1 0.6156615 0.7880107 0 0 -0.7880107 0.6156615 0 0 0 0 1 0 0 0 0 1 0.6293204 0.777146 0 0 -0.777146 0.6293204 0 0 0 0 1 0 0 0 0 1 0.6427875 0.7660445 0 0 -0.7660445 0.6427875 0 0 0 0 1 0 0 0 0 1 0.6560592 0.7547094 0 0 -0.7547094 0.6560592 0 0 0 0 1 0 0 0 0 1 0.6691307 0.7431448 0 0 -0.7431448 0.6691307 0 0 0 0 1 0 0 0 0 1 0.6819984 0.7313536 0 0 -0.7313536 0.6819984 0 0 0 0 1 0 0 0 0 1 0.6946587 0.7193395 0 0 -0.7193395 0.6946587 0 0 0 0 1 0 0 0 0 1 0.7071066 0.7071069 0 0 -0.7071069 0.7071066 0 0 0 0 1 0 0 0 0 1 0.71934 0.6946582 0 0 -0.6946582 0.71934 0 0 0 0 1 0 0 0 0 1 0.7313538 0.6819983 0 0 -0.6819983 0.7313538 0 0 0 0 1 0 0 0 0 1 0.7431449 0.6691306 0 0 -0.6691306 0.7431449 0 0 0 0 1 0 0 0 0 1 0.7547098 0.6560587 0 0 -0.6560587 0.7547098 0 0 0 0 1 0 0 0 0 1 0.7660446 0.6427874 0 0 -0.6427874 0.7660446 0 0 0 0 1 0 0 0 0 1 0.7771461 0.6293202 0 0 -0.6293202 0.7771461 0 0 0 0 1 0 0 0 0 1 0.7880108 0.6156614 0 0 -0.6156614 0.7880108 0 0 0 0 1 0 0 0 0 1 0.7986355 0.601815 0 0 -0.601815 0.7986355 0 0 0 0 1 0 0 0 0 1 0.8090169 0.5877853 0 0 -0.5877853 0.8090169 0 0 0 0 1 0 0 0 0 1 0.8191522 0.5735762 0 0 -0.5735762 0.8191522 0 0 0 0 1 0 0 0 0 1 0.8290374 0.5591931 0 0 -0.5591931 0.8290374 0 0 0 0 1 0 0 0 0 1 0.8386706 0.5446389 0 0 -0.5446389 0.8386706 0 0 0 0 1 0 0 0 0 1 0.8480481 0.5299193 0 0 -0.5299193 0.8480481 0 0 0 0 1 0 0 0 0 1 0.8571672 0.5150381 0 0 -0.5150381 0.8571672 0 0 0 0 1 0 0 0 0 1 0.8660256 0.4999998 0 0 -0.4999998 0.8660256 0 0 0 0 1 0 0 0 0 1 0.8746198 0.4848095 0 0 -0.4848095 0.8746198 0 0 0 0 1 0 0 0 0 1 0.8829476 0.4694715 0 0 -0.4694715 0.8829476 0 0 0 0 1 0 0 0 0 1 0.8910065 0.4539905 0 0 -0.4539905 0.8910065 0 0 0 0 1 0 0 0 0 1 0.8987942 0.4383708 0 0 -0.4383708 0.8987942 0 0 0 0 1 0 0 0 0 1 0.9063079 0.422618 0 0 -0.422618 0.9063079 0 0 0 0 1 0 0 0 0 1 0.9135455 0.4067365 0 0 -0.4067365 0.9135455 0 0 0 0 1 0 0 0 0 1 0.920505 0.3907306 0 0 -0.3907306 0.920505 0 0 0 0 1 0 0 0 0 1 0.927184 0.3746062 0 0 -0.3746062 0.927184 0 0 0 0 1 0 0 0 0 1 0.9335806 0.3583676 0 0 -0.3583676 0.9335806 0 0 0 0 1 0 0 0 0 1 0.9396926 0.3420204 0 0 -0.3420204 0.9396926 0 0 0 0 1 0 0 0 0 1 0.9455186 0.325568 0 0 -0.325568 0.9455186 0 0 0 0 1 0 0 0 0 1 0.9510565 0.3090169 0 0 -0.3090169 0.9510565 0 0 0 0 1 0 0 0 0 1 0.9563047 0.2923717 0 0 -0.2923717 0.9563047 0 0 0 0 1 0 0 0 0 1 0.9612616 0.2756375 0 0 -0.2756375 0.9612616 0 0 0 0 1 0 0 0 0 1 0.9659259 0.2588188 0 0 -0.2588188 0.9659259 0 0 0 0 1 0 0 0 0 1 0.9702958 0.2419218 0 0 -0.2419218 0.9702958 0 0 0 0 1 0 0 0 0 1 0.9743701 0.224951 0 0 -0.224951 0.9743701 0 0 0 0 1 0 0 0 0 1 0.9781477 0.2079113 0 0 -0.2079113 0.9781477 0 0 0 0 1 0 0 0 0 1 0.9816272 0.1908087 0 0 -0.1908087 0.9816272 0 0 0 0 1 0 0 0 0 1 0.9848078 0.173648 0 0 -0.173648 0.9848078 0 0 0 0 1 0 0 0 0 1 0.9876884 0.1564339 0 0 -0.1564339 0.9876884 0 0 0 0 1 0 0 0 0 1 0.9902681 0.1391726 0 0 -0.1391726 0.9902681 0 0 0 0 1 0 0 0 0 1 0.9925461 0.1218694 0 0 -0.1218694 0.9925461 0 0 0 0 1 0 0 0 0 1 0.9945219 0.1045287 0 0 -0.1045287 0.9945219 0 0 0 0 1 0 0 0 0 1 0.9961947 0.08715603 0 0 -0.08715603 0.9961947 0 0 0 0 1 0 0 0 0 1 0.9975641 0.06975638 0 0 -0.06975638 0.9975641 0 0 0 0 1 0 0 0 0 1 0.9986295 0.05233596 0 0 -0.05233596 0.9986295 0 0 0 0 1 0 0 0 0 1 0.9993908 0.0348996 0 0 -0.0348996 0.9993908 0 0 0 0 1 0 0 0 0 1 0.9998477 0.01745213 0 0 -0.01745213 0.9998477 0 0 0 0 1 0 0 0 0 1 1 -1.74846e-7 0 0 1.74846e-7 1 0 0 0 0 1 0 0 0 0 1</float_array>
          <technique_common>
            <accessor source="#_0250410_110052_D_12_5_k_7_Area5_str_003_20250410_110052_D_12_5_k_7_Area5_str_001Action_009_transform-output-array" count="361" stride="16">
              <param name="TRANSFORM" type="float4x4"/>
            </accessor>
          </technique_common>
        </source>
        <source id="_0250410_110052_D_12_5_k_7_Area5_str_003_20250410_110052_D_12_5_k_7_Area5_str_001Action_009_transform-interpolation">
          <Name_array id="_0250410_110052_D_12_5_k_7_Area5_str_003_20250410_110052_D_12_5_k_7_Area5_str_001Action_009_transform-interpolation-array" count="361">LINEAR LINEAR LINEAR LINEAR LINEAR LINEAR LINEAR LINEAR LINEAR LINEAR LINEAR LINEAR LINEAR LINEAR LINEAR LINEAR LINEAR LINEAR LINEAR LINEAR LINEAR LINEAR LINEAR LINEAR LINEAR LINEAR LINEAR LINEAR LINEAR LINEAR LINEAR LINEAR LINEAR LINEAR LINEAR LINEAR LINEAR LINEAR LINEAR LINEAR LINEAR LINEAR LINEAR LINEAR LINEAR LINEAR LINEAR LINEAR LINEAR LINEAR LINEAR LINEAR LINEAR LINEAR LINEAR LINEAR LINEAR LINEAR LINEAR LINEAR LINEAR LINEAR LINEAR LINEAR LINEAR LINEAR LINEAR LINEAR LINEAR LINEAR LINEAR LINEAR LINEAR LINEAR LINEAR LINEAR LINEAR LINEAR LINEAR LINEAR LINEAR LINEAR LINEAR LINEAR LINEAR LINEAR LINEAR LINEAR LINEAR LINEAR LINEAR LINEAR LINEAR LINEAR LINEAR LINEAR LINEAR LINEAR LINEAR LINEAR LINEAR LINEAR LINEAR LINEAR LINEAR LINEAR LINEAR LINEAR LINEAR LINEAR LINEAR LINEAR LINEAR LINEAR LINEAR LINEAR LINEAR LINEAR LINEAR LINEAR LINEAR LINEAR LINEAR LINEAR LINEAR LINEAR LINEAR LINEAR LINEAR LINEAR LINEAR LINEAR LINEAR LINEAR LINEAR LINEAR LINEAR LINEAR LINEAR LINEAR LINEAR LINEAR LINEAR LINEAR LINEAR LINEAR LINEAR LINEAR LINEAR LINEAR LINEAR LINEAR LINEAR LINEAR LINEAR LINEAR LINEAR LINEAR LINEAR LINEAR LINEAR LINEAR LINEAR LINEAR LINEAR LINEAR LINEAR LINEAR LINEAR LINEAR LINEAR LINEAR LINEAR LINEAR LINEAR LINEAR LINEAR LINEAR LINEAR LINEAR LINEAR LINEAR LINEAR LINEAR LINEAR LINEAR LINEAR LINEAR LINEAR LINEAR LINEAR LINEAR LINEAR LINEAR LINEAR LINEAR LINEAR LINEAR LINEAR LINEAR LINEAR LINEAR LINEAR LINEAR LINEAR LINEAR LINEAR LINEAR LINEAR LINEAR LINEAR LINEAR LINEAR LINEAR LINEAR LINEAR LINEAR LINEAR LINEAR LINEAR LINEAR LINEAR LINEAR LINEAR LINEAR LINEAR LINEAR LINEAR LINEAR LINEAR LINEAR LINEAR LINEAR LINEAR LINEAR LINEAR LINEAR LINEAR LINEAR LINEAR LINEAR LINEAR LINEAR LINEAR LINEAR LINEAR LINEAR LINEAR LINEAR LINEAR LINEAR LINEAR LINEAR LINEAR LINEAR LINEAR LINEAR LINEAR LINEAR LINEAR LINEAR LINEAR LINEAR LINEAR LINEAR LINEAR LINEAR LINEAR LINEAR LINEAR LINEAR LINEAR LINEAR LINEAR LINEAR LINEAR LINEAR LINEAR LINEAR LINEAR LINEAR LINEAR LINEAR LINEAR LINEAR LINEAR LINEAR LINEAR LINEAR LINEAR LINEAR LINEAR LINEAR LINEAR LINEAR LINEAR LINEAR LINEAR LINEAR LINEAR LINEAR LINEAR LINEAR LINEAR LINEAR LINEAR LINEAR LINEAR LINEAR LINEAR LINEAR LINEAR LINEAR LINEAR LINEAR LINEAR LINEAR LINEAR LINEAR LINEAR LINEAR LINEAR LINEAR LINEAR LINEAR LINEAR LINEAR LINEAR LINEAR LINEAR LINEAR LINEAR LINEAR LINEAR LINEAR LINEAR LINEAR LINEAR LINEAR LINEAR LINEAR LINEAR LINEAR LINEAR LINEAR LINEAR LINEAR LINEAR LINEAR LINEAR LINEAR LINEAR LINEAR LINEAR LINEAR LINEAR LINEAR LINEAR LINEAR LINEAR LINEAR</Name_array>
          <technique_common>
            <accessor source="#_0250410_110052_D_12_5_k_7_Area5_str_003_20250410_110052_D_12_5_k_7_Area5_str_001Action_009_transform-interpolation-array" count="361" stride="1">
              <param name="INTERPOLATION" type="name"/>
            </accessor>
          </technique_common>
        </source>
        <sampler id="_0250410_110052_D_12_5_k_7_Area5_str_003_20250410_110052_D_12_5_k_7_Area5_str_001Action_009_transform-sampler">
          <input semantic="INPUT" source="#_0250410_110052_D_12_5_k_7_Area5_str_003_20250410_110052_D_12_5_k_7_Area5_str_001Action_009_transform-input"/>
          <input semantic="OUTPUT" source="#_0250410_110052_D_12_5_k_7_Area5_str_003_20250410_110052_D_12_5_k_7_Area5_str_001Action_009_transform-output"/>
          <input semantic="INTERPOLATION" source="#_0250410_110052_D_12_5_k_7_Area5_str_003_20250410_110052_D_12_5_k_7_Area5_str_001Action_009_transform-interpolation"/>
        </sampler>
        <channel source="#_0250410_110052_D_12_5_k_7_Area5_str_003_20250410_110052_D_12_5_k_7_Area5_str_001Action_009_transform-sampler" target="_0250410_110052_D_12_5_k_7_Area5_str_003/transform"/>
      </animation>
    </animation>
    <animation id="action_container-_0250410_110052_D_12_5_k_7_Area6_str_003" name="20250410_110052_D=12.5_k=7_Area6_str.003">
      <animation id="_0250410_110052_D_12_5_k_7_Area6_str_003_20250410_110052_D_12_5_k_7_Area6_str_001Action_009_transform" name="20250410_110052_D=12.5_k=7_Area6_str.003">
        <source id="_0250410_110052_D_12_5_k_7_Area6_str_003_20250410_110052_D_12_5_k_7_Area6_str_001Action_009_transform-input">
          <float_array id="_0250410_110052_D_12_5_k_7_Area6_str_003_20250410_110052_D_12_5_k_7_Area6_str_001Action_009_transform-input-array" count="361">0 0.04166662 0.08333331 0.125 0.1666666 0.2083333 0.25 0.2916666 0.3333333 0.375 0.4166666 0.4583333 0.5 0.5416667 0.5833333 0.625 0.6666667 0.7083333 0.75 0.7916667 0.8333333 0.875 0.9166667 0.9583333 1 1.041667 1.083333 1.125 1.166667 1.208333 1.25 1.291667 1.333333 1.375 1.416667 1.458333 1.5 1.541667 1.583333 1.625 1.666667 1.708333 1.75 1.791667 1.833333 1.875 1.916667 1.958333 2 2.041667 2.083333 2.125 2.166667 2.208333 2.25 2.291667 2.333333 2.375 2.416667 2.458333 2.5 2.541667 2.583333 2.625 2.666667 2.708333 2.75 2.791667 2.833333 2.875 2.916667 2.958333 3 3.041667 3.083333 3.125 3.166667 3.208333 3.25 3.291667 3.333333 3.375 3.416667 3.458333 3.5 3.541667 3.583333 3.625 3.666667 3.708333 3.75 3.791667 3.833333 3.875 3.916667 3.958333 4 4.041666 4.083333 4.125 4.166666 4.208333 4.25 4.291666 4.333333 4.375 4.416666 4.458333 4.5 4.541666 4.583333 4.625 4.666666 4.708333 4.75 4.791666 4.833333 4.875 4.916666 4.958333 5 5.041666 5.083333 5.125 5.166666 5.208333 5.25 5.291666 5.333333 5.375 5.416666 5.458333 5.5 5.541666 5.583333 5.625 5.666666 5.708333 5.75 5.791666 5.833333 5.875 5.916666 5.958333 6 6.041666 6.083333 6.125 6.166666 6.208333 6.25 6.291666 6.333333 6.375 6.416666 6.458333 6.5 6.541666 6.583333 6.625 6.666666 6.708333 6.75 6.791666 6.833333 6.875 6.916666 6.958333 7 7.041666 7.083333 7.125 7.166666 7.208333 7.25 7.291666 7.333333 7.375 7.416666 7.458333 7.5 7.541666 7.583333 7.625 7.666666 7.708333 7.75 7.791666 7.833333 7.875 7.916666 7.958333 8 8.041667 8.083333 8.125 8.166667 8.208333 8.25 8.291667 8.333333 8.375 8.416667 8.458333 8.5 8.541667 8.583333 8.625 8.666667 8.708333 8.75 8.791667 8.833333 8.875 8.916667 8.958333 9 9.041667 9.083333 9.125 9.166667 9.208333 9.25 9.291667 9.333333 9.375 9.416667 9.458333 9.5 9.541667 9.583333 9.625 9.666667 9.708333 9.75 9.791667 9.833333 9.875 9.916667 9.958333 10 10.04167 10.08333 10.125 10.16667 10.20833 10.25 10.29167 10.33333 10.375 10.41667 10.45833 10.5 10.54167 10.58333 10.625 10.66667 10.70833 10.75 10.79167 10.83333 10.875 10.91667 10.95833 11 11.04167 11.08333 11.125 11.16667 11.20833 11.25 11.29167 11.33333 11.375 11.41667 11.45833 11.5 11.54167 11.58333 11.625 11.66667 11.70833 11.75 11.79167 11.83333 11.875 11.91667 11.95833 12 12.04167 12.08333 12.125 12.16667 12.20833 12.25 12.29167 12.33333 12.375 12.41667 12.45833 12.5 12.54167 12.58333 12.625 12.66667 12.70833 12.75 12.79167 12.83333 12.875 12.91667 12.95833 13 13.04167 13.08333 13.125 13.16667 13.20833 13.25 13.29167 13.33333 13.375 13.41667 13.45833 13.5 13.54167 13.58333 13.625 13.66667 13.70833 13.75 13.79167 13.83333 13.875 13.91667 13.95833 14 14.04167 14.08333 14.125 14.16667 14.20833 14.25 14.29167 14.33333 14.375 14.41667 14.45833 14.5 14.54167 14.58333 14.625 14.66667 14.70833 14.75 14.79167 14.83333 14.875 14.91667 14.95833 15</float_array>
          <technique_common>
            <accessor source="#_0250410_110052_D_12_5_k_7_Area6_str_003_20250410_110052_D_12_5_k_7_Area6_str_001Action_009_transform-input-array" count="361" stride="1">
              <param name="TIME" type="float"/>
            </accessor>
          </technique_common>
        </source>
        <source id="_0250410_110052_D_12_5_k_7_Area6_str_003_20250410_110052_D_12_5_k_7_Area6_str_001Action_009_transform-output">
          <float_array id="_0250410_110052_D_12_5_k_7_Area6_str_003_20250410_110052_D_12_5_k_7_Area6_str_001Action_009_transform-output-array" count="5776">1 0 0 0 0 1 0 0 0 0 1 0 0 0 0 1 0.9998477 -0.01745241 0 0 0.01745241 0.9998477 0 0 0 0 1 0 0 0 0 1 0.9993908 -0.0348995 0 0 0.0348995 0.9993908 0 0 0 0 1 0 0 0 0 1 0.9986295 -0.05233596 0 0 0.05233596 0.9986295 0 0 0 0 1 0 0 0 0 1 0.9975641 -0.06975647 0 0 0.06975647 0.9975641 0 0 0 0 1 0 0 0 0 1 0.9961947 -0.08715574 0 0 0.08715574 0.9961947 0 0 0 0 1 0 0 0 0 1 0.9945219 -0.1045285 0 0 0.1045285 0.9945219 0 0 0 0 1 0 0 0 0 1 0.9925461 -0.1218693 0 0 0.1218693 0.9925461 0 0 0 0 1 0 0 0 0 1 0.9902681 -0.1391731 0 0 0.1391731 0.9902681 0 0 0 0 1 0 0 0 0 1 0.9876884 -0.1564345 0 0 0.1564345 0.9876884 0 0 0 0 1 0 0 0 0 1 0.9848077 -0.1736482 0 0 0.1736482 0.9848077 0 0 0 0 1 0 0 0 0 1 0.9816272 -0.190809 0 0 0.190809 0.9816272 0 0 0 0 1 0 0 0 0 1 0.9781476 -0.2079117 0 0 0.2079117 0.9781476 0 0 0 0 1 0 0 0 0 1 0.9743701 -0.2249511 0 0 0.2249511 0.9743701 0 0 0 0 1 0 0 0 0 1 0.9702957 -0.2419219 0 0 0.2419219 0.9702957 0 0 0 0 1 0 0 0 0 1 0.9659258 -0.258819 0 0 0.258819 0.9659258 0 0 0 0 1 0 0 0 0 1 0.9612617 -0.2756374 0 0 0.2756374 0.9612617 0 0 0 0 1 0 0 0 0 1 0.9563047 -0.2923717 0 0 0.2923717 0.9563047 0 0 0 0 1 0 0 0 0 1 0.9510565 -0.309017 0 0 0.309017 0.9510565 0 0 0 0 1 0 0 0 0 1 0.9455186 -0.3255681 0 0 0.3255681 0.9455186 0 0 0 0 1 0 0 0 0 1 0.9396926 -0.3420202 0 0 0.3420202 0.9396926 0 0 0 0 1 0 0 0 0 1 0.9335804 -0.3583679 0 0 0.3583679 0.9335804 0 0 0 0 1 0 0 0 0 1 0.9271839 -0.3746066 0 0 0.3746066 0.9271839 0 0 0 0 1 0 0 0 0 1 0.9205049 -0.3907311 0 0 0.3907311 0.9205049 0 0 0 0 1 0 0 0 0 1 0.9135454 -0.4067366 0 0 0.4067366 0.9135454 0 0 0 0 1 0 0 0 0 1 0.9063078 -0.4226183 0 0 0.4226183 0.9063078 0 0 0 0 1 0 0 0 0 1 0.8987941 -0.4383712 0 0 0.4383712 0.8987941 0 0 0 0 1 0 0 0 0 1 0.8910065 -0.4539905 0 0 0.4539905 0.8910065 0 0 0 0 1 0 0 0 0 1 0.8829476 -0.4694716 0 0 0.4694716 0.8829476 0 0 0 0 1 0 0 0 0 1 0.8746197 -0.4848096 0 0 0.4848096 0.8746197 0 0 0 0 1 0 0 0 0 1 0.8660254 -0.5 0 0 0.5 0.8660254 0 0 0 0 1 0 0 0 0 1 0.8571673 -0.5150381 0 0 0.5150381 0.8571673 0 0 0 0 1 0 0 0 0 1 0.8480481 -0.5299193 0 0 0.5299193 0.8480481 0 0 0 0 1 0 0 0 0 1 0.8386706 -0.5446391 0 0 0.5446391 0.8386706 0 0 0 0 1 0 0 0 0 1 0.8290375 -0.559193 0 0 0.559193 0.8290375 0 0 0 0 1 0 0 0 0 1 0.819152 -0.5735765 0 0 0.5735765 0.819152 0 0 0 0 1 0 0 0 0 1 0.809017 -0.5877852 0 0 0.5877852 0.809017 0 0 0 0 1 0 0 0 0 1 0.7986355 -0.601815 0 0 0.601815 0.7986355 0 0 0 0 1 0 0 0 0 1 0.7880108 -0.6156615 0 0 0.6156615 0.7880108 0 0 0 0 1 0 0 0 0 1 0.7771459 -0.6293204 0 0 0.6293204 0.7771459 0 0 0 0 1 0 0 0 0 1 0.7660444 -0.6427876 0 0 0.6427876 0.7660444 0 0 0 0 1 0 0 0 0 1 0.7547096 -0.656059 0 0 0.656059 0.7547096 0 0 0 0 1 0 0 0 0 1 0.7431448 -0.6691306 0 0 0.6691306 0.7431448 0 0 0 0 1 0 0 0 0 1 0.7313537 -0.6819984 0 0 0.6819984 0.7313537 0 0 0 0 1 0 0 0 0 1 0.7193397 -0.6946584 0 0 0.6946584 0.7193397 0 0 0 0 1 0 0 0 0 1 0.7071068 -0.7071068 0 0 0.7071068 0.7071068 0 0 0 0 1 0 0 0 0 1 0.6946584 -0.7193398 0 0 0.7193398 0.6946584 0 0 0 0 1 0 0 0 0 1 0.6819983 -0.7313538 0 0 0.7313538 0.6819983 0 0 0 0 1 0 0 0 0 1 0.6691306 -0.7431449 0 0 0.7431449 0.6691306 0 0 0 0 1 0 0 0 0 1 0.656059 -0.7547096 0 0 0.7547096 0.656059 0 0 0 0 1 0 0 0 0 1 0.6427876 -0.7660444 0 0 0.7660444 0.6427876 0 0 0 0 1 0 0 0 0 1 0.6293203 -0.777146 0 0 0.777146 0.6293203 0 0 0 0 1 0 0 0 0 1 0.6156614 -0.7880108 0 0 0.7880108 0.6156614 0 0 0 0 1 0 0 0 0 1 0.601815 -0.7986355 0 0 0.7986355 0.601815 0 0 0 0 1 0 0 0 0 1 0.5877852 -0.809017 0 0 0.809017 0.5877852 0 0 0 0 1 0 0 0 0 1 0.5735765 -0.8191521 0 0 0.8191521 0.5735765 0 0 0 0 1 0 0 0 0 1 0.5591928 -0.8290376 0 0 0.8290376 0.5591928 0 0 0 0 1 0 0 0 0 1 0.544639 -0.8386706 0 0 0.8386706 0.544639 0 0 0 0 1 0 0 0 0 1 0.5299193 -0.8480481 0 0 0.8480481 0.5299193 0 0 0 0 1 0 0 0 0 1 0.5150381 -0.8571673 0 0 0.8571673 0.5150381 0 0 0 0 1 0 0 0 0 1 0.5 -0.8660254 0 0 0.8660254 0.5 0 0 0 0 1 0 0 0 0 1 0.4848096 -0.8746197 0 0 0.8746197 0.4848096 0 0 0 0 1 0 0 0 0 1 0.4694715 -0.8829476 0 0 0.8829476 0.4694715 0 0 0 0 1 0 0 0 0 1 0.4539904 -0.8910066 0 0 0.8910066 0.4539904 0 0 0 0 1 0 0 0 0 1 0.4383712 -0.8987941 0 0 0.8987941 0.4383712 0 0 0 0 1 0 0 0 0 1 0.4226182 -0.9063078 0 0 0.9063078 0.4226182 0 0 0 0 1 0 0 0 0 1 0.4067366 -0.9135455 0 0 0.9135455 0.4067366 0 0 0 0 1 0 0 0 0 1 0.3907311 -0.9205049 0 0 0.9205049 0.3907311 0 0 0 0 1 0 0 0 0 1 0.3746065 -0.9271839 0 0 0.9271839 0.3746065 0 0 0 0 1 0 0 0 0 1 0.358368 -0.9335804 0 0 0.9335804 0.358368 0 0 0 0 1 0 0 0 0 1 0.34202 -0.9396927 0 0 0.9396927 0.34202 0 0 0 0 1 0 0 0 0 1 0.3255681 -0.9455186 0 0 0.9455186 0.3255681 0 0 0 0 1 0 0 0 0 1 0.309017 -0.9510565 0 0 0.9510565 0.309017 0 0 0 0 1 0 0 0 0 1 0.2923717 -0.9563048 0 0 0.9563048 0.2923717 0 0 0 0 1 0 0 0 0 1 0.2756373 -0.9612617 0 0 0.9612617 0.2756373 0 0 0 0 1 0 0 0 0 1 0.258819 -0.9659259 0 0 0.9659259 0.258819 0 0 0 0 1 0 0 0 0 1 0.2419219 -0.9702957 0 0 0.9702957 0.2419219 0 0 0 0 1 0 0 0 0 1 0.224951 -0.9743701 0 0 0.9743701 0.224951 0 0 0 0 1 0 0 0 0 1 0.2079117 -0.9781476 0 0 0.9781476 0.2079117 0 0 0 0 1 0 0 0 0 1 0.1908089 -0.9816272 0 0 0.9816272 0.1908089 0 0 0 0 1 0 0 0 0 1 0.1736481 -0.9848078 0 0 0.9848078 0.1736481 0 0 0 0 1 0 0 0 0 1 0.1564345 -0.9876884 0 0 0.9876884 0.1564345 0 0 0 0 1 0 0 0 0 1 0.1391731 -0.9902681 0 0 0.9902681 0.1391731 0 0 0 0 1 0 0 0 0 1 0.1218693 -0.9925461 0 0 0.9925461 0.1218693 0 0 0 0 1 0 0 0 0 1 0.1045284 -0.9945219 0 0 0.9945219 0.1045284 0 0 0 0 1 0 0 0 0 1 0.0871558 -0.9961947 0 0 0.9961947 0.0871558 0 0 0 0 1 0 0 0 0 1 0.06975651 -0.9975641 0 0 0.9975641 0.06975651 0 0 0 0 1 0 0 0 0 1 0.05233585 -0.9986295 0 0 0.9986295 0.05233585 0 0 0 0 1 0 0 0 0 1 0.03489938 -0.9993908 0 0 0.9993908 0.03489938 0 0 0 0 1 0 0 0 0 1 0.01745238 -0.9998477 0 0 0.9998477 0.01745238 0 0 0 0 1 0 0 0 0 1 -4.37114e-8 -1 0 0 1 -4.37114e-8 0 0 0 0 1 0 0 0 0 1 -0.01745247 -0.9998477 0 0 0.9998477 -0.01745247 0 0 0 0 1 0 0 0 0 1 -0.03489946 -0.9993908 0 0 0.9993908 -0.03489946 0 0 0 0 1 0 0 0 0 1 -0.05233594 -0.9986295 0 0 0.9986295 -0.05233594 0 0 0 0 1 0 0 0 0 1 -0.0697566 -0.997564 0 0 0.997564 -0.0697566 0 0 0 0 1 0 0 0 0 1 -0.08715589 -0.9961947 0 0 0.9961947 -0.08715589 0 0 0 0 1 0 0 0 0 1 -0.1045285 -0.9945219 0 0 0.9945219 -0.1045285 0 0 0 0 1 0 0 0 0 1 -0.1218694 -0.9925461 0 0 0.9925461 -0.1218694 0 0 0 0 1 0 0 0 0 1 -0.1391732 -0.9902681 0 0 0.9902681 -0.1391732 0 0 0 0 1 0 0 0 0 1 -0.1564344 -0.9876884 0 0 0.9876884 -0.1564344 0 0 0 0 1 0 0 0 0 1 -0.1736482 -0.9848077 0 0 0.9848077 -0.1736482 0 0 0 0 1 0 0 0 0 1 -0.190809 -0.9816272 0 0 0.9816272 -0.190809 0 0 0 0 1 0 0 0 0 1 -0.2079118 -0.9781476 0 0 0.9781476 -0.2079118 0 0 0 0 1 0 0 0 0 1 -0.2249511 -0.9743701 0 0 0.9743701 -0.2249511 0 0 0 0 1 0 0 0 0 1 -0.241922 -0.9702957 0 0 0.9702957 -0.241922 0 0 0 0 1 0 0 0 0 1 -0.2588192 -0.9659258 0 0 0.9659258 -0.2588192 0 0 0 0 1 0 0 0 0 1 -0.2756374 -0.9612617 0 0 0.9612617 -0.2756374 0 0 0 0 1 0 0 0 0 1 -0.2923717 -0.9563047 0 0 0.9563047 -0.2923717 0 0 0 0 1 0 0 0 0 1 -0.309017 -0.9510565 0 0 0.9510565 -0.309017 0 0 0 0 1 0 0 0 0 1 -0.3255681 -0.9455186 0 0 0.9455186 -0.3255681 0 0 0 0 1 0 0 0 0 1 -0.3420201 -0.9396926 0 0 0.9396926 -0.3420201 0 0 0 0 1 0 0 0 0 1 -0.3583681 -0.9335804 0 0 0.9335804 -0.3583681 0 0 0 0 1 0 0 0 0 1 -0.3746067 -0.9271838 0 0 0.9271838 -0.3746067 0 0 0 0 1 0 0 0 0 1 -0.3907312 -0.9205049 0 0 0.9205049 -0.3907312 0 0 0 0 1 0 0 0 0 1 -0.4067367 -0.9135454 0 0 0.9135454 -0.4067367 0 0 0 0 1 0 0 0 0 1 -0.4226183 -0.9063078 0 0 0.9063078 -0.4226183 0 0 0 0 1 0 0 0 0 1 -0.4383711 -0.8987941 0 0 0.8987941 -0.4383711 0 0 0 0 1 0 0 0 0 1 -0.4539906 -0.8910065 0 0 0.8910065 -0.4539906 0 0 0 0 1 0 0 0 0 1 -0.4694716 -0.8829476 0 0 0.8829476 -0.4694716 0 0 0 0 1 0 0 0 0 1 -0.4848098 -0.8746196 0 0 0.8746196 -0.4848098 0 0 0 0 1 0 0 0 0 1 -0.5000001 -0.8660254 0 0 0.8660254 -0.5000001 0 0 0 0 1 0 0 0 0 1 -0.515038 -0.8571673 0 0 0.8571673 -0.515038 0 0 0 0 1 0 0 0 0 1 -0.5299193 -0.848048 0 0 0.848048 -0.5299193 0 0 0 0 1 0 0 0 0 1 -0.5446391 -0.8386706 0 0 0.8386706 -0.5446391 0 0 0 0 1 0 0 0 0 1 -0.559193 -0.8290375 0 0 0.8290375 -0.559193 0 0 0 0 1 0 0 0 0 1 -0.5735765 -0.819152 0 0 0.819152 -0.5735765 0 0 0 0 1 0 0 0 0 1 -0.5877854 -0.8090169 0 0 0.8090169 -0.5877854 0 0 0 0 1 0 0 0 0 1 -0.6018151 -0.7986355 0 0 0.7986355 -0.6018151 0 0 0 0 1 0 0 0 0 1 -0.6156614 -0.7880108 0 0 0.7880108 -0.6156614 0 0 0 0 1 0 0 0 0 1 -0.6293205 -0.7771459 0 0 0.7771459 -0.6293205 0 0 0 0 1 0 0 0 0 1 -0.6427876 -0.7660444 0 0 0.7660444 -0.6427876 0 0 0 0 1 0 0 0 0 1 -0.656059 -0.7547096 0 0 0.7547096 -0.656059 0 0 0 0 1 0 0 0 0 1 -0.6691307 -0.7431448 0 0 0.7431448 -0.6691307 0 0 0 0 1 0 0 0 0 1 -0.6819985 -0.7313536 0 0 0.7313536 -0.6819985 0 0 0 0 1 0 0 0 0 1 -0.6946585 -0.7193397 0 0 0.7193397 -0.6946585 0 0 0 0 1 0 0 0 0 1 -0.7071068 -0.7071068 0 0 0.7071068 -0.7071068 0 0 0 0 1 0 0 0 0 1 -0.7193399 -0.6946583 0 0 0.6946583 -0.7193399 0 0 0 0 1 0 0 0 0 1 -0.7313538 -0.6819983 0 0 0.6819983 -0.7313538 0 0 0 0 1 0 0 0 0 1 -0.7431448 -0.6691306 0 0 0.6691306 -0.7431448 0 0 0 0 1 0 0 0 0 1 -0.7547097 -0.656059 0 0 0.656059 -0.7547097 0 0 0 0 1 0 0 0 0 1 -0.7660446 -0.6427875 0 0 0.6427875 -0.7660446 0 0 0 0 1 0 0 0 0 1 -0.777146 -0.6293203 0 0 0.6293203 -0.777146 0 0 0 0 1 0 0 0 0 1 -0.7880108 -0.6156614 0 0 0.6156614 -0.7880108 0 0 0 0 1 0 0 0 0 1 -0.7986356 -0.6018149 0 0 0.6018149 -0.7986356 0 0 0 0 1 0 0 0 0 1 -0.8090171 -0.5877852 0 0 0.5877852 -0.8090171 0 0 0 0 1 0 0 0 0 1 -0.8191521 -0.5735765 0 0 0.5735765 -0.8191521 0 0 0 0 1 0 0 0 0 1 -0.8290376 -0.5591928 0 0 0.5591928 -0.8290376 0 0 0 0 1 0 0 0 0 1 -0.8386707 -0.5446388 0 0 0.5446388 -0.8386707 0 0 0 0 1 0 0 0 0 1 -0.8480482 -0.5299191 0 0 0.5299191 -0.8480482 0 0 0 0 1 0 0 0 0 1 -0.8571673 -0.515038 0 0 0.515038 -0.8571673 0 0 0 0 1 0 0 0 0 1 -0.8660255 -0.4999998 0 0 0.4999998 -0.8660255 0 0 0 0 1 0 0 0 0 1 -0.8746198 -0.4848095 0 0 0.4848095 -0.8746198 0 0 0 0 1 0 0 0 0 1 -0.8829476 -0.4694716 0 0 0.4694716 -0.8829476 0 0 0 0 1 0 0 0 0 1 -0.8910066 -0.4539904 0 0 0.4539904 -0.8910066 0 0 0 0 1 0 0 0 0 1 -0.8987941 -0.4383711 0 0 0.4383711 -0.8987941 0 0 0 0 1 0 0 0 0 1 -0.9063078 -0.4226183 0 0 0.4226183 -0.9063078 0 0 0 0 1 0 0 0 0 1 -0.9135455 -0.4067366 0 0 0.4067366 -0.9135455 0 0 0 0 1 0 0 0 0 1 -0.9205049 -0.3907309 0 0 0.3907309 -0.9205049 0 0 0 0 1 0 0 0 0 1 -0.9271839 -0.3746065 0 0 0.3746065 -0.9271839 0 0 0 0 1 0 0 0 0 1 -0.9335805 -0.3583679 0 0 0.3583679 -0.9335805 0 0 0 0 1 0 0 0 0 1 -0.9396927 -0.34202 0 0 0.34202 -0.9396927 0 0 0 0 1 0 0 0 0 1 -0.9455186 -0.3255681 0 0 0.3255681 -0.9455186 0 0 0 0 1 0 0 0 0 1 -0.9510565 -0.309017 0 0 0.309017 -0.9510565 0 0 0 0 1 0 0 0 0 1 -0.9563047 -0.2923718 0 0 0.2923718 -0.9563047 0 0 0 0 1 0 0 0 0 1 -0.9612617 -0.2756374 0 0 0.2756374 -0.9612617 0 0 0 0 1 0 0 0 0 1 -0.9659259 -0.2588189 0 0 0.2588189 -0.9659259 0 0 0 0 1 0 0 0 0 1 -0.9702957 -0.2419219 0 0 0.2419219 -0.9702957 0 0 0 0 1 0 0 0 0 1 -0.9743701 -0.2249509 0 0 0.2249509 -0.9743701 0 0 0 0 1 0 0 0 0 1 -0.9781476 -0.2079116 0 0 0.2079116 -0.9781476 0 0 0 0 1 0 0 0 0 1 -0.9816272 -0.1908088 0 0 0.1908088 -0.9816272 0 0 0 0 1 0 0 0 0 1 -0.9848077 -0.1736483 0 0 0.1736483 -0.9848077 0 0 0 0 1 0 0 0 0 1 -0.9876884 -0.1564344 0 0 0.1564344 -0.9876884 0 0 0 0 1 0 0 0 0 1 -0.9902681 -0.1391732 0 0 0.1391732 -0.9902681 0 0 0 0 1 0 0 0 0 1 -0.9925461 -0.1218693 0 0 0.1218693 -0.9925461 0 0 0 0 1 0 0 0 0 1 -0.9945219 -0.1045283 0 0 0.1045283 -0.9945219 0 0 0 0 1 0 0 0 0 1 -0.9961947 -0.08715564 0 0 0.08715564 -0.9961947 0 0 0 0 1 0 0 0 0 1 -0.9975641 -0.06975623 0 0 0.06975623 -0.9975641 0 0 0 0 1 0 0 0 0 1 -0.9986295 -0.05233605 0 0 0.05233605 -0.9986295 0 0 0 0 1 0 0 0 0 1 -0.9993908 -0.03489945 0 0 0.03489945 -0.9993908 0 0 0 0 1 0 0 0 0 1 -0.9998477 -0.01745246 0 0 0.01745246 -0.9998477 0 0 0 0 1 0 0 0 0 1 -1 8.74228e-8 0 0 -8.74228e-8 -1 0 0 0 0 1 0 0 0 0 1 -0.9998477 0.01745263 0 0 -0.01745263 -0.9998477 0 0 0 0 1 0 0 0 0 1 -0.9993908 0.03489963 0 0 -0.03489963 -0.9993908 0 0 0 0 1 0 0 0 0 1 -0.9986295 0.05233622 0 0 -0.05233622 -0.9986295 0 0 0 0 1 0 0 0 0 1 -0.9975641 0.0697564 0 0 -0.0697564 -0.9975641 0 0 0 0 1 0 0 0 0 1 -0.9961947 0.08715581 0 0 -0.08715581 -0.9961947 0 0 0 0 1 0 0 0 0 1 -0.9945219 0.1045284 0 0 -0.1045284 -0.9945219 0 0 0 0 1 0 0 0 0 1 -0.9925461 0.1218695 0 0 -0.1218695 -0.9925461 0 0 0 0 1 0 0 0 0 1 -0.9902681 0.1391733 0 0 -0.1391733 -0.9902681 0 0 0 0 1 0 0 0 0 1 -0.9876883 0.1564346 0 0 -0.1564346 -0.9876883 0 0 0 0 1 0 0 0 0 1 -0.9848077 0.1736485 0 0 -0.1736485 -0.9848077 0 0 0 0 1 0 0 0 0 1 -0.9816272 0.190809 0 0 -0.190809 -0.9816272 0 0 0 0 1 0 0 0 0 1 -0.9781476 0.2079118 0 0 -0.2079118 -0.9781476 0 0 0 0 1 0 0 0 0 1 -0.9743701 0.224951 0 0 -0.224951 -0.9743701 0 0 0 0 1 0 0 0 0 1 -0.9702957 0.241922 0 0 -0.241922 -0.9702957 0 0 0 0 1 0 0 0 0 1 -0.9659258 0.2588193 0 0 -0.2588193 -0.9659258 0 0 0 0 1 0 0 0 0 1 -0.9612616 0.2756375 0 0 -0.2756375 -0.9612616 0 0 0 0 1 0 0 0 0 1 -0.9563047 0.292372 0 0 -0.292372 -0.9563047 0 0 0 0 1 0 0 0 0 1 -0.9510565 0.309017 0 0 -0.309017 -0.9510565 0 0 0 0 1 0 0 0 0 1 -0.9455186 0.3255683 0 0 -0.3255683 -0.9455186 0 0 0 0 1 0 0 0 0 1 -0.9396926 0.3420202 0 0 -0.3420202 -0.9396926 0 0 0 0 1 0 0 0 0 1 -0.9335804 0.3583681 0 0 -0.3583681 -0.9335804 0 0 0 0 1 0 0 0 0 1 -0.9271838 0.3746066 0 0 -0.3746066 -0.9271838 0 0 0 0 1 0 0 0 0 1 -0.9205047 0.3907313 0 0 -0.3907313 -0.9205047 0 0 0 0 1 0 0 0 0 1 -0.9135453 0.4067369 0 0 -0.4067369 -0.9135453 0 0 0 0 1 0 0 0 0 1 -0.9063078 0.4226183 0 0 -0.4226183 -0.9063078 0 0 0 0 1 0 0 0 0 1 -0.898794 0.4383713 0 0 -0.4383713 -0.898794 0 0 0 0 1 0 0 0 0 1 -0.8910065 0.4539905 0 0 -0.4539905 -0.8910065 0 0 0 0 1 0 0 0 0 1 -0.8829475 0.4694717 0 0 -0.4694717 -0.8829475 0 0 0 0 1 0 0 0 0 1 -0.8746197 0.4848097 0 0 -0.4848097 -0.8746197 0 0 0 0 1 0 0 0 0 1 -0.8660253 0.5000002 0 0 -0.5000002 -0.8660253 0 0 0 0 1 0 0 0 0 1 -0.8571671 0.5150384 0 0 -0.5150384 -0.8571671 0 0 0 0 1 0 0 0 0 1 -0.8480481 0.5299193 0 0 -0.5299193 -0.8480481 0 0 0 0 1 0 0 0 0 1 -0.8386706 0.544639 0 0 -0.544639 -0.8386706 0 0 0 0 1 0 0 0 0 1 -0.8290375 0.559193 0 0 -0.559193 -0.8290375 0 0 0 0 1 0 0 0 0 1 -0.8191519 0.5735766 0 0 -0.5735766 -0.8191519 0 0 0 0 1 0 0 0 0 1 -0.8090169 0.5877854 0 0 -0.5877854 -0.8090169 0 0 0 0 1 0 0 0 0 1 -0.7986354 0.6018152 0 0 -0.6018152 -0.7986354 0 0 0 0 1 0 0 0 0 1 -0.7880108 0.6156614 0 0 -0.6156614 -0.7880108 0 0 0 0 1 0 0 0 0 1 -0.7771459 0.6293204 0 0 -0.6293204 -0.7771459 0 0 0 0 1 0 0 0 0 1 -0.7660445 0.6427876 0 0 -0.6427876 -0.7660445 0 0 0 0 1 0 0 0 0 1 -0.7547095 0.6560591 0 0 -0.6560591 -0.7547095 0 0 0 0 1 0 0 0 0 1 -0.7431447 0.6691308 0 0 -0.6691308 -0.7431447 0 0 0 0 1 0 0 0 0 1 -0.7313536 0.6819984 0 0 -0.6819984 -0.7313536 0 0 0 0 1 0 0 0 0 1 -0.7193396 0.6946586 0 0 -0.6946586 -0.7193396 0 0 0 0 1 0 0 0 0 1 -0.7071068 0.7071067 0 0 -0.7071067 -0.7071068 0 0 0 0 1 0 0 0 0 1 -0.6946583 0.7193398 0 0 -0.7193398 -0.6946583 0 0 0 0 1 0 0 0 0 1 -0.6819984 0.7313537 0 0 -0.7313537 -0.6819984 0 0 0 0 1 0 0 0 0 1 -0.6691305 0.7431449 0 0 -0.7431449 -0.6691305 0 0 0 0 1 0 0 0 0 1 -0.6560588 0.7547097 0 0 -0.7547097 -0.6560588 0 0 0 0 1 0 0 0 0 1 -0.6427875 0.7660446 0 0 -0.7660446 -0.6427875 0 0 0 0 1 0 0 0 0 1 -0.6293203 0.777146 0 0 -0.777146 -0.6293203 0 0 0 0 1 0 0 0 0 1 -0.6156615 0.7880107 0 0 -0.7880107 -0.6156615 0 0 0 0 1 0 0 0 0 1 -0.6018152 0.7986354 0 0 -0.7986354 -0.6018152 0 0 0 0 1 0 0 0 0 1 -0.5877851 0.8090171 0 0 -0.8090171 -0.5877851 0 0 0 0 1 0 0 0 0 1 -0.5735763 0.8191521 0 0 -0.8191521 -0.5735763 0 0 0 0 1 0 0 0 0 1 -0.5591929 0.8290376 0 0 -0.8290376 -0.5591929 0 0 0 0 1 0 0 0 0 1 -0.5446387 0.8386708 0 0 -0.8386708 -0.5446387 0 0 0 0 1 0 0 0 0 1 -0.529919 0.8480483 0 0 -0.8480483 -0.529919 0 0 0 0 1 0 0 0 0 1 -0.5150383 0.8571672 0 0 -0.8571672 -0.5150383 0 0 0 0 1 0 0 0 0 1 -0.4999999 0.8660254 0 0 -0.8660254 -0.4999999 0 0 0 0 1 0 0 0 0 1 -0.4848096 0.8746197 0 0 -0.8746197 -0.4848096 0 0 0 0 1 0 0 0 0 1 -0.4694716 0.8829476 0 0 -0.8829476 -0.4694716 0 0 0 0 1 0 0 0 0 1 -0.4539902 0.8910066 0 0 -0.8910066 -0.4539902 0 0 0 0 1 0 0 0 0 1 -0.438371 0.8987941 0 0 -0.8987941 -0.438371 0 0 0 0 1 0 0 0 0 1 -0.4226182 0.9063078 0 0 -0.9063078 -0.4226182 0 0 0 0 1 0 0 0 0 1 -0.4067366 0.9135454 0 0 -0.9135454 -0.4067366 0 0 0 0 1 0 0 0 0 1 -0.3907312 0.9205048 0 0 -0.9205048 -0.3907312 0 0 0 0 1 0 0 0 0 1 -0.3746063 0.927184 0 0 -0.927184 -0.3746063 0 0 0 0 1 0 0 0 0 1 -0.3583678 0.9335805 0 0 -0.9335805 -0.3583678 0 0 0 0 1 0 0 0 0 1 -0.3420201 0.9396927 0 0 -0.9396927 -0.3420201 0 0 0 0 1 0 0 0 0 1 -0.3255682 0.9455186 0 0 -0.9455186 -0.3255682 0 0 0 0 1 0 0 0 0 1 -0.3090166 0.9510566 0 0 -0.9510566 -0.3090166 0 0 0 0 1 0 0 0 0 1 -0.2923719 0.9563047 0 0 -0.9563047 -0.2923719 0 0 0 0 1 0 0 0 0 1 -0.2756372 0.9612617 0 0 -0.9612617 -0.2756372 0 0 0 0 1 0 0 0 0 1 -0.258819 0.9659259 0 0 -0.9659259 -0.258819 0 0 0 0 1 0 0 0 0 1 -0.2419219 0.9702957 0 0 -0.9702957 -0.2419219 0 0 0 0 1 0 0 0 0 1 -0.2249507 0.9743701 0 0 -0.9743701 -0.2249507 0 0 0 0 1 0 0 0 0 1 -0.2079114 0.9781476 0 0 -0.9781476 -0.2079114 0 0 0 0 1 0 0 0 0 1 -0.1908088 0.9816272 0 0 -0.9816272 -0.1908088 0 0 0 0 1 0 0 0 0 1 -0.1736481 0.9848078 0 0 -0.9848078 -0.1736481 0 0 0 0 1 0 0 0 0 1 -0.1564345 0.9876883 0 0 -0.9876883 -0.1564345 0 0 0 0 1 0 0 0 0 1 -0.1391733 0.9902681 0 0 -0.9902681 -0.1391733 0 0 0 0 1 0 0 0 0 1 -0.1218691 0.9925462 0 0 -0.9925462 -0.1218691 0 0 0 0 1 0 0 0 0 1 -0.1045283 0.9945219 0 0 -0.9945219 -0.1045283 0 0 0 0 1 0 0 0 0 1 -0.08715571 0.9961947 0 0 -0.9961947 -0.08715571 0 0 0 0 1 0 0 0 0 1 -0.06975607 0.9975641 0 0 -0.9975641 -0.06975607 0 0 0 0 1 0 0 0 0 1 -0.05233612 0.9986295 0 0 -0.9986295 -0.05233612 0 0 0 0 1 0 0 0 0 1 -0.03489929 0.9993908 0 0 -0.9993908 -0.03489929 0 0 0 0 1 0 0 0 0 1 -0.0174523 0.9998477 0 0 -0.9998477 -0.0174523 0 0 0 0 1 0 0 0 0 1 1.19249e-8 1 0 0 -1 1.19249e-8 0 0 0 0 1 0 0 0 0 1 0.0174528 0.9998477 0 0 -0.9998477 0.0174528 0 0 0 0 1 0 0 0 0 1 0.03489979 0.9993908 0 0 -0.9993908 0.03489979 0 0 0 0 1 0 0 0 0 1 0.05233615 0.9986295 0 0 -0.9986295 0.05233615 0 0 0 0 1 0 0 0 0 1 0.06975657 0.997564 0 0 -0.997564 0.06975657 0 0 0 0 1 0 0 0 0 1 0.08715574 0.9961947 0 0 -0.9961947 0.08715574 0 0 0 0 1 0 0 0 0 1 0.1045284 0.9945219 0 0 -0.9945219 0.1045284 0 0 0 0 1 0 0 0 0 1 0.1218696 0.9925461 0 0 -0.9925461 0.1218696 0 0 0 0 1 0 0 0 0 1 0.1391733 0.9902681 0 0 -0.9902681 0.1391733 0 0 0 0 1 0 0 0 0 1 0.1564345 0.9876883 0 0 -0.9876883 0.1564345 0 0 0 0 1 0 0 0 0 1 0.1736486 0.9848077 0 0 -0.9848077 0.1736486 0 0 0 0 1 0 0 0 0 1 0.1908089 0.9816272 0 0 -0.9816272 0.1908089 0 0 0 0 1 0 0 0 0 1 0.2079119 0.9781476 0 0 -0.9781476 0.2079119 0 0 0 0 1 0 0 0 0 1 0.2249512 0.97437 0 0 -0.97437 0.2249512 0 0 0 0 1 0 0 0 0 1 0.2419219 0.9702957 0 0 -0.9702957 0.2419219 0 0 0 0 1 0 0 0 0 1 0.2588195 0.9659257 0 0 -0.9659257 0.2588195 0 0 0 0 1 0 0 0 0 1 0.2756377 0.9612616 0 0 -0.9612616 0.2756377 0 0 0 0 1 0 0 0 0 1 0.2923719 0.9563047 0 0 -0.9563047 0.2923719 0 0 0 0 1 0 0 0 0 1 0.3090171 0.9510565 0 0 -0.9510565 0.3090171 0 0 0 0 1 0 0 0 0 1 0.3255682 0.9455186 0 0 -0.9455186 0.3255682 0 0 0 0 1 0 0 0 0 1 0.3420201 0.9396926 0 0 -0.9396926 0.3420201 0 0 0 0 1 0 0 0 0 1 0.3583682 0.9335803 0 0 -0.9335803 0.3583682 0 0 0 0 1 0 0 0 0 1 0.3746068 0.9271837 0 0 -0.9271837 0.3746068 0 0 0 0 1 0 0 0 0 1 0.3907312 0.9205048 0 0 -0.9205048 0.3907312 0 0 0 0 1 0 0 0 0 1 0.4067371 0.9135453 0 0 -0.9135453 0.4067371 0 0 0 0 1 0 0 0 0 1 0.4226182 0.9063078 0 0 -0.9063078 0.4226182 0 0 0 0 1 0 0 0 0 1 0.4383714 0.8987939 0 0 -0.8987939 0.4383714 0 0 0 0 1 0 0 0 0 1 0.4539907 0.8910064 0 0 -0.8910064 0.4539907 0 0 0 0 1 0 0 0 0 1 0.4694717 0.8829476 0 0 -0.8829476 0.4694717 0 0 0 0 1 0 0 0 0 1 0.4848096 0.8746197 0 0 -0.8746197 0.4848096 0 0 0 0 1 0 0 0 0 1 0.5000004 0.8660252 0 0 -0.8660252 0.5000004 0 0 0 0 1 0 0 0 0 1 0.5150379 0.8571674 0 0 -0.8571674 0.5150379 0 0 0 0 1 0 0 0 0 1 0.5299194 0.848048 0 0 -0.848048 0.5299194 0 0 0 0 1 0 0 0 0 1 0.5446391 0.8386705 0 0 -0.8386705 0.5446391 0 0 0 0 1 0 0 0 0 1 0.5591929 0.8290376 0 0 -0.8290376 0.5591929 0 0 0 0 1 0 0 0 0 1 0.5735767 0.8191518 0 0 -0.8191518 0.5735767 0 0 0 0 1 0 0 0 0 1 0.5877855 0.8090168 0 0 -0.8090168 0.5877855 0 0 0 0 1 0 0 0 0 1 0.6018152 0.7986354 0 0 -0.7986354 0.6018152 0 0 0 0 1 0 0 0 0 1 0.6156615 0.7880107 0 0 -0.7880107 0.6156615 0 0 0 0 1 0 0 0 0 1 0.6293204 0.777146 0 0 -0.777146 0.6293204 0 0 0 0 1 0 0 0 0 1 0.6427875 0.7660445 0 0 -0.7660445 0.6427875 0 0 0 0 1 0 0 0 0 1 0.6560592 0.7547094 0 0 -0.7547094 0.6560592 0 0 0 0 1 0 0 0 0 1 0.6691307 0.7431448 0 0 -0.7431448 0.6691307 0 0 0 0 1 0 0 0 0 1 0.6819984 0.7313536 0 0 -0.7313536 0.6819984 0 0 0 0 1 0 0 0 0 1 0.6946587 0.7193395 0 0 -0.7193395 0.6946587 0 0 0 0 1 0 0 0 0 1 0.7071066 0.7071069 0 0 -0.7071069 0.7071066 0 0 0 0 1 0 0 0 0 1 0.71934 0.6946582 0 0 -0.6946582 0.71934 0 0 0 0 1 0 0 0 0 1 0.7313538 0.6819983 0 0 -0.6819983 0.7313538 0 0 0 0 1 0 0 0 0 1 0.7431449 0.6691306 0 0 -0.6691306 0.7431449 0 0 0 0 1 0 0 0 0 1 0.7547098 0.6560587 0 0 -0.6560587 0.7547098 0 0 0 0 1 0 0 0 0 1 0.7660446 0.6427874 0 0 -0.6427874 0.7660446 0 0 0 0 1 0 0 0 0 1 0.7771461 0.6293202 0 0 -0.6293202 0.7771461 0 0 0 0 1 0 0 0 0 1 0.7880108 0.6156614 0 0 -0.6156614 0.7880108 0 0 0 0 1 0 0 0 0 1 0.7986355 0.601815 0 0 -0.601815 0.7986355 0 0 0 0 1 0 0 0 0 1 0.8090169 0.5877853 0 0 -0.5877853 0.8090169 0 0 0 0 1 0 0 0 0 1 0.8191522 0.5735762 0 0 -0.5735762 0.8191522 0 0 0 0 1 0 0 0 0 1 0.8290374 0.5591931 0 0 -0.5591931 0.8290374 0 0 0 0 1 0 0 0 0 1 0.8386706 0.5446389 0 0 -0.5446389 0.8386706 0 0 0 0 1 0 0 0 0 1 0.8480481 0.5299193 0 0 -0.5299193 0.8480481 0 0 0 0 1 0 0 0 0 1 0.8571672 0.5150381 0 0 -0.5150381 0.8571672 0 0 0 0 1 0 0 0 0 1 0.8660256 0.4999998 0 0 -0.4999998 0.8660256 0 0 0 0 1 0 0 0 0 1 0.8746198 0.4848095 0 0 -0.4848095 0.8746198 0 0 0 0 1 0 0 0 0 1 0.8829476 0.4694715 0 0 -0.4694715 0.8829476 0 0 0 0 1 0 0 0 0 1 0.8910065 0.4539905 0 0 -0.4539905 0.8910065 0 0 0 0 1 0 0 0 0 1 0.8987942 0.4383708 0 0 -0.4383708 0.8987942 0 0 0 0 1 0 0 0 0 1 0.9063079 0.422618 0 0 -0.422618 0.9063079 0 0 0 0 1 0 0 0 0 1 0.9135455 0.4067365 0 0 -0.4067365 0.9135455 0 0 0 0 1 0 0 0 0 1 0.920505 0.3907306 0 0 -0.3907306 0.920505 0 0 0 0 1 0 0 0 0 1 0.927184 0.3746062 0 0 -0.3746062 0.927184 0 0 0 0 1 0 0 0 0 1 0.9335806 0.3583676 0 0 -0.3583676 0.9335806 0 0 0 0 1 0 0 0 0 1 0.9396926 0.3420204 0 0 -0.3420204 0.9396926 0 0 0 0 1 0 0 0 0 1 0.9455186 0.325568 0 0 -0.325568 0.9455186 0 0 0 0 1 0 0 0 0 1 0.9510565 0.3090169 0 0 -0.3090169 0.9510565 0 0 0 0 1 0 0 0 0 1 0.9563047 0.2923717 0 0 -0.2923717 0.9563047 0 0 0 0 1 0 0 0 0 1 0.9612616 0.2756375 0 0 -0.2756375 0.9612616 0 0 0 0 1 0 0 0 0 1 0.9659259 0.2588188 0 0 -0.2588188 0.9659259 0 0 0 0 1 0 0 0 0 1 0.9702958 0.2419218 0 0 -0.2419218 0.9702958 0 0 0 0 1 0 0 0 0 1 0.9743701 0.224951 0 0 -0.224951 0.9743701 0 0 0 0 1 0 0 0 0 1 0.9781477 0.2079113 0 0 -0.2079113 0.9781477 0 0 0 0 1 0 0 0 0 1 0.9816272 0.1908087 0 0 -0.1908087 0.9816272 0 0 0 0 1 0 0 0 0 1 0.9848078 0.173648 0 0 -0.173648 0.9848078 0 0 0 0 1 0 0 0 0 1 0.9876884 0.1564339 0 0 -0.1564339 0.9876884 0 0 0 0 1 0 0 0 0 1 0.9902681 0.1391726 0 0 -0.1391726 0.9902681 0 0 0 0 1 0 0 0 0 1 0.9925461 0.1218694 0 0 -0.1218694 0.9925461 0 0 0 0 1 0 0 0 0 1 0.9945219 0.1045287 0 0 -0.1045287 0.9945219 0 0 0 0 1 0 0 0 0 1 0.9961947 0.08715603 0 0 -0.08715603 0.9961947 0 0 0 0 1 0 0 0 0 1 0.9975641 0.06975638 0 0 -0.06975638 0.9975641 0 0 0 0 1 0 0 0 0 1 0.9986295 0.05233596 0 0 -0.05233596 0.9986295 0 0 0 0 1 0 0 0 0 1 0.9993908 0.0348996 0 0 -0.0348996 0.9993908 0 0 0 0 1 0 0 0 0 1 0.9998477 0.01745213 0 0 -0.01745213 0.9998477 0 0 0 0 1 0 0 0 0 1 1 -1.74846e-7 0 0 1.74846e-7 1 0 0 0 0 1 0 0 0 0 1</float_array>
          <technique_common>
            <accessor source="#_0250410_110052_D_12_5_k_7_Area6_str_003_20250410_110052_D_12_5_k_7_Area6_str_001Action_009_transform-output-array" count="361" stride="16">
              <param name="TRANSFORM" type="float4x4"/>
            </accessor>
          </technique_common>
        </source>
        <source id="_0250410_110052_D_12_5_k_7_Area6_str_003_20250410_110052_D_12_5_k_7_Area6_str_001Action_009_transform-interpolation">
          <Name_array id="_0250410_110052_D_12_5_k_7_Area6_str_003_20250410_110052_D_12_5_k_7_Area6_str_001Action_009_transform-interpolation-array" count="361">LINEAR LINEAR LINEAR LINEAR LINEAR LINEAR LINEAR LINEAR LINEAR LINEAR LINEAR LINEAR LINEAR LINEAR LINEAR LINEAR LINEAR LINEAR LINEAR LINEAR LINEAR LINEAR LINEAR LINEAR LINEAR LINEAR LINEAR LINEAR LINEAR LINEAR LINEAR LINEAR LINEAR LINEAR LINEAR LINEAR LINEAR LINEAR LINEAR LINEAR LINEAR LINEAR LINEAR LINEAR LINEAR LINEAR LINEAR LINEAR LINEAR LINEAR LINEAR LINEAR LINEAR LINEAR LINEAR LINEAR LINEAR LINEAR LINEAR LINEAR LINEAR LINEAR LINEAR LINEAR LINEAR LINEAR LINEAR LINEAR LINEAR LINEAR LINEAR LINEAR LINEAR LINEAR LINEAR LINEAR LINEAR LINEAR LINEAR LINEAR LINEAR LINEAR LINEAR LINEAR LINEAR LINEAR LINEAR LINEAR LINEAR LINEAR LINEAR LINEAR LINEAR LINEAR LINEAR LINEAR LINEAR LINEAR LINEAR LINEAR LINEAR LINEAR LINEAR LINEAR LINEAR LINEAR LINEAR LINEAR LINEAR LINEAR LINEAR LINEAR LINEAR LINEAR LINEAR LINEAR LINEAR LINEAR LINEAR LINEAR LINEAR LINEAR LINEAR LINEAR LINEAR LINEAR LINEAR LINEAR LINEAR LINEAR LINEAR LINEAR LINEAR LINEAR LINEAR LINEAR LINEAR LINEAR LINEAR LINEAR LINEAR LINEAR LINEAR LINEAR LINEAR LINEAR LINEAR LINEAR LINEAR LINEAR LINEAR LINEAR LINEAR LINEAR LINEAR LINEAR LINEAR LINEAR LINEAR LINEAR LINEAR LINEAR LINEAR LINEAR LINEAR LINEAR LINEAR LINEAR LINEAR LINEAR LINEAR LINEAR LINEAR LINEAR LINEAR LINEAR LINEAR LINEAR LINEAR LINEAR LINEAR LINEAR LINEAR LINEAR LINEAR LINEAR LINEAR LINEAR LINEAR LINEAR LINEAR LINEAR LINEAR LINEAR LINEAR LINEAR LINEAR LINEAR LINEAR LINEAR LINEAR LINEAR LINEAR LINEAR LINEAR LINEAR LINEAR LINEAR LINEAR LINEAR LINEAR LINEAR LINEAR LINEAR LINEAR LINEAR LINEAR LINEAR LINEAR LINEAR LINEAR LINEAR LINEAR LINEAR LINEAR LINEAR LINEAR LINEAR LINEAR LINEAR LINEAR LINEAR LINEAR LINEAR LINEAR LINEAR LINEAR LINEAR LINEAR LINEAR LINEAR LINEAR LINEAR LINEAR LINEAR LINEAR LINEAR LINEAR LINEAR LINEAR LINEAR LINEAR LINEAR LINEAR LINEAR LINEAR LINEAR LINEAR LINEAR LINEAR LINEAR LINEAR LINEAR LINEAR LINEAR LINEAR LINEAR LINEAR LINEAR LINEAR LINEAR LINEAR LINEAR LINEAR LINEAR LINEAR LINEAR LINEAR LINEAR LINEAR LINEAR LINEAR LINEAR LINEAR LINEAR LINEAR LINEAR LINEAR LINEAR LINEAR LINEAR LINEAR LINEAR LINEAR LINEAR LINEAR LINEAR LINEAR LINEAR LINEAR LINEAR LINEAR LINEAR LINEAR LINEAR LINEAR LINEAR LINEAR LINEAR LINEAR LINEAR LINEAR LINEAR LINEAR LINEAR LINEAR LINEAR LINEAR LINEAR LINEAR LINEAR LINEAR LINEAR LINEAR LINEAR LINEAR LINEAR LINEAR LINEAR LINEAR LINEAR LINEAR LINEAR LINEAR LINEAR LINEAR LINEAR LINEAR LINEAR LINEAR LINEAR LINEAR LINEAR LINEAR LINEAR LINEAR LINEAR LINEAR LINEAR LINEAR LINEAR LINEAR LINEAR LINEAR LINEAR LINEAR LINEAR LINEAR LINEAR LINEAR LINEAR</Name_array>
          <technique_common>
            <accessor source="#_0250410_110052_D_12_5_k_7_Area6_str_003_20250410_110052_D_12_5_k_7_Area6_str_001Action_009_transform-interpolation-array" count="361" stride="1">
              <param name="INTERPOLATION" type="name"/>
            </accessor>
          </technique_common>
        </source>
        <sampler id="_0250410_110052_D_12_5_k_7_Area6_str_003_20250410_110052_D_12_5_k_7_Area6_str_001Action_009_transform-sampler">
          <input semantic="INPUT" source="#_0250410_110052_D_12_5_k_7_Area6_str_003_20250410_110052_D_12_5_k_7_Area6_str_001Action_009_transform-input"/>
          <input semantic="OUTPUT" source="#_0250410_110052_D_12_5_k_7_Area6_str_003_20250410_110052_D_12_5_k_7_Area6_str_001Action_009_transform-output"/>
          <input semantic="INTERPOLATION" source="#_0250410_110052_D_12_5_k_7_Area6_str_003_20250410_110052_D_12_5_k_7_Area6_str_001Action_009_transform-interpolation"/>
        </sampler>
        <channel source="#_0250410_110052_D_12_5_k_7_Area6_str_003_20250410_110052_D_12_5_k_7_Area6_str_001Action_009_transform-sampler" target="_0250410_110052_D_12_5_k_7_Area6_str_003/transform"/>
      </animation>
    </animation>
    <animation id="action_container-_0250411_112040_D_12_5_k_7_Area1_str_outline_002" name="20250411_112040_D=12.5_k=7_Area1_str_outline.002">
      <animation id="_0250411_112040_D_12_5_k_7_Area1_str_outline_002_20250411_112040_D_12_5_k_7_Area1_str_outlineAction_009_transform" name="20250411_112040_D=12.5_k=7_Area1_str_outline.002">
        <source id="_0250411_112040_D_12_5_k_7_Area1_str_outline_002_20250411_112040_D_12_5_k_7_Area1_str_outlineAction_009_transform-input">
          <float_array id="_0250411_112040_D_12_5_k_7_Area1_str_outline_002_20250411_112040_D_12_5_k_7_Area1_str_outlineAction_009_transform-input-array" count="361">0 0.04166662 0.08333331 0.125 0.1666666 0.2083333 0.25 0.2916666 0.3333333 0.375 0.4166666 0.4583333 0.5 0.5416667 0.5833333 0.625 0.6666667 0.7083333 0.75 0.7916667 0.8333333 0.875 0.9166667 0.9583333 1 1.041667 1.083333 1.125 1.166667 1.208333 1.25 1.291667 1.333333 1.375 1.416667 1.458333 1.5 1.541667 1.583333 1.625 1.666667 1.708333 1.75 1.791667 1.833333 1.875 1.916667 1.958333 2 2.041667 2.083333 2.125 2.166667 2.208333 2.25 2.291667 2.333333 2.375 2.416667 2.458333 2.5 2.541667 2.583333 2.625 2.666667 2.708333 2.75 2.791667 2.833333 2.875 2.916667 2.958333 3 3.041667 3.083333 3.125 3.166667 3.208333 3.25 3.291667 3.333333 3.375 3.416667 3.458333 3.5 3.541667 3.583333 3.625 3.666667 3.708333 3.75 3.791667 3.833333 3.875 3.916667 3.958333 4 4.041666 4.083333 4.125 4.166666 4.208333 4.25 4.291666 4.333333 4.375 4.416666 4.458333 4.5 4.541666 4.583333 4.625 4.666666 4.708333 4.75 4.791666 4.833333 4.875 4.916666 4.958333 5 5.041666 5.083333 5.125 5.166666 5.208333 5.25 5.291666 5.333333 5.375 5.416666 5.458333 5.5 5.541666 5.583333 5.625 5.666666 5.708333 5.75 5.791666 5.833333 5.875 5.916666 5.958333 6 6.041666 6.083333 6.125 6.166666 6.208333 6.25 6.291666 6.333333 6.375 6.416666 6.458333 6.5 6.541666 6.583333 6.625 6.666666 6.708333 6.75 6.791666 6.833333 6.875 6.916666 6.958333 7 7.041666 7.083333 7.125 7.166666 7.208333 7.25 7.291666 7.333333 7.375 7.416666 7.458333 7.5 7.541666 7.583333 7.625 7.666666 7.708333 7.75 7.791666 7.833333 7.875 7.916666 7.958333 8 8.041667 8.083333 8.125 8.166667 8.208333 8.25 8.291667 8.333333 8.375 8.416667 8.458333 8.5 8.541667 8.583333 8.625 8.666667 8.708333 8.75 8.791667 8.833333 8.875 8.916667 8.958333 9 9.041667 9.083333 9.125 9.166667 9.208333 9.25 9.291667 9.333333 9.375 9.416667 9.458333 9.5 9.541667 9.583333 9.625 9.666667 9.708333 9.75 9.791667 9.833333 9.875 9.916667 9.958333 10 10.04167 10.08333 10.125 10.16667 10.20833 10.25 10.29167 10.33333 10.375 10.41667 10.45833 10.5 10.54167 10.58333 10.625 10.66667 10.70833 10.75 10.79167 10.83333 10.875 10.91667 10.95833 11 11.04167 11.08333 11.125 11.16667 11.20833 11.25 11.29167 11.33333 11.375 11.41667 11.45833 11.5 11.54167 11.58333 11.625 11.66667 11.70833 11.75 11.79167 11.83333 11.875 11.91667 11.95833 12 12.04167 12.08333 12.125 12.16667 12.20833 12.25 12.29167 12.33333 12.375 12.41667 12.45833 12.5 12.54167 12.58333 12.625 12.66667 12.70833 12.75 12.79167 12.83333 12.875 12.91667 12.95833 13 13.04167 13.08333 13.125 13.16667 13.20833 13.25 13.29167 13.33333 13.375 13.41667 13.45833 13.5 13.54167 13.58333 13.625 13.66667 13.70833 13.75 13.79167 13.83333 13.875 13.91667 13.95833 14 14.04167 14.08333 14.125 14.16667 14.20833 14.25 14.29167 14.33333 14.375 14.41667 14.45833 14.5 14.54167 14.58333 14.625 14.66667 14.70833 14.75 14.79167 14.83333 14.875 14.91667 14.95833 15</float_array>
          <technique_common>
            <accessor source="#_0250411_112040_D_12_5_k_7_Area1_str_outline_002_20250411_112040_D_12_5_k_7_Area1_str_outlineAction_009_transform-input-array" count="361" stride="1">
              <param name="TIME" type="float"/>
            </accessor>
          </technique_common>
        </source>
        <source id="_0250411_112040_D_12_5_k_7_Area1_str_outline_002_20250411_112040_D_12_5_k_7_Area1_str_outlineAction_009_transform-output">
          <float_array id="_0250411_112040_D_12_5_k_7_Area1_str_outline_002_20250411_112040_D_12_5_k_7_Area1_str_outlineAction_009_transform-output-array" count="5776">1 0 0 0 0 1 0 0 0 0 1 0 0 0 0 1 0.9998477 -0.01745241 0 0 0.01745241 0.9998477 0 0 0 0 1 0 0 0 0 1 0.9993908 -0.0348995 0 0 0.0348995 0.9993908 0 0 0 0 1 0 0 0 0 1 0.9986295 -0.05233596 0 0 0.05233596 0.9986295 0 0 0 0 1 0 0 0 0 1 0.9975641 -0.06975647 0 0 0.06975647 0.9975641 0 0 0 0 1 0 0 0 0 1 0.9961947 -0.08715574 0 0 0.08715574 0.9961947 0 0 0 0 1 0 0 0 0 1 0.9945219 -0.1045285 0 0 0.1045285 0.9945219 0 0 0 0 1 0 0 0 0 1 0.9925461 -0.1218693 0 0 0.1218693 0.9925461 0 0 0 0 1 0 0 0 0 1 0.9902681 -0.1391731 0 0 0.1391731 0.9902681 0 0 0 0 1 0 0 0 0 1 0.9876884 -0.1564345 0 0 0.1564345 0.9876884 0 0 0 0 1 0 0 0 0 1 0.9848077 -0.1736482 0 0 0.1736482 0.9848077 0 0 0 0 1 0 0 0 0 1 0.9816272 -0.190809 0 0 0.190809 0.9816272 0 0 0 0 1 0 0 0 0 1 0.9781476 -0.2079117 0 0 0.2079117 0.9781476 0 0 0 0 1 0 0 0 0 1 0.9743701 -0.2249511 0 0 0.2249511 0.9743701 0 0 0 0 1 0 0 0 0 1 0.9702957 -0.2419219 0 0 0.2419219 0.9702957 0 0 0 0 1 0 0 0 0 1 0.9659258 -0.258819 0 0 0.258819 0.9659258 0 0 0 0 1 0 0 0 0 1 0.9612617 -0.2756374 0 0 0.2756374 0.9612617 0 0 0 0 1 0 0 0 0 1 0.9563047 -0.2923717 0 0 0.2923717 0.9563047 0 0 0 0 1 0 0 0 0 1 0.9510565 -0.309017 0 0 0.309017 0.9510565 0 0 0 0 1 0 0 0 0 1 0.9455186 -0.3255681 0 0 0.3255681 0.9455186 0 0 0 0 1 0 0 0 0 1 0.9396926 -0.3420202 0 0 0.3420202 0.9396926 0 0 0 0 1 0 0 0 0 1 0.9335804 -0.3583679 0 0 0.3583679 0.9335804 0 0 0 0 1 0 0 0 0 1 0.9271839 -0.3746066 0 0 0.3746066 0.9271839 0 0 0 0 1 0 0 0 0 1 0.9205049 -0.3907311 0 0 0.3907311 0.9205049 0 0 0 0 1 0 0 0 0 1 0.9135454 -0.4067366 0 0 0.4067366 0.9135454 0 0 0 0 1 0 0 0 0 1 0.9063078 -0.4226183 0 0 0.4226183 0.9063078 0 0 0 0 1 0 0 0 0 1 0.8987941 -0.4383712 0 0 0.4383712 0.8987941 0 0 0 0 1 0 0 0 0 1 0.8910065 -0.4539905 0 0 0.4539905 0.8910065 0 0 0 0 1 0 0 0 0 1 0.8829476 -0.4694716 0 0 0.4694716 0.8829476 0 0 0 0 1 0 0 0 0 1 0.8746197 -0.4848096 0 0 0.4848096 0.8746197 0 0 0 0 1 0 0 0 0 1 0.8660254 -0.5 0 0 0.5 0.8660254 0 0 0 0 1 0 0 0 0 1 0.8571673 -0.5150381 0 0 0.5150381 0.8571673 0 0 0 0 1 0 0 0 0 1 0.8480481 -0.5299193 0 0 0.5299193 0.8480481 0 0 0 0 1 0 0 0 0 1 0.8386706 -0.5446391 0 0 0.5446391 0.8386706 0 0 0 0 1 0 0 0 0 1 0.8290375 -0.559193 0 0 0.559193 0.8290375 0 0 0 0 1 0 0 0 0 1 0.819152 -0.5735765 0 0 0.5735765 0.819152 0 0 0 0 1 0 0 0 0 1 0.809017 -0.5877852 0 0 0.5877852 0.809017 0 0 0 0 1 0 0 0 0 1 0.7986355 -0.601815 0 0 0.601815 0.7986355 0 0 0 0 1 0 0 0 0 1 0.7880108 -0.6156615 0 0 0.6156615 0.7880108 0 0 0 0 1 0 0 0 0 1 0.7771459 -0.6293204 0 0 0.6293204 0.7771459 0 0 0 0 1 0 0 0 0 1 0.7660444 -0.6427876 0 0 0.6427876 0.7660444 0 0 0 0 1 0 0 0 0 1 0.7547096 -0.656059 0 0 0.656059 0.7547096 0 0 0 0 1 0 0 0 0 1 0.7431448 -0.6691306 0 0 0.6691306 0.7431448 0 0 0 0 1 0 0 0 0 1 0.7313537 -0.6819984 0 0 0.6819984 0.7313537 0 0 0 0 1 0 0 0 0 1 0.7193397 -0.6946584 0 0 0.6946584 0.7193397 0 0 0 0 1 0 0 0 0 1 0.7071068 -0.7071068 0 0 0.7071068 0.7071068 0 0 0 0 1 0 0 0 0 1 0.6946584 -0.7193398 0 0 0.7193398 0.6946584 0 0 0 0 1 0 0 0 0 1 0.6819983 -0.7313538 0 0 0.7313538 0.6819983 0 0 0 0 1 0 0 0 0 1 0.6691306 -0.7431449 0 0 0.7431449 0.6691306 0 0 0 0 1 0 0 0 0 1 0.656059 -0.7547096 0 0 0.7547096 0.656059 0 0 0 0 1 0 0 0 0 1 0.6427876 -0.7660444 0 0 0.7660444 0.6427876 0 0 0 0 1 0 0 0 0 1 0.6293203 -0.777146 0 0 0.777146 0.6293203 0 0 0 0 1 0 0 0 0 1 0.6156614 -0.7880108 0 0 0.7880108 0.6156614 0 0 0 0 1 0 0 0 0 1 0.601815 -0.7986355 0 0 0.7986355 0.601815 0 0 0 0 1 0 0 0 0 1 0.5877852 -0.809017 0 0 0.809017 0.5877852 0 0 0 0 1 0 0 0 0 1 0.5735765 -0.8191521 0 0 0.8191521 0.5735765 0 0 0 0 1 0 0 0 0 1 0.5591928 -0.8290376 0 0 0.8290376 0.5591928 0 0 0 0 1 0 0 0 0 1 0.544639 -0.8386706 0 0 0.8386706 0.544639 0 0 0 0 1 0 0 0 0 1 0.5299193 -0.8480481 0 0 0.8480481 0.5299193 0 0 0 0 1 0 0 0 0 1 0.5150381 -0.8571673 0 0 0.8571673 0.5150381 0 0 0 0 1 0 0 0 0 1 0.5 -0.8660254 0 0 0.8660254 0.5 0 0 0 0 1 0 0 0 0 1 0.4848096 -0.8746197 0 0 0.8746197 0.4848096 0 0 0 0 1 0 0 0 0 1 0.4694715 -0.8829476 0 0 0.8829476 0.4694715 0 0 0 0 1 0 0 0 0 1 0.4539904 -0.8910066 0 0 0.8910066 0.4539904 0 0 0 0 1 0 0 0 0 1 0.4383712 -0.8987941 0 0 0.8987941 0.4383712 0 0 0 0 1 0 0 0 0 1 0.4226182 -0.9063078 0 0 0.9063078 0.4226182 0 0 0 0 1 0 0 0 0 1 0.4067366 -0.9135455 0 0 0.9135455 0.4067366 0 0 0 0 1 0 0 0 0 1 0.3907311 -0.9205049 0 0 0.9205049 0.3907311 0 0 0 0 1 0 0 0 0 1 0.3746065 -0.9271839 0 0 0.9271839 0.3746065 0 0 0 0 1 0 0 0 0 1 0.358368 -0.9335804 0 0 0.9335804 0.358368 0 0 0 0 1 0 0 0 0 1 0.34202 -0.9396927 0 0 0.9396927 0.34202 0 0 0 0 1 0 0 0 0 1 0.3255681 -0.9455186 0 0 0.9455186 0.3255681 0 0 0 0 1 0 0 0 0 1 0.309017 -0.9510565 0 0 0.9510565 0.309017 0 0 0 0 1 0 0 0 0 1 0.2923717 -0.9563048 0 0 0.9563048 0.2923717 0 0 0 0 1 0 0 0 0 1 0.2756373 -0.9612617 0 0 0.9612617 0.2756373 0 0 0 0 1 0 0 0 0 1 0.258819 -0.9659259 0 0 0.9659259 0.258819 0 0 0 0 1 0 0 0 0 1 0.2419219 -0.9702957 0 0 0.9702957 0.2419219 0 0 0 0 1 0 0 0 0 1 0.224951 -0.9743701 0 0 0.9743701 0.224951 0 0 0 0 1 0 0 0 0 1 0.2079117 -0.9781476 0 0 0.9781476 0.2079117 0 0 0 0 1 0 0 0 0 1 0.1908089 -0.9816272 0 0 0.9816272 0.1908089 0 0 0 0 1 0 0 0 0 1 0.1736481 -0.9848078 0 0 0.9848078 0.1736481 0 0 0 0 1 0 0 0 0 1 0.1564345 -0.9876884 0 0 0.9876884 0.1564345 0 0 0 0 1 0 0 0 0 1 0.1391731 -0.9902681 0 0 0.9902681 0.1391731 0 0 0 0 1 0 0 0 0 1 0.1218693 -0.9925461 0 0 0.9925461 0.1218693 0 0 0 0 1 0 0 0 0 1 0.1045284 -0.9945219 0 0 0.9945219 0.1045284 0 0 0 0 1 0 0 0 0 1 0.0871558 -0.9961947 0 0 0.9961947 0.0871558 0 0 0 0 1 0 0 0 0 1 0.06975651 -0.9975641 0 0 0.9975641 0.06975651 0 0 0 0 1 0 0 0 0 1 0.05233585 -0.9986295 0 0 0.9986295 0.05233585 0 0 0 0 1 0 0 0 0 1 0.03489938 -0.9993908 0 0 0.9993908 0.03489938 0 0 0 0 1 0 0 0 0 1 0.01745238 -0.9998477 0 0 0.9998477 0.01745238 0 0 0 0 1 0 0 0 0 1 -4.37114e-8 -1 0 0 1 -4.37114e-8 0 0 0 0 1 0 0 0 0 1 -0.01745247 -0.9998477 0 0 0.9998477 -0.01745247 0 0 0 0 1 0 0 0 0 1 -0.03489946 -0.9993908 0 0 0.9993908 -0.03489946 0 0 0 0 1 0 0 0 0 1 -0.05233594 -0.9986295 0 0 0.9986295 -0.05233594 0 0 0 0 1 0 0 0 0 1 -0.0697566 -0.997564 0 0 0.997564 -0.0697566 0 0 0 0 1 0 0 0 0 1 -0.08715589 -0.9961947 0 0 0.9961947 -0.08715589 0 0 0 0 1 0 0 0 0 1 -0.1045285 -0.9945219 0 0 0.9945219 -0.1045285 0 0 0 0 1 0 0 0 0 1 -0.1218694 -0.9925461 0 0 0.9925461 -0.1218694 0 0 0 0 1 0 0 0 0 1 -0.1391732 -0.9902681 0 0 0.9902681 -0.1391732 0 0 0 0 1 0 0 0 0 1 -0.1564344 -0.9876884 0 0 0.9876884 -0.1564344 0 0 0 0 1 0 0 0 0 1 -0.1736482 -0.9848077 0 0 0.9848077 -0.1736482 0 0 0 0 1 0 0 0 0 1 -0.190809 -0.9816272 0 0 0.9816272 -0.190809 0 0 0 0 1 0 0 0 0 1 -0.2079118 -0.9781476 0 0 0.9781476 -0.2079118 0 0 0 0 1 0 0 0 0 1 -0.2249511 -0.9743701 0 0 0.9743701 -0.2249511 0 0 0 0 1 0 0 0 0 1 -0.241922 -0.9702957 0 0 0.9702957 -0.241922 0 0 0 0 1 0 0 0 0 1 -0.2588192 -0.9659258 0 0 0.9659258 -0.2588192 0 0 0 0 1 0 0 0 0 1 -0.2756374 -0.9612617 0 0 0.9612617 -0.2756374 0 0 0 0 1 0 0 0 0 1 -0.2923717 -0.9563047 0 0 0.9563047 -0.2923717 0 0 0 0 1 0 0 0 0 1 -0.309017 -0.9510565 0 0 0.9510565 -0.309017 0 0 0 0 1 0 0 0 0 1 -0.3255681 -0.9455186 0 0 0.9455186 -0.3255681 0 0 0 0 1 0 0 0 0 1 -0.3420201 -0.9396926 0 0 0.9396926 -0.3420201 0 0 0 0 1 0 0 0 0 1 -0.3583681 -0.9335804 0 0 0.9335804 -0.3583681 0 0 0 0 1 0 0 0 0 1 -0.3746067 -0.9271838 0 0 0.9271838 -0.3746067 0 0 0 0 1 0 0 0 0 1 -0.3907312 -0.9205049 0 0 0.9205049 -0.3907312 0 0 0 0 1 0 0 0 0 1 -0.4067367 -0.9135454 0 0 0.9135454 -0.4067367 0 0 0 0 1 0 0 0 0 1 -0.4226183 -0.9063078 0 0 0.9063078 -0.4226183 0 0 0 0 1 0 0 0 0 1 -0.4383711 -0.8987941 0 0 0.8987941 -0.4383711 0 0 0 0 1 0 0 0 0 1 -0.4539906 -0.8910065 0 0 0.8910065 -0.4539906 0 0 0 0 1 0 0 0 0 1 -0.4694716 -0.8829476 0 0 0.8829476 -0.4694716 0 0 0 0 1 0 0 0 0 1 -0.4848098 -0.8746196 0 0 0.8746196 -0.4848098 0 0 0 0 1 0 0 0 0 1 -0.5000001 -0.8660254 0 0 0.8660254 -0.5000001 0 0 0 0 1 0 0 0 0 1 -0.515038 -0.8571673 0 0 0.8571673 -0.515038 0 0 0 0 1 0 0 0 0 1 -0.5299193 -0.848048 0 0 0.848048 -0.5299193 0 0 0 0 1 0 0 0 0 1 -0.5446391 -0.8386706 0 0 0.8386706 -0.5446391 0 0 0 0 1 0 0 0 0 1 -0.559193 -0.8290375 0 0 0.8290375 -0.559193 0 0 0 0 1 0 0 0 0 1 -0.5735765 -0.819152 0 0 0.819152 -0.5735765 0 0 0 0 1 0 0 0 0 1 -0.5877854 -0.8090169 0 0 0.8090169 -0.5877854 0 0 0 0 1 0 0 0 0 1 -0.6018151 -0.7986355 0 0 0.7986355 -0.6018151 0 0 0 0 1 0 0 0 0 1 -0.6156614 -0.7880108 0 0 0.7880108 -0.6156614 0 0 0 0 1 0 0 0 0 1 -0.6293205 -0.7771459 0 0 0.7771459 -0.6293205 0 0 0 0 1 0 0 0 0 1 -0.6427876 -0.7660444 0 0 0.7660444 -0.6427876 0 0 0 0 1 0 0 0 0 1 -0.656059 -0.7547096 0 0 0.7547096 -0.656059 0 0 0 0 1 0 0 0 0 1 -0.6691307 -0.7431448 0 0 0.7431448 -0.6691307 0 0 0 0 1 0 0 0 0 1 -0.6819985 -0.7313536 0 0 0.7313536 -0.6819985 0 0 0 0 1 0 0 0 0 1 -0.6946585 -0.7193397 0 0 0.7193397 -0.6946585 0 0 0 0 1 0 0 0 0 1 -0.7071068 -0.7071068 0 0 0.7071068 -0.7071068 0 0 0 0 1 0 0 0 0 1 -0.7193399 -0.6946583 0 0 0.6946583 -0.7193399 0 0 0 0 1 0 0 0 0 1 -0.7313538 -0.6819983 0 0 0.6819983 -0.7313538 0 0 0 0 1 0 0 0 0 1 -0.7431448 -0.6691306 0 0 0.6691306 -0.7431448 0 0 0 0 1 0 0 0 0 1 -0.7547097 -0.656059 0 0 0.656059 -0.7547097 0 0 0 0 1 0 0 0 0 1 -0.7660446 -0.6427875 0 0 0.6427875 -0.7660446 0 0 0 0 1 0 0 0 0 1 -0.777146 -0.6293203 0 0 0.6293203 -0.777146 0 0 0 0 1 0 0 0 0 1 -0.7880108 -0.6156614 0 0 0.6156614 -0.7880108 0 0 0 0 1 0 0 0 0 1 -0.7986356 -0.6018149 0 0 0.6018149 -0.7986356 0 0 0 0 1 0 0 0 0 1 -0.8090171 -0.5877852 0 0 0.5877852 -0.8090171 0 0 0 0 1 0 0 0 0 1 -0.8191521 -0.5735765 0 0 0.5735765 -0.8191521 0 0 0 0 1 0 0 0 0 1 -0.8290376 -0.5591928 0 0 0.5591928 -0.8290376 0 0 0 0 1 0 0 0 0 1 -0.8386707 -0.5446388 0 0 0.5446388 -0.8386707 0 0 0 0 1 0 0 0 0 1 -0.8480482 -0.5299191 0 0 0.5299191 -0.8480482 0 0 0 0 1 0 0 0 0 1 -0.8571673 -0.515038 0 0 0.515038 -0.8571673 0 0 0 0 1 0 0 0 0 1 -0.8660255 -0.4999998 0 0 0.4999998 -0.8660255 0 0 0 0 1 0 0 0 0 1 -0.8746198 -0.4848095 0 0 0.4848095 -0.8746198 0 0 0 0 1 0 0 0 0 1 -0.8829476 -0.4694716 0 0 0.4694716 -0.8829476 0 0 0 0 1 0 0 0 0 1 -0.8910066 -0.4539904 0 0 0.4539904 -0.8910066 0 0 0 0 1 0 0 0 0 1 -0.8987941 -0.4383711 0 0 0.4383711 -0.8987941 0 0 0 0 1 0 0 0 0 1 -0.9063078 -0.4226183 0 0 0.4226183 -0.9063078 0 0 0 0 1 0 0 0 0 1 -0.9135455 -0.4067366 0 0 0.4067366 -0.9135455 0 0 0 0 1 0 0 0 0 1 -0.9205049 -0.3907309 0 0 0.3907309 -0.9205049 0 0 0 0 1 0 0 0 0 1 -0.9271839 -0.3746065 0 0 0.3746065 -0.9271839 0 0 0 0 1 0 0 0 0 1 -0.9335805 -0.3583679 0 0 0.3583679 -0.9335805 0 0 0 0 1 0 0 0 0 1 -0.9396927 -0.34202 0 0 0.34202 -0.9396927 0 0 0 0 1 0 0 0 0 1 -0.9455186 -0.3255681 0 0 0.3255681 -0.9455186 0 0 0 0 1 0 0 0 0 1 -0.9510565 -0.309017 0 0 0.309017 -0.9510565 0 0 0 0 1 0 0 0 0 1 -0.9563047 -0.2923718 0 0 0.2923718 -0.9563047 0 0 0 0 1 0 0 0 0 1 -0.9612617 -0.2756374 0 0 0.2756374 -0.9612617 0 0 0 0 1 0 0 0 0 1 -0.9659259 -0.2588189 0 0 0.2588189 -0.9659259 0 0 0 0 1 0 0 0 0 1 -0.9702957 -0.2419219 0 0 0.2419219 -0.9702957 0 0 0 0 1 0 0 0 0 1 -0.9743701 -0.2249509 0 0 0.2249509 -0.9743701 0 0 0 0 1 0 0 0 0 1 -0.9781476 -0.2079116 0 0 0.2079116 -0.9781476 0 0 0 0 1 0 0 0 0 1 -0.9816272 -0.1908088 0 0 0.1908088 -0.9816272 0 0 0 0 1 0 0 0 0 1 -0.9848077 -0.1736483 0 0 0.1736483 -0.9848077 0 0 0 0 1 0 0 0 0 1 -0.9876884 -0.1564344 0 0 0.1564344 -0.9876884 0 0 0 0 1 0 0 0 0 1 -0.9902681 -0.1391732 0 0 0.1391732 -0.9902681 0 0 0 0 1 0 0 0 0 1 -0.9925461 -0.1218693 0 0 0.1218693 -0.9925461 0 0 0 0 1 0 0 0 0 1 -0.9945219 -0.1045283 0 0 0.1045283 -0.9945219 0 0 0 0 1 0 0 0 0 1 -0.9961947 -0.08715564 0 0 0.08715564 -0.9961947 0 0 0 0 1 0 0 0 0 1 -0.9975641 -0.06975623 0 0 0.06975623 -0.9975641 0 0 0 0 1 0 0 0 0 1 -0.9986295 -0.05233605 0 0 0.05233605 -0.9986295 0 0 0 0 1 0 0 0 0 1 -0.9993908 -0.03489945 0 0 0.03489945 -0.9993908 0 0 0 0 1 0 0 0 0 1 -0.9998477 -0.01745246 0 0 0.01745246 -0.9998477 0 0 0 0 1 0 0 0 0 1 -1 8.74228e-8 0 0 -8.74228e-8 -1 0 0 0 0 1 0 0 0 0 1 -0.9998477 0.01745263 0 0 -0.01745263 -0.9998477 0 0 0 0 1 0 0 0 0 1 -0.9993908 0.03489963 0 0 -0.03489963 -0.9993908 0 0 0 0 1 0 0 0 0 1 -0.9986295 0.05233622 0 0 -0.05233622 -0.9986295 0 0 0 0 1 0 0 0 0 1 -0.9975641 0.0697564 0 0 -0.0697564 -0.9975641 0 0 0 0 1 0 0 0 0 1 -0.9961947 0.08715581 0 0 -0.08715581 -0.9961947 0 0 0 0 1 0 0 0 0 1 -0.9945219 0.1045284 0 0 -0.1045284 -0.9945219 0 0 0 0 1 0 0 0 0 1 -0.9925461 0.1218695 0 0 -0.1218695 -0.9925461 0 0 0 0 1 0 0 0 0 1 -0.9902681 0.1391733 0 0 -0.1391733 -0.9902681 0 0 0 0 1 0 0 0 0 1 -0.9876883 0.1564346 0 0 -0.1564346 -0.9876883 0 0 0 0 1 0 0 0 0 1 -0.9848077 0.1736485 0 0 -0.1736485 -0.9848077 0 0 0 0 1 0 0 0 0 1 -0.9816272 0.190809 0 0 -0.190809 -0.9816272 0 0 0 0 1 0 0 0 0 1 -0.9781476 0.2079118 0 0 -0.2079118 -0.9781476 0 0 0 0 1 0 0 0 0 1 -0.9743701 0.224951 0 0 -0.224951 -0.9743701 0 0 0 0 1 0 0 0 0 1 -0.9702957 0.241922 0 0 -0.241922 -0.9702957 0 0 0 0 1 0 0 0 0 1 -0.9659258 0.2588193 0 0 -0.2588193 -0.9659258 0 0 0 0 1 0 0 0 0 1 -0.9612616 0.2756375 0 0 -0.2756375 -0.9612616 0 0 0 0 1 0 0 0 0 1 -0.9563047 0.292372 0 0 -0.292372 -0.9563047 0 0 0 0 1 0 0 0 0 1 -0.9510565 0.309017 0 0 -0.309017 -0.9510565 0 0 0 0 1 0 0 0 0 1 -0.9455186 0.3255683 0 0 -0.3255683 -0.9455186 0 0 0 0 1 0 0 0 0 1 -0.9396926 0.3420202 0 0 -0.3420202 -0.9396926 0 0 0 0 1 0 0 0 0 1 -0.9335804 0.3583681 0 0 -0.3583681 -0.9335804 0 0 0 0 1 0 0 0 0 1 -0.9271838 0.3746066 0 0 -0.3746066 -0.9271838 0 0 0 0 1 0 0 0 0 1 -0.9205047 0.3907313 0 0 -0.3907313 -0.9205047 0 0 0 0 1 0 0 0 0 1 -0.9135453 0.4067369 0 0 -0.4067369 -0.9135453 0 0 0 0 1 0 0 0 0 1 -0.9063078 0.4226183 0 0 -0.4226183 -0.9063078 0 0 0 0 1 0 0 0 0 1 -0.898794 0.4383713 0 0 -0.4383713 -0.898794 0 0 0 0 1 0 0 0 0 1 -0.8910065 0.4539905 0 0 -0.4539905 -0.8910065 0 0 0 0 1 0 0 0 0 1 -0.8829475 0.4694717 0 0 -0.4694717 -0.8829475 0 0 0 0 1 0 0 0 0 1 -0.8746197 0.4848097 0 0 -0.4848097 -0.8746197 0 0 0 0 1 0 0 0 0 1 -0.8660253 0.5000002 0 0 -0.5000002 -0.8660253 0 0 0 0 1 0 0 0 0 1 -0.8571671 0.5150384 0 0 -0.5150384 -0.8571671 0 0 0 0 1 0 0 0 0 1 -0.8480481 0.5299193 0 0 -0.5299193 -0.8480481 0 0 0 0 1 0 0 0 0 1 -0.8386706 0.544639 0 0 -0.544639 -0.8386706 0 0 0 0 1 0 0 0 0 1 -0.8290375 0.559193 0 0 -0.559193 -0.8290375 0 0 0 0 1 0 0 0 0 1 -0.8191519 0.5735766 0 0 -0.5735766 -0.8191519 0 0 0 0 1 0 0 0 0 1 -0.8090169 0.5877854 0 0 -0.5877854 -0.8090169 0 0 0 0 1 0 0 0 0 1 -0.7986354 0.6018152 0 0 -0.6018152 -0.7986354 0 0 0 0 1 0 0 0 0 1 -0.7880108 0.6156614 0 0 -0.6156614 -0.7880108 0 0 0 0 1 0 0 0 0 1 -0.7771459 0.6293204 0 0 -0.6293204 -0.7771459 0 0 0 0 1 0 0 0 0 1 -0.7660445 0.6427876 0 0 -0.6427876 -0.7660445 0 0 0 0 1 0 0 0 0 1 -0.7547095 0.6560591 0 0 -0.6560591 -0.7547095 0 0 0 0 1 0 0 0 0 1 -0.7431447 0.6691308 0 0 -0.6691308 -0.7431447 0 0 0 0 1 0 0 0 0 1 -0.7313536 0.6819984 0 0 -0.6819984 -0.7313536 0 0 0 0 1 0 0 0 0 1 -0.7193396 0.6946586 0 0 -0.6946586 -0.7193396 0 0 0 0 1 0 0 0 0 1 -0.7071068 0.7071067 0 0 -0.7071067 -0.7071068 0 0 0 0 1 0 0 0 0 1 -0.6946583 0.7193398 0 0 -0.7193398 -0.6946583 0 0 0 0 1 0 0 0 0 1 -0.6819984 0.7313537 0 0 -0.7313537 -0.6819984 0 0 0 0 1 0 0 0 0 1 -0.6691305 0.7431449 0 0 -0.7431449 -0.6691305 0 0 0 0 1 0 0 0 0 1 -0.6560588 0.7547097 0 0 -0.7547097 -0.6560588 0 0 0 0 1 0 0 0 0 1 -0.6427875 0.7660446 0 0 -0.7660446 -0.6427875 0 0 0 0 1 0 0 0 0 1 -0.6293203 0.777146 0 0 -0.777146 -0.6293203 0 0 0 0 1 0 0 0 0 1 -0.6156615 0.7880107 0 0 -0.7880107 -0.6156615 0 0 0 0 1 0 0 0 0 1 -0.6018152 0.7986354 0 0 -0.7986354 -0.6018152 0 0 0 0 1 0 0 0 0 1 -0.5877851 0.8090171 0 0 -0.8090171 -0.5877851 0 0 0 0 1 0 0 0 0 1 -0.5735763 0.8191521 0 0 -0.8191521 -0.5735763 0 0 0 0 1 0 0 0 0 1 -0.5591929 0.8290376 0 0 -0.8290376 -0.5591929 0 0 0 0 1 0 0 0 0 1 -0.5446387 0.8386708 0 0 -0.8386708 -0.5446387 0 0 0 0 1 0 0 0 0 1 -0.529919 0.8480483 0 0 -0.8480483 -0.529919 0 0 0 0 1 0 0 0 0 1 -0.5150383 0.8571672 0 0 -0.8571672 -0.5150383 0 0 0 0 1 0 0 0 0 1 -0.4999999 0.8660254 0 0 -0.8660254 -0.4999999 0 0 0 0 1 0 0 0 0 1 -0.4848096 0.8746197 0 0 -0.8746197 -0.4848096 0 0 0 0 1 0 0 0 0 1 -0.4694716 0.8829476 0 0 -0.8829476 -0.4694716 0 0 0 0 1 0 0 0 0 1 -0.4539902 0.8910066 0 0 -0.8910066 -0.4539902 0 0 0 0 1 0 0 0 0 1 -0.438371 0.8987941 0 0 -0.8987941 -0.438371 0 0 0 0 1 0 0 0 0 1 -0.4226182 0.9063078 0 0 -0.9063078 -0.4226182 0 0 0 0 1 0 0 0 0 1 -0.4067366 0.9135454 0 0 -0.9135454 -0.4067366 0 0 0 0 1 0 0 0 0 1 -0.3907312 0.9205048 0 0 -0.9205048 -0.3907312 0 0 0 0 1 0 0 0 0 1 -0.3746063 0.927184 0 0 -0.927184 -0.3746063 0 0 0 0 1 0 0 0 0 1 -0.3583678 0.9335805 0 0 -0.9335805 -0.3583678 0 0 0 0 1 0 0 0 0 1 -0.3420201 0.9396927 0 0 -0.9396927 -0.3420201 0 0 0 0 1 0 0 0 0 1 -0.3255682 0.9455186 0 0 -0.9455186 -0.3255682 0 0 0 0 1 0 0 0 0 1 -0.3090166 0.9510566 0 0 -0.9510566 -0.3090166 0 0 0 0 1 0 0 0 0 1 -0.2923719 0.9563047 0 0 -0.9563047 -0.2923719 0 0 0 0 1 0 0 0 0 1 -0.2756372 0.9612617 0 0 -0.9612617 -0.2756372 0 0 0 0 1 0 0 0 0 1 -0.258819 0.9659259 0 0 -0.9659259 -0.258819 0 0 0 0 1 0 0 0 0 1 -0.2419219 0.9702957 0 0 -0.9702957 -0.2419219 0 0 0 0 1 0 0 0 0 1 -0.2249507 0.9743701 0 0 -0.9743701 -0.2249507 0 0 0 0 1 0 0 0 0 1 -0.2079114 0.9781476 0 0 -0.9781476 -0.2079114 0 0 0 0 1 0 0 0 0 1 -0.1908088 0.9816272 0 0 -0.9816272 -0.1908088 0 0 0 0 1 0 0 0 0 1 -0.1736481 0.9848078 0 0 -0.9848078 -0.1736481 0 0 0 0 1 0 0 0 0 1 -0.1564345 0.9876883 0 0 -0.9876883 -0.1564345 0 0 0 0 1 0 0 0 0 1 -0.1391733 0.9902681 0 0 -0.9902681 -0.1391733 0 0 0 0 1 0 0 0 0 1 -0.1218691 0.9925462 0 0 -0.9925462 -0.1218691 0 0 0 0 1 0 0 0 0 1 -0.1045283 0.9945219 0 0 -0.9945219 -0.1045283 0 0 0 0 1 0 0 0 0 1 -0.08715571 0.9961947 0 0 -0.9961947 -0.08715571 0 0 0 0 1 0 0 0 0 1 -0.06975607 0.9975641 0 0 -0.9975641 -0.06975607 0 0 0 0 1 0 0 0 0 1 -0.05233612 0.9986295 0 0 -0.9986295 -0.05233612 0 0 0 0 1 0 0 0 0 1 -0.03489929 0.9993908 0 0 -0.9993908 -0.03489929 0 0 0 0 1 0 0 0 0 1 -0.0174523 0.9998477 0 0 -0.9998477 -0.0174523 0 0 0 0 1 0 0 0 0 1 1.19249e-8 1 0 0 -1 1.19249e-8 0 0 0 0 1 0 0 0 0 1 0.0174528 0.9998477 0 0 -0.9998477 0.0174528 0 0 0 0 1 0 0 0 0 1 0.03489979 0.9993908 0 0 -0.9993908 0.03489979 0 0 0 0 1 0 0 0 0 1 0.05233615 0.9986295 0 0 -0.9986295 0.05233615 0 0 0 0 1 0 0 0 0 1 0.06975657 0.997564 0 0 -0.997564 0.06975657 0 0 0 0 1 0 0 0 0 1 0.08715574 0.9961947 0 0 -0.9961947 0.08715574 0 0 0 0 1 0 0 0 0 1 0.1045284 0.9945219 0 0 -0.9945219 0.1045284 0 0 0 0 1 0 0 0 0 1 0.1218696 0.9925461 0 0 -0.9925461 0.1218696 0 0 0 0 1 0 0 0 0 1 0.1391733 0.9902681 0 0 -0.9902681 0.1391733 0 0 0 0 1 0 0 0 0 1 0.1564345 0.9876883 0 0 -0.9876883 0.1564345 0 0 0 0 1 0 0 0 0 1 0.1736486 0.9848077 0 0 -0.9848077 0.1736486 0 0 0 0 1 0 0 0 0 1 0.1908089 0.9816272 0 0 -0.9816272 0.1908089 0 0 0 0 1 0 0 0 0 1 0.2079119 0.9781476 0 0 -0.9781476 0.2079119 0 0 0 0 1 0 0 0 0 1 0.2249512 0.97437 0 0 -0.97437 0.2249512 0 0 0 0 1 0 0 0 0 1 0.2419219 0.9702957 0 0 -0.9702957 0.2419219 0 0 0 0 1 0 0 0 0 1 0.2588195 0.9659257 0 0 -0.9659257 0.2588195 0 0 0 0 1 0 0 0 0 1 0.2756377 0.9612616 0 0 -0.9612616 0.2756377 0 0 0 0 1 0 0 0 0 1 0.2923719 0.9563047 0 0 -0.9563047 0.2923719 0 0 0 0 1 0 0 0 0 1 0.3090171 0.9510565 0 0 -0.9510565 0.3090171 0 0 0 0 1 0 0 0 0 1 0.3255682 0.9455186 0 0 -0.9455186 0.3255682 0 0 0 0 1 0 0 0 0 1 0.3420201 0.9396926 0 0 -0.9396926 0.3420201 0 0 0 0 1 0 0 0 0 1 0.3583682 0.9335803 0 0 -0.9335803 0.3583682 0 0 0 0 1 0 0 0 0 1 0.3746068 0.9271837 0 0 -0.9271837 0.3746068 0 0 0 0 1 0 0 0 0 1 0.3907312 0.9205048 0 0 -0.9205048 0.3907312 0 0 0 0 1 0 0 0 0 1 0.4067371 0.9135453 0 0 -0.9135453 0.4067371 0 0 0 0 1 0 0 0 0 1 0.4226182 0.9063078 0 0 -0.9063078 0.4226182 0 0 0 0 1 0 0 0 0 1 0.4383714 0.8987939 0 0 -0.8987939 0.4383714 0 0 0 0 1 0 0 0 0 1 0.4539907 0.8910064 0 0 -0.8910064 0.4539907 0 0 0 0 1 0 0 0 0 1 0.4694717 0.8829476 0 0 -0.8829476 0.4694717 0 0 0 0 1 0 0 0 0 1 0.4848096 0.8746197 0 0 -0.8746197 0.4848096 0 0 0 0 1 0 0 0 0 1 0.5000004 0.8660252 0 0 -0.8660252 0.5000004 0 0 0 0 1 0 0 0 0 1 0.5150379 0.8571674 0 0 -0.8571674 0.5150379 0 0 0 0 1 0 0 0 0 1 0.5299194 0.848048 0 0 -0.848048 0.5299194 0 0 0 0 1 0 0 0 0 1 0.5446391 0.8386705 0 0 -0.8386705 0.5446391 0 0 0 0 1 0 0 0 0 1 0.5591929 0.8290376 0 0 -0.8290376 0.5591929 0 0 0 0 1 0 0 0 0 1 0.5735767 0.8191518 0 0 -0.8191518 0.5735767 0 0 0 0 1 0 0 0 0 1 0.5877855 0.8090168 0 0 -0.8090168 0.5877855 0 0 0 0 1 0 0 0 0 1 0.6018152 0.7986354 0 0 -0.7986354 0.6018152 0 0 0 0 1 0 0 0 0 1 0.6156615 0.7880107 0 0 -0.7880107 0.6156615 0 0 0 0 1 0 0 0 0 1 0.6293204 0.777146 0 0 -0.777146 0.6293204 0 0 0 0 1 0 0 0 0 1 0.6427875 0.7660445 0 0 -0.7660445 0.6427875 0 0 0 0 1 0 0 0 0 1 0.6560592 0.7547094 0 0 -0.7547094 0.6560592 0 0 0 0 1 0 0 0 0 1 0.6691307 0.7431448 0 0 -0.7431448 0.6691307 0 0 0 0 1 0 0 0 0 1 0.6819984 0.7313536 0 0 -0.7313536 0.6819984 0 0 0 0 1 0 0 0 0 1 0.6946587 0.7193395 0 0 -0.7193395 0.6946587 0 0 0 0 1 0 0 0 0 1 0.7071066 0.7071069 0 0 -0.7071069 0.7071066 0 0 0 0 1 0 0 0 0 1 0.71934 0.6946582 0 0 -0.6946582 0.71934 0 0 0 0 1 0 0 0 0 1 0.7313538 0.6819983 0 0 -0.6819983 0.7313538 0 0 0 0 1 0 0 0 0 1 0.7431449 0.6691306 0 0 -0.6691306 0.7431449 0 0 0 0 1 0 0 0 0 1 0.7547098 0.6560587 0 0 -0.6560587 0.7547098 0 0 0 0 1 0 0 0 0 1 0.7660446 0.6427874 0 0 -0.6427874 0.7660446 0 0 0 0 1 0 0 0 0 1 0.7771461 0.6293202 0 0 -0.6293202 0.7771461 0 0 0 0 1 0 0 0 0 1 0.7880108 0.6156614 0 0 -0.6156614 0.7880108 0 0 0 0 1 0 0 0 0 1 0.7986355 0.601815 0 0 -0.601815 0.7986355 0 0 0 0 1 0 0 0 0 1 0.8090169 0.5877853 0 0 -0.5877853 0.8090169 0 0 0 0 1 0 0 0 0 1 0.8191522 0.5735762 0 0 -0.5735762 0.8191522 0 0 0 0 1 0 0 0 0 1 0.8290374 0.5591931 0 0 -0.5591931 0.8290374 0 0 0 0 1 0 0 0 0 1 0.8386706 0.5446389 0 0 -0.5446389 0.8386706 0 0 0 0 1 0 0 0 0 1 0.8480481 0.5299193 0 0 -0.5299193 0.8480481 0 0 0 0 1 0 0 0 0 1 0.8571672 0.5150381 0 0 -0.5150381 0.8571672 0 0 0 0 1 0 0 0 0 1 0.8660256 0.4999998 0 0 -0.4999998 0.8660256 0 0 0 0 1 0 0 0 0 1 0.8746198 0.4848095 0 0 -0.4848095 0.8746198 0 0 0 0 1 0 0 0 0 1 0.8829476 0.4694715 0 0 -0.4694715 0.8829476 0 0 0 0 1 0 0 0 0 1 0.8910065 0.4539905 0 0 -0.4539905 0.8910065 0 0 0 0 1 0 0 0 0 1 0.8987942 0.4383708 0 0 -0.4383708 0.8987942 0 0 0 0 1 0 0 0 0 1 0.9063079 0.422618 0 0 -0.422618 0.9063079 0 0 0 0 1 0 0 0 0 1 0.9135455 0.4067365 0 0 -0.4067365 0.9135455 0 0 0 0 1 0 0 0 0 1 0.920505 0.3907306 0 0 -0.3907306 0.920505 0 0 0 0 1 0 0 0 0 1 0.927184 0.3746062 0 0 -0.3746062 0.927184 0 0 0 0 1 0 0 0 0 1 0.9335806 0.3583676 0 0 -0.3583676 0.9335806 0 0 0 0 1 0 0 0 0 1 0.9396926 0.3420204 0 0 -0.3420204 0.9396926 0 0 0 0 1 0 0 0 0 1 0.9455186 0.325568 0 0 -0.325568 0.9455186 0 0 0 0 1 0 0 0 0 1 0.9510565 0.3090169 0 0 -0.3090169 0.9510565 0 0 0 0 1 0 0 0 0 1 0.9563047 0.2923717 0 0 -0.2923717 0.9563047 0 0 0 0 1 0 0 0 0 1 0.9612616 0.2756375 0 0 -0.2756375 0.9612616 0 0 0 0 1 0 0 0 0 1 0.9659259 0.2588188 0 0 -0.2588188 0.9659259 0 0 0 0 1 0 0 0 0 1 0.9702958 0.2419218 0 0 -0.2419218 0.9702958 0 0 0 0 1 0 0 0 0 1 0.9743701 0.224951 0 0 -0.224951 0.9743701 0 0 0 0 1 0 0 0 0 1 0.9781477 0.2079113 0 0 -0.2079113 0.9781477 0 0 0 0 1 0 0 0 0 1 0.9816272 0.1908087 0 0 -0.1908087 0.9816272 0 0 0 0 1 0 0 0 0 1 0.9848078 0.173648 0 0 -0.173648 0.9848078 0 0 0 0 1 0 0 0 0 1 0.9876884 0.1564339 0 0 -0.1564339 0.9876884 0 0 0 0 1 0 0 0 0 1 0.9902681 0.1391726 0 0 -0.1391726 0.9902681 0 0 0 0 1 0 0 0 0 1 0.9925461 0.1218694 0 0 -0.1218694 0.9925461 0 0 0 0 1 0 0 0 0 1 0.9945219 0.1045287 0 0 -0.1045287 0.9945219 0 0 0 0 1 0 0 0 0 1 0.9961947 0.08715603 0 0 -0.08715603 0.9961947 0 0 0 0 1 0 0 0 0 1 0.9975641 0.06975638 0 0 -0.06975638 0.9975641 0 0 0 0 1 0 0 0 0 1 0.9986295 0.05233596 0 0 -0.05233596 0.9986295 0 0 0 0 1 0 0 0 0 1 0.9993908 0.0348996 0 0 -0.0348996 0.9993908 0 0 0 0 1 0 0 0 0 1 0.9998477 0.01745213 0 0 -0.01745213 0.9998477 0 0 0 0 1 0 0 0 0 1 1 -1.74846e-7 0 0 1.74846e-7 1 0 0 0 0 1 0 0 0 0 1</float_array>
          <technique_common>
            <accessor source="#_0250411_112040_D_12_5_k_7_Area1_str_outline_002_20250411_112040_D_12_5_k_7_Area1_str_outlineAction_009_transform-output-array" count="361" stride="16">
              <param name="TRANSFORM" type="float4x4"/>
            </accessor>
          </technique_common>
        </source>
        <source id="_0250411_112040_D_12_5_k_7_Area1_str_outline_002_20250411_112040_D_12_5_k_7_Area1_str_outlineAction_009_transform-interpolation">
          <Name_array id="_0250411_112040_D_12_5_k_7_Area1_str_outline_002_20250411_112040_D_12_5_k_7_Area1_str_outlineAction_009_transform-interpolation-array" count="361">LINEAR LINEAR LINEAR LINEAR LINEAR LINEAR LINEAR LINEAR LINEAR LINEAR LINEAR LINEAR LINEAR LINEAR LINEAR LINEAR LINEAR LINEAR LINEAR LINEAR LINEAR LINEAR LINEAR LINEAR LINEAR LINEAR LINEAR LINEAR LINEAR LINEAR LINEAR LINEAR LINEAR LINEAR LINEAR LINEAR LINEAR LINEAR LINEAR LINEAR LINEAR LINEAR LINEAR LINEAR LINEAR LINEAR LINEAR LINEAR LINEAR LINEAR LINEAR LINEAR LINEAR LINEAR LINEAR LINEAR LINEAR LINEAR LINEAR LINEAR LINEAR LINEAR LINEAR LINEAR LINEAR LINEAR LINEAR LINEAR LINEAR LINEAR LINEAR LINEAR LINEAR LINEAR LINEAR LINEAR LINEAR LINEAR LINEAR LINEAR LINEAR LINEAR LINEAR LINEAR LINEAR LINEAR LINEAR LINEAR LINEAR LINEAR LINEAR LINEAR LINEAR LINEAR LINEAR LINEAR LINEAR LINEAR LINEAR LINEAR LINEAR LINEAR LINEAR LINEAR LINEAR LINEAR LINEAR LINEAR LINEAR LINEAR LINEAR LINEAR LINEAR LINEAR LINEAR LINEAR LINEAR LINEAR LINEAR LINEAR LINEAR LINEAR LINEAR LINEAR LINEAR LINEAR LINEAR LINEAR LINEAR LINEAR LINEAR LINEAR LINEAR LINEAR LINEAR LINEAR LINEAR LINEAR LINEAR LINEAR LINEAR LINEAR LINEAR LINEAR LINEAR LINEAR LINEAR LINEAR LINEAR LINEAR LINEAR LINEAR LINEAR LINEAR LINEAR LINEAR LINEAR LINEAR LINEAR LINEAR LINEAR LINEAR LINEAR LINEAR LINEAR LINEAR LINEAR LINEAR LINEAR LINEAR LINEAR LINEAR LINEAR LINEAR LINEAR LINEAR LINEAR LINEAR LINEAR LINEAR LINEAR LINEAR LINEAR LINEAR LINEAR LINEAR LINEAR LINEAR LINEAR LINEAR LINEAR LINEAR LINEAR LINEAR LINEAR LINEAR LINEAR LINEAR LINEAR LINEAR LINEAR LINEAR LINEAR LINEAR LINEAR LINEAR LINEAR LINEAR LINEAR LINEAR LINEAR LINEAR LINEAR LINEAR LINEAR LINEAR LINEAR LINEAR LINEAR LINEAR LINEAR LINEAR LINEAR LINEAR LINEAR LINEAR LINEAR LINEAR LINEAR LINEAR LINEAR LINEAR LINEAR LINEAR LINEAR LINEAR LINEAR LINEAR LINEAR LINEAR LINEAR LINEAR LINEAR LINEAR LINEAR LINEAR LINEAR LINEAR LINEAR LINEAR LINEAR LINEAR LINEAR LINEAR LINEAR LINEAR LINEAR LINEAR LINEAR LINEAR LINEAR LINEAR LINEAR LINEAR LINEAR LINEAR LINEAR LINEAR LINEAR LINEAR LINEAR LINEAR LINEAR LINEAR LINEAR LINEAR LINEAR LINEAR LINEAR LINEAR LINEAR LINEAR LINEAR LINEAR LINEAR LINEAR LINEAR LINEAR LINEAR LINEAR LINEAR LINEAR LINEAR LINEAR LINEAR LINEAR LINEAR LINEAR LINEAR LINEAR LINEAR LINEAR LINEAR LINEAR LINEAR LINEAR LINEAR LINEAR LINEAR LINEAR LINEAR LINEAR LINEAR LINEAR LINEAR LINEAR LINEAR LINEAR LINEAR LINEAR LINEAR LINEAR LINEAR LINEAR LINEAR LINEAR LINEAR LINEAR LINEAR LINEAR LINEAR LINEAR LINEAR LINEAR LINEAR LINEAR LINEAR LINEAR LINEAR LINEAR LINEAR LINEAR LINEAR LINEAR LINEAR LINEAR LINEAR LINEAR LINEAR LINEAR LINEAR LINEAR LINEAR LINEAR LINEAR LINEAR LINEAR LINEAR LINEAR LINEAR LINEAR</Name_array>
          <technique_common>
            <accessor source="#_0250411_112040_D_12_5_k_7_Area1_str_outline_002_20250411_112040_D_12_5_k_7_Area1_str_outlineAction_009_transform-interpolation-array" count="361" stride="1">
              <param name="INTERPOLATION" type="name"/>
            </accessor>
          </technique_common>
        </source>
        <sampler id="_0250411_112040_D_12_5_k_7_Area1_str_outline_002_20250411_112040_D_12_5_k_7_Area1_str_outlineAction_009_transform-sampler">
          <input semantic="INPUT" source="#_0250411_112040_D_12_5_k_7_Area1_str_outline_002_20250411_112040_D_12_5_k_7_Area1_str_outlineAction_009_transform-input"/>
          <input semantic="OUTPUT" source="#_0250411_112040_D_12_5_k_7_Area1_str_outline_002_20250411_112040_D_12_5_k_7_Area1_str_outlineAction_009_transform-output"/>
          <input semantic="INTERPOLATION" source="#_0250411_112040_D_12_5_k_7_Area1_str_outline_002_20250411_112040_D_12_5_k_7_Area1_str_outlineAction_009_transform-interpolation"/>
        </sampler>
        <channel source="#_0250411_112040_D_12_5_k_7_Area1_str_outline_002_20250411_112040_D_12_5_k_7_Area1_str_outlineAction_009_transform-sampler" target="_0250411_112040_D_12_5_k_7_Area1_str_outline_002/transform"/>
      </animation>
    </animation>
    <animation id="action_container-_0250410_110052_D_12_5_k_7_Area3_str_003" name="20250410_110052_D=12.5_k=7_Area3_str.003">
      <animation id="_0250410_110052_D_12_5_k_7_Area3_str_003_20250410_110052_D_12_5_k_7_Area3_str_001Action_009_transform" name="20250410_110052_D=12.5_k=7_Area3_str.003">
        <source id="_0250410_110052_D_12_5_k_7_Area3_str_003_20250410_110052_D_12_5_k_7_Area3_str_001Action_009_transform-input">
          <float_array id="_0250410_110052_D_12_5_k_7_Area3_str_003_20250410_110052_D_12_5_k_7_Area3_str_001Action_009_transform-input-array" count="361">0 0.04166662 0.08333331 0.125 0.1666666 0.2083333 0.25 0.2916666 0.3333333 0.375 0.4166666 0.4583333 0.5 0.5416667 0.5833333 0.625 0.6666667 0.7083333 0.75 0.7916667 0.8333333 0.875 0.9166667 0.9583333 1 1.041667 1.083333 1.125 1.166667 1.208333 1.25 1.291667 1.333333 1.375 1.416667 1.458333 1.5 1.541667 1.583333 1.625 1.666667 1.708333 1.75 1.791667 1.833333 1.875 1.916667 1.958333 2 2.041667 2.083333 2.125 2.166667 2.208333 2.25 2.291667 2.333333 2.375 2.416667 2.458333 2.5 2.541667 2.583333 2.625 2.666667 2.708333 2.75 2.791667 2.833333 2.875 2.916667 2.958333 3 3.041667 3.083333 3.125 3.166667 3.208333 3.25 3.291667 3.333333 3.375 3.416667 3.458333 3.5 3.541667 3.583333 3.625 3.666667 3.708333 3.75 3.791667 3.833333 3.875 3.916667 3.958333 4 4.041666 4.083333 4.125 4.166666 4.208333 4.25 4.291666 4.333333 4.375 4.416666 4.458333 4.5 4.541666 4.583333 4.625 4.666666 4.708333 4.75 4.791666 4.833333 4.875 4.916666 4.958333 5 5.041666 5.083333 5.125 5.166666 5.208333 5.25 5.291666 5.333333 5.375 5.416666 5.458333 5.5 5.541666 5.583333 5.625 5.666666 5.708333 5.75 5.791666 5.833333 5.875 5.916666 5.958333 6 6.041666 6.083333 6.125 6.166666 6.208333 6.25 6.291666 6.333333 6.375 6.416666 6.458333 6.5 6.541666 6.583333 6.625 6.666666 6.708333 6.75 6.791666 6.833333 6.875 6.916666 6.958333 7 7.041666 7.083333 7.125 7.166666 7.208333 7.25 7.291666 7.333333 7.375 7.416666 7.458333 7.5 7.541666 7.583333 7.625 7.666666 7.708333 7.75 7.791666 7.833333 7.875 7.916666 7.958333 8 8.041667 8.083333 8.125 8.166667 8.208333 8.25 8.291667 8.333333 8.375 8.416667 8.458333 8.5 8.541667 8.583333 8.625 8.666667 8.708333 8.75 8.791667 8.833333 8.875 8.916667 8.958333 9 9.041667 9.083333 9.125 9.166667 9.208333 9.25 9.291667 9.333333 9.375 9.416667 9.458333 9.5 9.541667 9.583333 9.625 9.666667 9.708333 9.75 9.791667 9.833333 9.875 9.916667 9.958333 10 10.04167 10.08333 10.125 10.16667 10.20833 10.25 10.29167 10.33333 10.375 10.41667 10.45833 10.5 10.54167 10.58333 10.625 10.66667 10.70833 10.75 10.79167 10.83333 10.875 10.91667 10.95833 11 11.04167 11.08333 11.125 11.16667 11.20833 11.25 11.29167 11.33333 11.375 11.41667 11.45833 11.5 11.54167 11.58333 11.625 11.66667 11.70833 11.75 11.79167 11.83333 11.875 11.91667 11.95833 12 12.04167 12.08333 12.125 12.16667 12.20833 12.25 12.29167 12.33333 12.375 12.41667 12.45833 12.5 12.54167 12.58333 12.625 12.66667 12.70833 12.75 12.79167 12.83333 12.875 12.91667 12.95833 13 13.04167 13.08333 13.125 13.16667 13.20833 13.25 13.29167 13.33333 13.375 13.41667 13.45833 13.5 13.54167 13.58333 13.625 13.66667 13.70833 13.75 13.79167 13.83333 13.875 13.91667 13.95833 14 14.04167 14.08333 14.125 14.16667 14.20833 14.25 14.29167 14.33333 14.375 14.41667 14.45833 14.5 14.54167 14.58333 14.625 14.66667 14.70833 14.75 14.79167 14.83333 14.875 14.91667 14.95833 15</float_array>
          <technique_common>
            <accessor source="#_0250410_110052_D_12_5_k_7_Area3_str_003_20250410_110052_D_12_5_k_7_Area3_str_001Action_009_transform-input-array" count="361" stride="1">
              <param name="TIME" type="float"/>
            </accessor>
          </technique_common>
        </source>
        <source id="_0250410_110052_D_12_5_k_7_Area3_str_003_20250410_110052_D_12_5_k_7_Area3_str_001Action_009_transform-output">
          <float_array id="_0250410_110052_D_12_5_k_7_Area3_str_003_20250410_110052_D_12_5_k_7_Area3_str_001Action_009_transform-output-array" count="5776">1 0 0 0 0 1 0 0 0 0 1 0 0 0 0 1 0.9998477 -0.01745241 0 0 0.01745241 0.9998477 0 0 0 0 1 0 0 0 0 1 0.9993908 -0.0348995 0 0 0.0348995 0.9993908 0 0 0 0 1 0 0 0 0 1 0.9986295 -0.05233596 0 0 0.05233596 0.9986295 0 0 0 0 1 0 0 0 0 1 0.9975641 -0.06975647 0 0 0.06975647 0.9975641 0 0 0 0 1 0 0 0 0 1 0.9961947 -0.08715574 0 0 0.08715574 0.9961947 0 0 0 0 1 0 0 0 0 1 0.9945219 -0.1045285 0 0 0.1045285 0.9945219 0 0 0 0 1 0 0 0 0 1 0.9925461 -0.1218693 0 0 0.1218693 0.9925461 0 0 0 0 1 0 0 0 0 1 0.9902681 -0.1391731 0 0 0.1391731 0.9902681 0 0 0 0 1 0 0 0 0 1 0.9876884 -0.1564345 0 0 0.1564345 0.9876884 0 0 0 0 1 0 0 0 0 1 0.9848077 -0.1736482 0 0 0.1736482 0.9848077 0 0 0 0 1 0 0 0 0 1 0.9816272 -0.190809 0 0 0.190809 0.9816272 0 0 0 0 1 0 0 0 0 1 0.9781476 -0.2079117 0 0 0.2079117 0.9781476 0 0 0 0 1 0 0 0 0 1 0.9743701 -0.2249511 0 0 0.2249511 0.9743701 0 0 0 0 1 0 0 0 0 1 0.9702957 -0.2419219 0 0 0.2419219 0.9702957 0 0 0 0 1 0 0 0 0 1 0.9659258 -0.258819 0 0 0.258819 0.9659258 0 0 0 0 1 0 0 0 0 1 0.9612617 -0.2756374 0 0 0.2756374 0.9612617 0 0 0 0 1 0 0 0 0 1 0.9563047 -0.2923717 0 0 0.2923717 0.9563047 0 0 0 0 1 0 0 0 0 1 0.9510565 -0.309017 0 0 0.309017 0.9510565 0 0 0 0 1 0 0 0 0 1 0.9455186 -0.3255681 0 0 0.3255681 0.9455186 0 0 0 0 1 0 0 0 0 1 0.9396926 -0.3420202 0 0 0.3420202 0.9396926 0 0 0 0 1 0 0 0 0 1 0.9335804 -0.3583679 0 0 0.3583679 0.9335804 0 0 0 0 1 0 0 0 0 1 0.9271839 -0.3746066 0 0 0.3746066 0.9271839 0 0 0 0 1 0 0 0 0 1 0.9205049 -0.3907311 0 0 0.3907311 0.9205049 0 0 0 0 1 0 0 0 0 1 0.9135454 -0.4067366 0 0 0.4067366 0.9135454 0 0 0 0 1 0 0 0 0 1 0.9063078 -0.4226183 0 0 0.4226183 0.9063078 0 0 0 0 1 0 0 0 0 1 0.8987941 -0.4383712 0 0 0.4383712 0.8987941 0 0 0 0 1 0 0 0 0 1 0.8910065 -0.4539905 0 0 0.4539905 0.8910065 0 0 0 0 1 0 0 0 0 1 0.8829476 -0.4694716 0 0 0.4694716 0.8829476 0 0 0 0 1 0 0 0 0 1 0.8746197 -0.4848096 0 0 0.4848096 0.8746197 0 0 0 0 1 0 0 0 0 1 0.8660254 -0.5 0 0 0.5 0.8660254 0 0 0 0 1 0 0 0 0 1 0.8571673 -0.5150381 0 0 0.5150381 0.8571673 0 0 0 0 1 0 0 0 0 1 0.8480481 -0.5299193 0 0 0.5299193 0.8480481 0 0 0 0 1 0 0 0 0 1 0.8386706 -0.5446391 0 0 0.5446391 0.8386706 0 0 0 0 1 0 0 0 0 1 0.8290375 -0.559193 0 0 0.559193 0.8290375 0 0 0 0 1 0 0 0 0 1 0.819152 -0.5735765 0 0 0.5735765 0.819152 0 0 0 0 1 0 0 0 0 1 0.809017 -0.5877852 0 0 0.5877852 0.809017 0 0 0 0 1 0 0 0 0 1 0.7986355 -0.601815 0 0 0.601815 0.7986355 0 0 0 0 1 0 0 0 0 1 0.7880108 -0.6156615 0 0 0.6156615 0.7880108 0 0 0 0 1 0 0 0 0 1 0.7771459 -0.6293204 0 0 0.6293204 0.7771459 0 0 0 0 1 0 0 0 0 1 0.7660444 -0.6427876 0 0 0.6427876 0.7660444 0 0 0 0 1 0 0 0 0 1 0.7547096 -0.656059 0 0 0.656059 0.7547096 0 0 0 0 1 0 0 0 0 1 0.7431448 -0.6691306 0 0 0.6691306 0.7431448 0 0 0 0 1 0 0 0 0 1 0.7313537 -0.6819984 0 0 0.6819984 0.7313537 0 0 0 0 1 0 0 0 0 1 0.7193397 -0.6946584 0 0 0.6946584 0.7193397 0 0 0 0 1 0 0 0 0 1 0.7071068 -0.7071068 0 0 0.7071068 0.7071068 0 0 0 0 1 0 0 0 0 1 0.6946584 -0.7193398 0 0 0.7193398 0.6946584 0 0 0 0 1 0 0 0 0 1 0.6819983 -0.7313538 0 0 0.7313538 0.6819983 0 0 0 0 1 0 0 0 0 1 0.6691306 -0.7431449 0 0 0.7431449 0.6691306 0 0 0 0 1 0 0 0 0 1 0.656059 -0.7547096 0 0 0.7547096 0.656059 0 0 0 0 1 0 0 0 0 1 0.6427876 -0.7660444 0 0 0.7660444 0.6427876 0 0 0 0 1 0 0 0 0 1 0.6293203 -0.777146 0 0 0.777146 0.6293203 0 0 0 0 1 0 0 0 0 1 0.6156614 -0.7880108 0 0 0.7880108 0.6156614 0 0 0 0 1 0 0 0 0 1 0.601815 -0.7986355 0 0 0.7986355 0.601815 0 0 0 0 1 0 0 0 0 1 0.5877852 -0.809017 0 0 0.809017 0.5877852 0 0 0 0 1 0 0 0 0 1 0.5735765 -0.8191521 0 0 0.8191521 0.5735765 0 0 0 0 1 0 0 0 0 1 0.5591928 -0.8290376 0 0 0.8290376 0.5591928 0 0 0 0 1 0 0 0 0 1 0.544639 -0.8386706 0 0 0.8386706 0.544639 0 0 0 0 1 0 0 0 0 1 0.5299193 -0.8480481 0 0 0.8480481 0.5299193 0 0 0 0 1 0 0 0 0 1 0.5150381 -0.8571673 0 0 0.8571673 0.5150381 0 0 0 0 1 0 0 0 0 1 0.5 -0.8660254 0 0 0.8660254 0.5 0 0 0 0 1 0 0 0 0 1 0.4848096 -0.8746197 0 0 0.8746197 0.4848096 0 0 0 0 1 0 0 0 0 1 0.4694715 -0.8829476 0 0 0.8829476 0.4694715 0 0 0 0 1 0 0 0 0 1 0.4539904 -0.8910066 0 0 0.8910066 0.4539904 0 0 0 0 1 0 0 0 0 1 0.4383712 -0.8987941 0 0 0.8987941 0.4383712 0 0 0 0 1 0 0 0 0 1 0.4226182 -0.9063078 0 0 0.9063078 0.4226182 0 0 0 0 1 0 0 0 0 1 0.4067366 -0.9135455 0 0 0.9135455 0.4067366 0 0 0 0 1 0 0 0 0 1 0.3907311 -0.9205049 0 0 0.9205049 0.3907311 0 0 0 0 1 0 0 0 0 1 0.3746065 -0.9271839 0 0 0.9271839 0.3746065 0 0 0 0 1 0 0 0 0 1 0.358368 -0.9335804 0 0 0.9335804 0.358368 0 0 0 0 1 0 0 0 0 1 0.34202 -0.9396927 0 0 0.9396927 0.34202 0 0 0 0 1 0 0 0 0 1 0.3255681 -0.9455186 0 0 0.9455186 0.3255681 0 0 0 0 1 0 0 0 0 1 0.309017 -0.9510565 0 0 0.9510565 0.309017 0 0 0 0 1 0 0 0 0 1 0.2923717 -0.9563048 0 0 0.9563048 0.2923717 0 0 0 0 1 0 0 0 0 1 0.2756373 -0.9612617 0 0 0.9612617 0.2756373 0 0 0 0 1 0 0 0 0 1 0.258819 -0.9659259 0 0 0.9659259 0.258819 0 0 0 0 1 0 0 0 0 1 0.2419219 -0.9702957 0 0 0.9702957 0.2419219 0 0 0 0 1 0 0 0 0 1 0.224951 -0.9743701 0 0 0.9743701 0.224951 0 0 0 0 1 0 0 0 0 1 0.2079117 -0.9781476 0 0 0.9781476 0.2079117 0 0 0 0 1 0 0 0 0 1 0.1908089 -0.9816272 0 0 0.9816272 0.1908089 0 0 0 0 1 0 0 0 0 1 0.1736481 -0.9848078 0 0 0.9848078 0.1736481 0 0 0 0 1 0 0 0 0 1 0.1564345 -0.9876884 0 0 0.9876884 0.1564345 0 0 0 0 1 0 0 0 0 1 0.1391731 -0.9902681 0 0 0.9902681 0.1391731 0 0 0 0 1 0 0 0 0 1 0.1218693 -0.9925461 0 0 0.9925461 0.1218693 0 0 0 0 1 0 0 0 0 1 0.1045284 -0.9945219 0 0 0.9945219 0.1045284 0 0 0 0 1 0 0 0 0 1 0.0871558 -0.9961947 0 0 0.9961947 0.0871558 0 0 0 0 1 0 0 0 0 1 0.06975651 -0.9975641 0 0 0.9975641 0.06975651 0 0 0 0 1 0 0 0 0 1 0.05233585 -0.9986295 0 0 0.9986295 0.05233585 0 0 0 0 1 0 0 0 0 1 0.03489938 -0.9993908 0 0 0.9993908 0.03489938 0 0 0 0 1 0 0 0 0 1 0.01745238 -0.9998477 0 0 0.9998477 0.01745238 0 0 0 0 1 0 0 0 0 1 -4.37114e-8 -1 0 0 1 -4.37114e-8 0 0 0 0 1 0 0 0 0 1 -0.01745247 -0.9998477 0 0 0.9998477 -0.01745247 0 0 0 0 1 0 0 0 0 1 -0.03489946 -0.9993908 0 0 0.9993908 -0.03489946 0 0 0 0 1 0 0 0 0 1 -0.05233594 -0.9986295 0 0 0.9986295 -0.05233594 0 0 0 0 1 0 0 0 0 1 -0.0697566 -0.997564 0 0 0.997564 -0.0697566 0 0 0 0 1 0 0 0 0 1 -0.08715589 -0.9961947 0 0 0.9961947 -0.08715589 0 0 0 0 1 0 0 0 0 1 -0.1045285 -0.9945219 0 0 0.9945219 -0.1045285 0 0 0 0 1 0 0 0 0 1 -0.1218694 -0.9925461 0 0 0.9925461 -0.1218694 0 0 0 0 1 0 0 0 0 1 -0.1391732 -0.9902681 0 0 0.9902681 -0.1391732 0 0 0 0 1 0 0 0 0 1 -0.1564344 -0.9876884 0 0 0.9876884 -0.1564344 0 0 0 0 1 0 0 0 0 1 -0.1736482 -0.9848077 0 0 0.9848077 -0.1736482 0 0 0 0 1 0 0 0 0 1 -0.190809 -0.9816272 0 0 0.9816272 -0.190809 0 0 0 0 1 0 0 0 0 1 -0.2079118 -0.9781476 0 0 0.9781476 -0.2079118 0 0 0 0 1 0 0 0 0 1 -0.2249511 -0.9743701 0 0 0.9743701 -0.2249511 0 0 0 0 1 0 0 0 0 1 -0.241922 -0.9702957 0 0 0.9702957 -0.241922 0 0 0 0 1 0 0 0 0 1 -0.2588192 -0.9659258 0 0 0.9659258 -0.2588192 0 0 0 0 1 0 0 0 0 1 -0.2756374 -0.9612617 0 0 0.9612617 -0.2756374 0 0 0 0 1 0 0 0 0 1 -0.2923717 -0.9563047 0 0 0.9563047 -0.2923717 0 0 0 0 1 0 0 0 0 1 -0.309017 -0.9510565 0 0 0.9510565 -0.309017 0 0 0 0 1 0 0 0 0 1 -0.3255681 -0.9455186 0 0 0.9455186 -0.3255681 0 0 0 0 1 0 0 0 0 1 -0.3420201 -0.9396926 0 0 0.9396926 -0.3420201 0 0 0 0 1 0 0 0 0 1 -0.3583681 -0.9335804 0 0 0.9335804 -0.3583681 0 0 0 0 1 0 0 0 0 1 -0.3746067 -0.9271838 0 0 0.9271838 -0.3746067 0 0 0 0 1 0 0 0 0 1 -0.3907312 -0.9205049 0 0 0.9205049 -0.3907312 0 0 0 0 1 0 0 0 0 1 -0.4067367 -0.9135454 0 0 0.9135454 -0.4067367 0 0 0 0 1 0 0 0 0 1 -0.4226183 -0.9063078 0 0 0.9063078 -0.4226183 0 0 0 0 1 0 0 0 0 1 -0.4383711 -0.8987941 0 0 0.8987941 -0.4383711 0 0 0 0 1 0 0 0 0 1 -0.4539906 -0.8910065 0 0 0.8910065 -0.4539906 0 0 0 0 1 0 0 0 0 1 -0.4694716 -0.8829476 0 0 0.8829476 -0.4694716 0 0 0 0 1 0 0 0 0 1 -0.4848098 -0.8746196 0 0 0.8746196 -0.4848098 0 0 0 0 1 0 0 0 0 1 -0.5000001 -0.8660254 0 0 0.8660254 -0.5000001 0 0 0 0 1 0 0 0 0 1 -0.515038 -0.8571673 0 0 0.8571673 -0.515038 0 0 0 0 1 0 0 0 0 1 -0.5299193 -0.848048 0 0 0.848048 -0.5299193 0 0 0 0 1 0 0 0 0 1 -0.5446391 -0.8386706 0 0 0.8386706 -0.5446391 0 0 0 0 1 0 0 0 0 1 -0.559193 -0.8290375 0 0 0.8290375 -0.559193 0 0 0 0 1 0 0 0 0 1 -0.5735765 -0.819152 0 0 0.819152 -0.5735765 0 0 0 0 1 0 0 0 0 1 -0.5877854 -0.8090169 0 0 0.8090169 -0.5877854 0 0 0 0 1 0 0 0 0 1 -0.6018151 -0.7986355 0 0 0.7986355 -0.6018151 0 0 0 0 1 0 0 0 0 1 -0.6156614 -0.7880108 0 0 0.7880108 -0.6156614 0 0 0 0 1 0 0 0 0 1 -0.6293205 -0.7771459 0 0 0.7771459 -0.6293205 0 0 0 0 1 0 0 0 0 1 -0.6427876 -0.7660444 0 0 0.7660444 -0.6427876 0 0 0 0 1 0 0 0 0 1 -0.656059 -0.7547096 0 0 0.7547096 -0.656059 0 0 0 0 1 0 0 0 0 1 -0.6691307 -0.7431448 0 0 0.7431448 -0.6691307 0 0 0 0 1 0 0 0 0 1 -0.6819985 -0.7313536 0 0 0.7313536 -0.6819985 0 0 0 0 1 0 0 0 0 1 -0.6946585 -0.7193397 0 0 0.7193397 -0.6946585 0 0 0 0 1 0 0 0 0 1 -0.7071068 -0.7071068 0 0 0.7071068 -0.7071068 0 0 0 0 1 0 0 0 0 1 -0.7193399 -0.6946583 0 0 0.6946583 -0.7193399 0 0 0 0 1 0 0 0 0 1 -0.7313538 -0.6819983 0 0 0.6819983 -0.7313538 0 0 0 0 1 0 0 0 0 1 -0.7431448 -0.6691306 0 0 0.6691306 -0.7431448 0 0 0 0 1 0 0 0 0 1 -0.7547097 -0.656059 0 0 0.656059 -0.7547097 0 0 0 0 1 0 0 0 0 1 -0.7660446 -0.6427875 0 0 0.6427875 -0.7660446 0 0 0 0 1 0 0 0 0 1 -0.777146 -0.6293203 0 0 0.6293203 -0.777146 0 0 0 0 1 0 0 0 0 1 -0.7880108 -0.6156614 0 0 0.6156614 -0.7880108 0 0 0 0 1 0 0 0 0 1 -0.7986356 -0.6018149 0 0 0.6018149 -0.7986356 0 0 0 0 1 0 0 0 0 1 -0.8090171 -0.5877852 0 0 0.5877852 -0.8090171 0 0 0 0 1 0 0 0 0 1 -0.8191521 -0.5735765 0 0 0.5735765 -0.8191521 0 0 0 0 1 0 0 0 0 1 -0.8290376 -0.5591928 0 0 0.5591928 -0.8290376 0 0 0 0 1 0 0 0 0 1 -0.8386707 -0.5446388 0 0 0.5446388 -0.8386707 0 0 0 0 1 0 0 0 0 1 -0.8480482 -0.5299191 0 0 0.5299191 -0.8480482 0 0 0 0 1 0 0 0 0 1 -0.8571673 -0.515038 0 0 0.515038 -0.8571673 0 0 0 0 1 0 0 0 0 1 -0.8660255 -0.4999998 0 0 0.4999998 -0.8660255 0 0 0 0 1 0 0 0 0 1 -0.8746198 -0.4848095 0 0 0.4848095 -0.8746198 0 0 0 0 1 0 0 0 0 1 -0.8829476 -0.4694716 0 0 0.4694716 -0.8829476 0 0 0 0 1 0 0 0 0 1 -0.8910066 -0.4539904 0 0 0.4539904 -0.8910066 0 0 0 0 1 0 0 0 0 1 -0.8987941 -0.4383711 0 0 0.4383711 -0.8987941 0 0 0 0 1 0 0 0 0 1 -0.9063078 -0.4226183 0 0 0.4226183 -0.9063078 0 0 0 0 1 0 0 0 0 1 -0.9135455 -0.4067366 0 0 0.4067366 -0.9135455 0 0 0 0 1 0 0 0 0 1 -0.9205049 -0.3907309 0 0 0.3907309 -0.9205049 0 0 0 0 1 0 0 0 0 1 -0.9271839 -0.3746065 0 0 0.3746065 -0.9271839 0 0 0 0 1 0 0 0 0 1 -0.9335805 -0.3583679 0 0 0.3583679 -0.9335805 0 0 0 0 1 0 0 0 0 1 -0.9396927 -0.34202 0 0 0.34202 -0.9396927 0 0 0 0 1 0 0 0 0 1 -0.9455186 -0.3255681 0 0 0.3255681 -0.9455186 0 0 0 0 1 0 0 0 0 1 -0.9510565 -0.309017 0 0 0.309017 -0.9510565 0 0 0 0 1 0 0 0 0 1 -0.9563047 -0.2923718 0 0 0.2923718 -0.9563047 0 0 0 0 1 0 0 0 0 1 -0.9612617 -0.2756374 0 0 0.2756374 -0.9612617 0 0 0 0 1 0 0 0 0 1 -0.9659259 -0.2588189 0 0 0.2588189 -0.9659259 0 0 0 0 1 0 0 0 0 1 -0.9702957 -0.2419219 0 0 0.2419219 -0.9702957 0 0 0 0 1 0 0 0 0 1 -0.9743701 -0.2249509 0 0 0.2249509 -0.9743701 0 0 0 0 1 0 0 0 0 1 -0.9781476 -0.2079116 0 0 0.2079116 -0.9781476 0 0 0 0 1 0 0 0 0 1 -0.9816272 -0.1908088 0 0 0.1908088 -0.9816272 0 0 0 0 1 0 0 0 0 1 -0.9848077 -0.1736483 0 0 0.1736483 -0.9848077 0 0 0 0 1 0 0 0 0 1 -0.9876884 -0.1564344 0 0 0.1564344 -0.9876884 0 0 0 0 1 0 0 0 0 1 -0.9902681 -0.1391732 0 0 0.1391732 -0.9902681 0 0 0 0 1 0 0 0 0 1 -0.9925461 -0.1218693 0 0 0.1218693 -0.9925461 0 0 0 0 1 0 0 0 0 1 -0.9945219 -0.1045283 0 0 0.1045283 -0.9945219 0 0 0 0 1 0 0 0 0 1 -0.9961947 -0.08715564 0 0 0.08715564 -0.9961947 0 0 0 0 1 0 0 0 0 1 -0.9975641 -0.06975623 0 0 0.06975623 -0.9975641 0 0 0 0 1 0 0 0 0 1 -0.9986295 -0.05233605 0 0 0.05233605 -0.9986295 0 0 0 0 1 0 0 0 0 1 -0.9993908 -0.03489945 0 0 0.03489945 -0.9993908 0 0 0 0 1 0 0 0 0 1 -0.9998477 -0.01745246 0 0 0.01745246 -0.9998477 0 0 0 0 1 0 0 0 0 1 -1 8.74228e-8 0 0 -8.74228e-8 -1 0 0 0 0 1 0 0 0 0 1 -0.9998477 0.01745263 0 0 -0.01745263 -0.9998477 0 0 0 0 1 0 0 0 0 1 -0.9993908 0.03489963 0 0 -0.03489963 -0.9993908 0 0 0 0 1 0 0 0 0 1 -0.9986295 0.05233622 0 0 -0.05233622 -0.9986295 0 0 0 0 1 0 0 0 0 1 -0.9975641 0.0697564 0 0 -0.0697564 -0.9975641 0 0 0 0 1 0 0 0 0 1 -0.9961947 0.08715581 0 0 -0.08715581 -0.9961947 0 0 0 0 1 0 0 0 0 1 -0.9945219 0.1045284 0 0 -0.1045284 -0.9945219 0 0 0 0 1 0 0 0 0 1 -0.9925461 0.1218695 0 0 -0.1218695 -0.9925461 0 0 0 0 1 0 0 0 0 1 -0.9902681 0.1391733 0 0 -0.1391733 -0.9902681 0 0 0 0 1 0 0 0 0 1 -0.9876883 0.1564346 0 0 -0.1564346 -0.9876883 0 0 0 0 1 0 0 0 0 1 -0.9848077 0.1736485 0 0 -0.1736485 -0.9848077 0 0 0 0 1 0 0 0 0 1 -0.9816272 0.190809 0 0 -0.190809 -0.9816272 0 0 0 0 1 0 0 0 0 1 -0.9781476 0.2079118 0 0 -0.2079118 -0.9781476 0 0 0 0 1 0 0 0 0 1 -0.9743701 0.224951 0 0 -0.224951 -0.9743701 0 0 0 0 1 0 0 0 0 1 -0.9702957 0.241922 0 0 -0.241922 -0.9702957 0 0 0 0 1 0 0 0 0 1 -0.9659258 0.2588193 0 0 -0.2588193 -0.9659258 0 0 0 0 1 0 0 0 0 1 -0.9612616 0.2756375 0 0 -0.2756375 -0.9612616 0 0 0 0 1 0 0 0 0 1 -0.9563047 0.292372 0 0 -0.292372 -0.9563047 0 0 0 0 1 0 0 0 0 1 -0.9510565 0.309017 0 0 -0.309017 -0.9510565 0 0 0 0 1 0 0 0 0 1 -0.9455186 0.3255683 0 0 -0.3255683 -0.9455186 0 0 0 0 1 0 0 0 0 1 -0.9396926 0.3420202 0 0 -0.3420202 -0.9396926 0 0 0 0 1 0 0 0 0 1 -0.9335804 0.3583681 0 0 -0.3583681 -0.9335804 0 0 0 0 1 0 0 0 0 1 -0.9271838 0.3746066 0 0 -0.3746066 -0.9271838 0 0 0 0 1 0 0 0 0 1 -0.9205047 0.3907313 0 0 -0.3907313 -0.9205047 0 0 0 0 1 0 0 0 0 1 -0.9135453 0.4067369 0 0 -0.4067369 -0.9135453 0 0 0 0 1 0 0 0 0 1 -0.9063078 0.4226183 0 0 -0.4226183 -0.9063078 0 0 0 0 1 0 0 0 0 1 -0.898794 0.4383713 0 0 -0.4383713 -0.898794 0 0 0 0 1 0 0 0 0 1 -0.8910065 0.4539905 0 0 -0.4539905 -0.8910065 0 0 0 0 1 0 0 0 0 1 -0.8829475 0.4694717 0 0 -0.4694717 -0.8829475 0 0 0 0 1 0 0 0 0 1 -0.8746197 0.4848097 0 0 -0.4848097 -0.8746197 0 0 0 0 1 0 0 0 0 1 -0.8660253 0.5000002 0 0 -0.5000002 -0.8660253 0 0 0 0 1 0 0 0 0 1 -0.8571671 0.5150384 0 0 -0.5150384 -0.8571671 0 0 0 0 1 0 0 0 0 1 -0.8480481 0.5299193 0 0 -0.5299193 -0.8480481 0 0 0 0 1 0 0 0 0 1 -0.8386706 0.544639 0 0 -0.544639 -0.8386706 0 0 0 0 1 0 0 0 0 1 -0.8290375 0.559193 0 0 -0.559193 -0.8290375 0 0 0 0 1 0 0 0 0 1 -0.8191519 0.5735766 0 0 -0.5735766 -0.8191519 0 0 0 0 1 0 0 0 0 1 -0.8090169 0.5877854 0 0 -0.5877854 -0.8090169 0 0 0 0 1 0 0 0 0 1 -0.7986354 0.6018152 0 0 -0.6018152 -0.7986354 0 0 0 0 1 0 0 0 0 1 -0.7880108 0.6156614 0 0 -0.6156614 -0.7880108 0 0 0 0 1 0 0 0 0 1 -0.7771459 0.6293204 0 0 -0.6293204 -0.7771459 0 0 0 0 1 0 0 0 0 1 -0.7660445 0.6427876 0 0 -0.6427876 -0.7660445 0 0 0 0 1 0 0 0 0 1 -0.7547095 0.6560591 0 0 -0.6560591 -0.7547095 0 0 0 0 1 0 0 0 0 1 -0.7431447 0.6691308 0 0 -0.6691308 -0.7431447 0 0 0 0 1 0 0 0 0 1 -0.7313536 0.6819984 0 0 -0.6819984 -0.7313536 0 0 0 0 1 0 0 0 0 1 -0.7193396 0.6946586 0 0 -0.6946586 -0.7193396 0 0 0 0 1 0 0 0 0 1 -0.7071068 0.7071067 0 0 -0.7071067 -0.7071068 0 0 0 0 1 0 0 0 0 1 -0.6946583 0.7193398 0 0 -0.7193398 -0.6946583 0 0 0 0 1 0 0 0 0 1 -0.6819984 0.7313537 0 0 -0.7313537 -0.6819984 0 0 0 0 1 0 0 0 0 1 -0.6691305 0.7431449 0 0 -0.7431449 -0.6691305 0 0 0 0 1 0 0 0 0 1 -0.6560588 0.7547097 0 0 -0.7547097 -0.6560588 0 0 0 0 1 0 0 0 0 1 -0.6427875 0.7660446 0 0 -0.7660446 -0.6427875 0 0 0 0 1 0 0 0 0 1 -0.6293203 0.777146 0 0 -0.777146 -0.6293203 0 0 0 0 1 0 0 0 0 1 -0.6156615 0.7880107 0 0 -0.7880107 -0.6156615 0 0 0 0 1 0 0 0 0 1 -0.6018152 0.7986354 0 0 -0.7986354 -0.6018152 0 0 0 0 1 0 0 0 0 1 -0.5877851 0.8090171 0 0 -0.8090171 -0.5877851 0 0 0 0 1 0 0 0 0 1 -0.5735763 0.8191521 0 0 -0.8191521 -0.5735763 0 0 0 0 1 0 0 0 0 1 -0.5591929 0.8290376 0 0 -0.8290376 -0.5591929 0 0 0 0 1 0 0 0 0 1 -0.5446387 0.8386708 0 0 -0.8386708 -0.5446387 0 0 0 0 1 0 0 0 0 1 -0.529919 0.8480483 0 0 -0.8480483 -0.529919 0 0 0 0 1 0 0 0 0 1 -0.5150383 0.8571672 0 0 -0.8571672 -0.5150383 0 0 0 0 1 0 0 0 0 1 -0.4999999 0.8660254 0 0 -0.8660254 -0.4999999 0 0 0 0 1 0 0 0 0 1 -0.4848096 0.8746197 0 0 -0.8746197 -0.4848096 0 0 0 0 1 0 0 0 0 1 -0.4694716 0.8829476 0 0 -0.8829476 -0.4694716 0 0 0 0 1 0 0 0 0 1 -0.4539902 0.8910066 0 0 -0.8910066 -0.4539902 0 0 0 0 1 0 0 0 0 1 -0.438371 0.8987941 0 0 -0.8987941 -0.438371 0 0 0 0 1 0 0 0 0 1 -0.4226182 0.9063078 0 0 -0.9063078 -0.4226182 0 0 0 0 1 0 0 0 0 1 -0.4067366 0.9135454 0 0 -0.9135454 -0.4067366 0 0 0 0 1 0 0 0 0 1 -0.3907312 0.9205048 0 0 -0.9205048 -0.3907312 0 0 0 0 1 0 0 0 0 1 -0.3746063 0.927184 0 0 -0.927184 -0.3746063 0 0 0 0 1 0 0 0 0 1 -0.3583678 0.9335805 0 0 -0.9335805 -0.3583678 0 0 0 0 1 0 0 0 0 1 -0.3420201 0.9396927 0 0 -0.9396927 -0.3420201 0 0 0 0 1 0 0 0 0 1 -0.3255682 0.9455186 0 0 -0.9455186 -0.3255682 0 0 0 0 1 0 0 0 0 1 -0.3090166 0.9510566 0 0 -0.9510566 -0.3090166 0 0 0 0 1 0 0 0 0 1 -0.2923719 0.9563047 0 0 -0.9563047 -0.2923719 0 0 0 0 1 0 0 0 0 1 -0.2756372 0.9612617 0 0 -0.9612617 -0.2756372 0 0 0 0 1 0 0 0 0 1 -0.258819 0.9659259 0 0 -0.9659259 -0.258819 0 0 0 0 1 0 0 0 0 1 -0.2419219 0.9702957 0 0 -0.9702957 -0.2419219 0 0 0 0 1 0 0 0 0 1 -0.2249507 0.9743701 0 0 -0.9743701 -0.2249507 0 0 0 0 1 0 0 0 0 1 -0.2079114 0.9781476 0 0 -0.9781476 -0.2079114 0 0 0 0 1 0 0 0 0 1 -0.1908088 0.9816272 0 0 -0.9816272 -0.1908088 0 0 0 0 1 0 0 0 0 1 -0.1736481 0.9848078 0 0 -0.9848078 -0.1736481 0 0 0 0 1 0 0 0 0 1 -0.1564345 0.9876883 0 0 -0.9876883 -0.1564345 0 0 0 0 1 0 0 0 0 1 -0.1391733 0.9902681 0 0 -0.9902681 -0.1391733 0 0 0 0 1 0 0 0 0 1 -0.1218691 0.9925462 0 0 -0.9925462 -0.1218691 0 0 0 0 1 0 0 0 0 1 -0.1045283 0.9945219 0 0 -0.9945219 -0.1045283 0 0 0 0 1 0 0 0 0 1 -0.08715571 0.9961947 0 0 -0.9961947 -0.08715571 0 0 0 0 1 0 0 0 0 1 -0.06975607 0.9975641 0 0 -0.9975641 -0.06975607 0 0 0 0 1 0 0 0 0 1 -0.05233612 0.9986295 0 0 -0.9986295 -0.05233612 0 0 0 0 1 0 0 0 0 1 -0.03489929 0.9993908 0 0 -0.9993908 -0.03489929 0 0 0 0 1 0 0 0 0 1 -0.0174523 0.9998477 0 0 -0.9998477 -0.0174523 0 0 0 0 1 0 0 0 0 1 1.19249e-8 1 0 0 -1 1.19249e-8 0 0 0 0 1 0 0 0 0 1 0.0174528 0.9998477 0 0 -0.9998477 0.0174528 0 0 0 0 1 0 0 0 0 1 0.03489979 0.9993908 0 0 -0.9993908 0.03489979 0 0 0 0 1 0 0 0 0 1 0.05233615 0.9986295 0 0 -0.9986295 0.05233615 0 0 0 0 1 0 0 0 0 1 0.06975657 0.997564 0 0 -0.997564 0.06975657 0 0 0 0 1 0 0 0 0 1 0.08715574 0.9961947 0 0 -0.9961947 0.08715574 0 0 0 0 1 0 0 0 0 1 0.1045284 0.9945219 0 0 -0.9945219 0.1045284 0 0 0 0 1 0 0 0 0 1 0.1218696 0.9925461 0 0 -0.9925461 0.1218696 0 0 0 0 1 0 0 0 0 1 0.1391733 0.9902681 0 0 -0.9902681 0.1391733 0 0 0 0 1 0 0 0 0 1 0.1564345 0.9876883 0 0 -0.9876883 0.1564345 0 0 0 0 1 0 0 0 0 1 0.1736486 0.9848077 0 0 -0.9848077 0.1736486 0 0 0 0 1 0 0 0 0 1 0.1908089 0.9816272 0 0 -0.9816272 0.1908089 0 0 0 0 1 0 0 0 0 1 0.2079119 0.9781476 0 0 -0.9781476 0.2079119 0 0 0 0 1 0 0 0 0 1 0.2249512 0.97437 0 0 -0.97437 0.2249512 0 0 0 0 1 0 0 0 0 1 0.2419219 0.9702957 0 0 -0.9702957 0.2419219 0 0 0 0 1 0 0 0 0 1 0.2588195 0.9659257 0 0 -0.9659257 0.2588195 0 0 0 0 1 0 0 0 0 1 0.2756377 0.9612616 0 0 -0.9612616 0.2756377 0 0 0 0 1 0 0 0 0 1 0.2923719 0.9563047 0 0 -0.9563047 0.2923719 0 0 0 0 1 0 0 0 0 1 0.3090171 0.9510565 0 0 -0.9510565 0.3090171 0 0 0 0 1 0 0 0 0 1 0.3255682 0.9455186 0 0 -0.9455186 0.3255682 0 0 0 0 1 0 0 0 0 1 0.3420201 0.9396926 0 0 -0.9396926 0.3420201 0 0 0 0 1 0 0 0 0 1 0.3583682 0.9335803 0 0 -0.9335803 0.3583682 0 0 0 0 1 0 0 0 0 1 0.3746068 0.9271837 0 0 -0.9271837 0.3746068 0 0 0 0 1 0 0 0 0 1 0.3907312 0.9205048 0 0 -0.9205048 0.3907312 0 0 0 0 1 0 0 0 0 1 0.4067371 0.9135453 0 0 -0.9135453 0.4067371 0 0 0 0 1 0 0 0 0 1 0.4226182 0.9063078 0 0 -0.9063078 0.4226182 0 0 0 0 1 0 0 0 0 1 0.4383714 0.8987939 0 0 -0.8987939 0.4383714 0 0 0 0 1 0 0 0 0 1 0.4539907 0.8910064 0 0 -0.8910064 0.4539907 0 0 0 0 1 0 0 0 0 1 0.4694717 0.8829476 0 0 -0.8829476 0.4694717 0 0 0 0 1 0 0 0 0 1 0.4848096 0.8746197 0 0 -0.8746197 0.4848096 0 0 0 0 1 0 0 0 0 1 0.5000004 0.8660252 0 0 -0.8660252 0.5000004 0 0 0 0 1 0 0 0 0 1 0.5150379 0.8571674 0 0 -0.8571674 0.5150379 0 0 0 0 1 0 0 0 0 1 0.5299194 0.848048 0 0 -0.848048 0.5299194 0 0 0 0 1 0 0 0 0 1 0.5446391 0.8386705 0 0 -0.8386705 0.5446391 0 0 0 0 1 0 0 0 0 1 0.5591929 0.8290376 0 0 -0.8290376 0.5591929 0 0 0 0 1 0 0 0 0 1 0.5735767 0.8191518 0 0 -0.8191518 0.5735767 0 0 0 0 1 0 0 0 0 1 0.5877855 0.8090168 0 0 -0.8090168 0.5877855 0 0 0 0 1 0 0 0 0 1 0.6018152 0.7986354 0 0 -0.7986354 0.6018152 0 0 0 0 1 0 0 0 0 1 0.6156615 0.7880107 0 0 -0.7880107 0.6156615 0 0 0 0 1 0 0 0 0 1 0.6293204 0.777146 0 0 -0.777146 0.6293204 0 0 0 0 1 0 0 0 0 1 0.6427875 0.7660445 0 0 -0.7660445 0.6427875 0 0 0 0 1 0 0 0 0 1 0.6560592 0.7547094 0 0 -0.7547094 0.6560592 0 0 0 0 1 0 0 0 0 1 0.6691307 0.7431448 0 0 -0.7431448 0.6691307 0 0 0 0 1 0 0 0 0 1 0.6819984 0.7313536 0 0 -0.7313536 0.6819984 0 0 0 0 1 0 0 0 0 1 0.6946587 0.7193395 0 0 -0.7193395 0.6946587 0 0 0 0 1 0 0 0 0 1 0.7071066 0.7071069 0 0 -0.7071069 0.7071066 0 0 0 0 1 0 0 0 0 1 0.71934 0.6946582 0 0 -0.6946582 0.71934 0 0 0 0 1 0 0 0 0 1 0.7313538 0.6819983 0 0 -0.6819983 0.7313538 0 0 0 0 1 0 0 0 0 1 0.7431449 0.6691306 0 0 -0.6691306 0.7431449 0 0 0 0 1 0 0 0 0 1 0.7547098 0.6560587 0 0 -0.6560587 0.7547098 0 0 0 0 1 0 0 0 0 1 0.7660446 0.6427874 0 0 -0.6427874 0.7660446 0 0 0 0 1 0 0 0 0 1 0.7771461 0.6293202 0 0 -0.6293202 0.7771461 0 0 0 0 1 0 0 0 0 1 0.7880108 0.6156614 0 0 -0.6156614 0.7880108 0 0 0 0 1 0 0 0 0 1 0.7986355 0.601815 0 0 -0.601815 0.7986355 0 0 0 0 1 0 0 0 0 1 0.8090169 0.5877853 0 0 -0.5877853 0.8090169 0 0 0 0 1 0 0 0 0 1 0.8191522 0.5735762 0 0 -0.5735762 0.8191522 0 0 0 0 1 0 0 0 0 1 0.8290374 0.5591931 0 0 -0.5591931 0.8290374 0 0 0 0 1 0 0 0 0 1 0.8386706 0.5446389 0 0 -0.5446389 0.8386706 0 0 0 0 1 0 0 0 0 1 0.8480481 0.5299193 0 0 -0.5299193 0.8480481 0 0 0 0 1 0 0 0 0 1 0.8571672 0.5150381 0 0 -0.5150381 0.8571672 0 0 0 0 1 0 0 0 0 1 0.8660256 0.4999998 0 0 -0.4999998 0.8660256 0 0 0 0 1 0 0 0 0 1 0.8746198 0.4848095 0 0 -0.4848095 0.8746198 0 0 0 0 1 0 0 0 0 1 0.8829476 0.4694715 0 0 -0.4694715 0.8829476 0 0 0 0 1 0 0 0 0 1 0.8910065 0.4539905 0 0 -0.4539905 0.8910065 0 0 0 0 1 0 0 0 0 1 0.8987942 0.4383708 0 0 -0.4383708 0.8987942 0 0 0 0 1 0 0 0 0 1 0.9063079 0.422618 0 0 -0.422618 0.9063079 0 0 0 0 1 0 0 0 0 1 0.9135455 0.4067365 0 0 -0.4067365 0.9135455 0 0 0 0 1 0 0 0 0 1 0.920505 0.3907306 0 0 -0.3907306 0.920505 0 0 0 0 1 0 0 0 0 1 0.927184 0.3746062 0 0 -0.3746062 0.927184 0 0 0 0 1 0 0 0 0 1 0.9335806 0.3583676 0 0 -0.3583676 0.9335806 0 0 0 0 1 0 0 0 0 1 0.9396926 0.3420204 0 0 -0.3420204 0.9396926 0 0 0 0 1 0 0 0 0 1 0.9455186 0.325568 0 0 -0.325568 0.9455186 0 0 0 0 1 0 0 0 0 1 0.9510565 0.3090169 0 0 -0.3090169 0.9510565 0 0 0 0 1 0 0 0 0 1 0.9563047 0.2923717 0 0 -0.2923717 0.9563047 0 0 0 0 1 0 0 0 0 1 0.9612616 0.2756375 0 0 -0.2756375 0.9612616 0 0 0 0 1 0 0 0 0 1 0.9659259 0.2588188 0 0 -0.2588188 0.9659259 0 0 0 0 1 0 0 0 0 1 0.9702958 0.2419218 0 0 -0.2419218 0.9702958 0 0 0 0 1 0 0 0 0 1 0.9743701 0.224951 0 0 -0.224951 0.9743701 0 0 0 0 1 0 0 0 0 1 0.9781477 0.2079113 0 0 -0.2079113 0.9781477 0 0 0 0 1 0 0 0 0 1 0.9816272 0.1908087 0 0 -0.1908087 0.9816272 0 0 0 0 1 0 0 0 0 1 0.9848078 0.173648 0 0 -0.173648 0.9848078 0 0 0 0 1 0 0 0 0 1 0.9876884 0.1564339 0 0 -0.1564339 0.9876884 0 0 0 0 1 0 0 0 0 1 0.9902681 0.1391726 0 0 -0.1391726 0.9902681 0 0 0 0 1 0 0 0 0 1 0.9925461 0.1218694 0 0 -0.1218694 0.9925461 0 0 0 0 1 0 0 0 0 1 0.9945219 0.1045287 0 0 -0.1045287 0.9945219 0 0 0 0 1 0 0 0 0 1 0.9961947 0.08715603 0 0 -0.08715603 0.9961947 0 0 0 0 1 0 0 0 0 1 0.9975641 0.06975638 0 0 -0.06975638 0.9975641 0 0 0 0 1 0 0 0 0 1 0.9986295 0.05233596 0 0 -0.05233596 0.9986295 0 0 0 0 1 0 0 0 0 1 0.9993908 0.0348996 0 0 -0.0348996 0.9993908 0 0 0 0 1 0 0 0 0 1 0.9998477 0.01745213 0 0 -0.01745213 0.9998477 0 0 0 0 1 0 0 0 0 1 1 -1.74846e-7 0 0 1.74846e-7 1 0 0 0 0 1 0 0 0 0 1</float_array>
          <technique_common>
            <accessor source="#_0250410_110052_D_12_5_k_7_Area3_str_003_20250410_110052_D_12_5_k_7_Area3_str_001Action_009_transform-output-array" count="361" stride="16">
              <param name="TRANSFORM" type="float4x4"/>
            </accessor>
          </technique_common>
        </source>
        <source id="_0250410_110052_D_12_5_k_7_Area3_str_003_20250410_110052_D_12_5_k_7_Area3_str_001Action_009_transform-interpolation">
          <Name_array id="_0250410_110052_D_12_5_k_7_Area3_str_003_20250410_110052_D_12_5_k_7_Area3_str_001Action_009_transform-interpolation-array" count="361">LINEAR LINEAR LINEAR LINEAR LINEAR LINEAR LINEAR LINEAR LINEAR LINEAR LINEAR LINEAR LINEAR LINEAR LINEAR LINEAR LINEAR LINEAR LINEAR LINEAR LINEAR LINEAR LINEAR LINEAR LINEAR LINEAR LINEAR LINEAR LINEAR LINEAR LINEAR LINEAR LINEAR LINEAR LINEAR LINEAR LINEAR LINEAR LINEAR LINEAR LINEAR LINEAR LINEAR LINEAR LINEAR LINEAR LINEAR LINEAR LINEAR LINEAR LINEAR LINEAR LINEAR LINEAR LINEAR LINEAR LINEAR LINEAR LINEAR LINEAR LINEAR LINEAR LINEAR LINEAR LINEAR LINEAR LINEAR LINEAR LINEAR LINEAR LINEAR LINEAR LINEAR LINEAR LINEAR LINEAR LINEAR LINEAR LINEAR LINEAR LINEAR LINEAR LINEAR LINEAR LINEAR LINEAR LINEAR LINEAR LINEAR LINEAR LINEAR LINEAR LINEAR LINEAR LINEAR LINEAR LINEAR LINEAR LINEAR LINEAR LINEAR LINEAR LINEAR LINEAR LINEAR LINEAR LINEAR LINEAR LINEAR LINEAR LINEAR LINEAR LINEAR LINEAR LINEAR LINEAR LINEAR LINEAR LINEAR LINEAR LINEAR LINEAR LINEAR LINEAR LINEAR LINEAR LINEAR LINEAR LINEAR LINEAR LINEAR LINEAR LINEAR LINEAR LINEAR LINEAR LINEAR LINEAR LINEAR LINEAR LINEAR LINEAR LINEAR LINEAR LINEAR LINEAR LINEAR LINEAR LINEAR LINEAR LINEAR LINEAR LINEAR LINEAR LINEAR LINEAR LINEAR LINEAR LINEAR LINEAR LINEAR LINEAR LINEAR LINEAR LINEAR LINEAR LINEAR LINEAR LINEAR LINEAR LINEAR LINEAR LINEAR LINEAR LINEAR LINEAR LINEAR LINEAR LINEAR LINEAR LINEAR LINEAR LINEAR LINEAR LINEAR LINEAR LINEAR LINEAR LINEAR LINEAR LINEAR LINEAR LINEAR LINEAR LINEAR LINEAR LINEAR LINEAR LINEAR LINEAR LINEAR LINEAR LINEAR LINEAR LINEAR LINEAR LINEAR LINEAR LINEAR LINEAR LINEAR LINEAR LINEAR LINEAR LINEAR LINEAR LINEAR LINEAR LINEAR LINEAR LINEAR LINEAR LINEAR LINEAR LINEAR LINEAR LINEAR LINEAR LINEAR LINEAR LINEAR LINEAR LINEAR LINEAR LINEAR LINEAR LINEAR LINEAR LINEAR LINEAR LINEAR LINEAR LINEAR LINEAR LINEAR LINEAR LINEAR LINEAR LINEAR LINEAR LINEAR LINEAR LINEAR LINEAR LINEAR LINEAR LINEAR LINEAR LINEAR LINEAR LINEAR LINEAR LINEAR LINEAR LINEAR LINEAR LINEAR LINEAR LINEAR LINEAR LINEAR LINEAR LINEAR LINEAR LINEAR LINEAR LINEAR LINEAR LINEAR LINEAR LINEAR LINEAR LINEAR LINEAR LINEAR LINEAR LINEAR LINEAR LINEAR LINEAR LINEAR LINEAR LINEAR LINEAR LINEAR LINEAR LINEAR LINEAR LINEAR LINEAR LINEAR LINEAR LINEAR LINEAR LINEAR LINEAR LINEAR LINEAR LINEAR LINEAR LINEAR LINEAR LINEAR LINEAR LINEAR LINEAR LINEAR LINEAR LINEAR LINEAR LINEAR LINEAR LINEAR LINEAR LINEAR LINEAR LINEAR LINEAR LINEAR LINEAR LINEAR LINEAR LINEAR LINEAR LINEAR LINEAR LINEAR LINEAR LINEAR LINEAR LINEAR LINEAR LINEAR LINEAR LINEAR LINEAR LINEAR LINEAR LINEAR LINEAR LINEAR LINEAR LINEAR LINEAR LINEAR LINEAR LINEAR LINEAR LINEAR LINEAR LINEAR</Name_array>
          <technique_common>
            <accessor source="#_0250410_110052_D_12_5_k_7_Area3_str_003_20250410_110052_D_12_5_k_7_Area3_str_001Action_009_transform-interpolation-array" count="361" stride="1">
              <param name="INTERPOLATION" type="name"/>
            </accessor>
          </technique_common>
        </source>
        <sampler id="_0250410_110052_D_12_5_k_7_Area3_str_003_20250410_110052_D_12_5_k_7_Area3_str_001Action_009_transform-sampler">
          <input semantic="INPUT" source="#_0250410_110052_D_12_5_k_7_Area3_str_003_20250410_110052_D_12_5_k_7_Area3_str_001Action_009_transform-input"/>
          <input semantic="OUTPUT" source="#_0250410_110052_D_12_5_k_7_Area3_str_003_20250410_110052_D_12_5_k_7_Area3_str_001Action_009_transform-output"/>
          <input semantic="INTERPOLATION" source="#_0250410_110052_D_12_5_k_7_Area3_str_003_20250410_110052_D_12_5_k_7_Area3_str_001Action_009_transform-interpolation"/>
        </sampler>
        <channel source="#_0250410_110052_D_12_5_k_7_Area3_str_003_20250410_110052_D_12_5_k_7_Area3_str_001Action_009_transform-sampler" target="_0250410_110052_D_12_5_k_7_Area3_str_003/transform"/>
      </animation>
    </animation>
    <animation id="action_container-_0250410_110052_D_12_5_k_7_Area4_str_003" name="20250410_110052_D=12.5_k=7_Area4_str.003">
      <animation id="_0250410_110052_D_12_5_k_7_Area4_str_003_20250410_110052_D_12_5_k_7_Area4_str_001Action_009_transform" name="20250410_110052_D=12.5_k=7_Area4_str.003">
        <source id="_0250410_110052_D_12_5_k_7_Area4_str_003_20250410_110052_D_12_5_k_7_Area4_str_001Action_009_transform-input">
          <float_array id="_0250410_110052_D_12_5_k_7_Area4_str_003_20250410_110052_D_12_5_k_7_Area4_str_001Action_009_transform-input-array" count="361">0 0.04166662 0.08333331 0.125 0.1666666 0.2083333 0.25 0.2916666 0.3333333 0.375 0.4166666 0.4583333 0.5 0.5416667 0.5833333 0.625 0.6666667 0.7083333 0.75 0.7916667 0.8333333 0.875 0.9166667 0.9583333 1 1.041667 1.083333 1.125 1.166667 1.208333 1.25 1.291667 1.333333 1.375 1.416667 1.458333 1.5 1.541667 1.583333 1.625 1.666667 1.708333 1.75 1.791667 1.833333 1.875 1.916667 1.958333 2 2.041667 2.083333 2.125 2.166667 2.208333 2.25 2.291667 2.333333 2.375 2.416667 2.458333 2.5 2.541667 2.583333 2.625 2.666667 2.708333 2.75 2.791667 2.833333 2.875 2.916667 2.958333 3 3.041667 3.083333 3.125 3.166667 3.208333 3.25 3.291667 3.333333 3.375 3.416667 3.458333 3.5 3.541667 3.583333 3.625 3.666667 3.708333 3.75 3.791667 3.833333 3.875 3.916667 3.958333 4 4.041666 4.083333 4.125 4.166666 4.208333 4.25 4.291666 4.333333 4.375 4.416666 4.458333 4.5 4.541666 4.583333 4.625 4.666666 4.708333 4.75 4.791666 4.833333 4.875 4.916666 4.958333 5 5.041666 5.083333 5.125 5.166666 5.208333 5.25 5.291666 5.333333 5.375 5.416666 5.458333 5.5 5.541666 5.583333 5.625 5.666666 5.708333 5.75 5.791666 5.833333 5.875 5.916666 5.958333 6 6.041666 6.083333 6.125 6.166666 6.208333 6.25 6.291666 6.333333 6.375 6.416666 6.458333 6.5 6.541666 6.583333 6.625 6.666666 6.708333 6.75 6.791666 6.833333 6.875 6.916666 6.958333 7 7.041666 7.083333 7.125 7.166666 7.208333 7.25 7.291666 7.333333 7.375 7.416666 7.458333 7.5 7.541666 7.583333 7.625 7.666666 7.708333 7.75 7.791666 7.833333 7.875 7.916666 7.958333 8 8.041667 8.083333 8.125 8.166667 8.208333 8.25 8.291667 8.333333 8.375 8.416667 8.458333 8.5 8.541667 8.583333 8.625 8.666667 8.708333 8.75 8.791667 8.833333 8.875 8.916667 8.958333 9 9.041667 9.083333 9.125 9.166667 9.208333 9.25 9.291667 9.333333 9.375 9.416667 9.458333 9.5 9.541667 9.583333 9.625 9.666667 9.708333 9.75 9.791667 9.833333 9.875 9.916667 9.958333 10 10.04167 10.08333 10.125 10.16667 10.20833 10.25 10.29167 10.33333 10.375 10.41667 10.45833 10.5 10.54167 10.58333 10.625 10.66667 10.70833 10.75 10.79167 10.83333 10.875 10.91667 10.95833 11 11.04167 11.08333 11.125 11.16667 11.20833 11.25 11.29167 11.33333 11.375 11.41667 11.45833 11.5 11.54167 11.58333 11.625 11.66667 11.70833 11.75 11.79167 11.83333 11.875 11.91667 11.95833 12 12.04167 12.08333 12.125 12.16667 12.20833 12.25 12.29167 12.33333 12.375 12.41667 12.45833 12.5 12.54167 12.58333 12.625 12.66667 12.70833 12.75 12.79167 12.83333 12.875 12.91667 12.95833 13 13.04167 13.08333 13.125 13.16667 13.20833 13.25 13.29167 13.33333 13.375 13.41667 13.45833 13.5 13.54167 13.58333 13.625 13.66667 13.70833 13.75 13.79167 13.83333 13.875 13.91667 13.95833 14 14.04167 14.08333 14.125 14.16667 14.20833 14.25 14.29167 14.33333 14.375 14.41667 14.45833 14.5 14.54167 14.58333 14.625 14.66667 14.70833 14.75 14.79167 14.83333 14.875 14.91667 14.95833 15</float_array>
          <technique_common>
            <accessor source="#_0250410_110052_D_12_5_k_7_Area4_str_003_20250410_110052_D_12_5_k_7_Area4_str_001Action_009_transform-input-array" count="361" stride="1">
              <param name="TIME" type="float"/>
            </accessor>
          </technique_common>
        </source>
        <source id="_0250410_110052_D_12_5_k_7_Area4_str_003_20250410_110052_D_12_5_k_7_Area4_str_001Action_009_transform-output">
          <float_array id="_0250410_110052_D_12_5_k_7_Area4_str_003_20250410_110052_D_12_5_k_7_Area4_str_001Action_009_transform-output-array" count="5776">1 0 0 0 0 1 0 0 0 0 1 0 0 0 0 1 0.9998477 -0.01745241 0 0 0.01745241 0.9998477 0 0 0 0 1 0 0 0 0 1 0.9993908 -0.0348995 0 0 0.0348995 0.9993908 0 0 0 0 1 0 0 0 0 1 0.9986295 -0.05233596 0 0 0.05233596 0.9986295 0 0 0 0 1 0 0 0 0 1 0.9975641 -0.06975647 0 0 0.06975647 0.9975641 0 0 0 0 1 0 0 0 0 1 0.9961947 -0.08715574 0 0 0.08715574 0.9961947 0 0 0 0 1 0 0 0 0 1 0.9945219 -0.1045285 0 0 0.1045285 0.9945219 0 0 0 0 1 0 0 0 0 1 0.9925461 -0.1218693 0 0 0.1218693 0.9925461 0 0 0 0 1 0 0 0 0 1 0.9902681 -0.1391731 0 0 0.1391731 0.9902681 0 0 0 0 1 0 0 0 0 1 0.9876884 -0.1564345 0 0 0.1564345 0.9876884 0 0 0 0 1 0 0 0 0 1 0.9848077 -0.1736482 0 0 0.1736482 0.9848077 0 0 0 0 1 0 0 0 0 1 0.9816272 -0.190809 0 0 0.190809 0.9816272 0 0 0 0 1 0 0 0 0 1 0.9781476 -0.2079117 0 0 0.2079117 0.9781476 0 0 0 0 1 0 0 0 0 1 0.9743701 -0.2249511 0 0 0.2249511 0.9743701 0 0 0 0 1 0 0 0 0 1 0.9702957 -0.2419219 0 0 0.2419219 0.9702957 0 0 0 0 1 0 0 0 0 1 0.9659258 -0.258819 0 0 0.258819 0.9659258 0 0 0 0 1 0 0 0 0 1 0.9612617 -0.2756374 0 0 0.2756374 0.9612617 0 0 0 0 1 0 0 0 0 1 0.9563047 -0.2923717 0 0 0.2923717 0.9563047 0 0 0 0 1 0 0 0 0 1 0.9510565 -0.309017 0 0 0.309017 0.9510565 0 0 0 0 1 0 0 0 0 1 0.9455186 -0.3255681 0 0 0.3255681 0.9455186 0 0 0 0 1 0 0 0 0 1 0.9396926 -0.3420202 0 0 0.3420202 0.9396926 0 0 0 0 1 0 0 0 0 1 0.9335804 -0.3583679 0 0 0.3583679 0.9335804 0 0 0 0 1 0 0 0 0 1 0.9271839 -0.3746066 0 0 0.3746066 0.9271839 0 0 0 0 1 0 0 0 0 1 0.9205049 -0.3907311 0 0 0.3907311 0.9205049 0 0 0 0 1 0 0 0 0 1 0.9135454 -0.4067366 0 0 0.4067366 0.9135454 0 0 0 0 1 0 0 0 0 1 0.9063078 -0.4226183 0 0 0.4226183 0.9063078 0 0 0 0 1 0 0 0 0 1 0.8987941 -0.4383712 0 0 0.4383712 0.8987941 0 0 0 0 1 0 0 0 0 1 0.8910065 -0.4539905 0 0 0.4539905 0.8910065 0 0 0 0 1 0 0 0 0 1 0.8829476 -0.4694716 0 0 0.4694716 0.8829476 0 0 0 0 1 0 0 0 0 1 0.8746197 -0.4848096 0 0 0.4848096 0.8746197 0 0 0 0 1 0 0 0 0 1 0.8660254 -0.5 0 0 0.5 0.8660254 0 0 0 0 1 0 0 0 0 1 0.8571673 -0.5150381 0 0 0.5150381 0.8571673 0 0 0 0 1 0 0 0 0 1 0.8480481 -0.5299193 0 0 0.5299193 0.8480481 0 0 0 0 1 0 0 0 0 1 0.8386706 -0.5446391 0 0 0.5446391 0.8386706 0 0 0 0 1 0 0 0 0 1 0.8290375 -0.559193 0 0 0.559193 0.8290375 0 0 0 0 1 0 0 0 0 1 0.819152 -0.5735765 0 0 0.5735765 0.819152 0 0 0 0 1 0 0 0 0 1 0.809017 -0.5877852 0 0 0.5877852 0.809017 0 0 0 0 1 0 0 0 0 1 0.7986355 -0.601815 0 0 0.601815 0.7986355 0 0 0 0 1 0 0 0 0 1 0.7880108 -0.6156615 0 0 0.6156615 0.7880108 0 0 0 0 1 0 0 0 0 1 0.7771459 -0.6293204 0 0 0.6293204 0.7771459 0 0 0 0 1 0 0 0 0 1 0.7660444 -0.6427876 0 0 0.6427876 0.7660444 0 0 0 0 1 0 0 0 0 1 0.7547096 -0.656059 0 0 0.656059 0.7547096 0 0 0 0 1 0 0 0 0 1 0.7431448 -0.6691306 0 0 0.6691306 0.7431448 0 0 0 0 1 0 0 0 0 1 0.7313537 -0.6819984 0 0 0.6819984 0.7313537 0 0 0 0 1 0 0 0 0 1 0.7193397 -0.6946584 0 0 0.6946584 0.7193397 0 0 0 0 1 0 0 0 0 1 0.7071068 -0.7071068 0 0 0.7071068 0.7071068 0 0 0 0 1 0 0 0 0 1 0.6946584 -0.7193398 0 0 0.7193398 0.6946584 0 0 0 0 1 0 0 0 0 1 0.6819983 -0.7313538 0 0 0.7313538 0.6819983 0 0 0 0 1 0 0 0 0 1 0.6691306 -0.7431449 0 0 0.7431449 0.6691306 0 0 0 0 1 0 0 0 0 1 0.656059 -0.7547096 0 0 0.7547096 0.656059 0 0 0 0 1 0 0 0 0 1 0.6427876 -0.7660444 0 0 0.7660444 0.6427876 0 0 0 0 1 0 0 0 0 1 0.6293203 -0.777146 0 0 0.777146 0.6293203 0 0 0 0 1 0 0 0 0 1 0.6156614 -0.7880108 0 0 0.7880108 0.6156614 0 0 0 0 1 0 0 0 0 1 0.601815 -0.7986355 0 0 0.7986355 0.601815 0 0 0 0 1 0 0 0 0 1 0.5877852 -0.809017 0 0 0.809017 0.5877852 0 0 0 0 1 0 0 0 0 1 0.5735765 -0.8191521 0 0 0.8191521 0.5735765 0 0 0 0 1 0 0 0 0 1 0.5591928 -0.8290376 0 0 0.8290376 0.5591928 0 0 0 0 1 0 0 0 0 1 0.544639 -0.8386706 0 0 0.8386706 0.544639 0 0 0 0 1 0 0 0 0 1 0.5299193 -0.8480481 0 0 0.8480481 0.5299193 0 0 0 0 1 0 0 0 0 1 0.5150381 -0.8571673 0 0 0.8571673 0.5150381 0 0 0 0 1 0 0 0 0 1 0.5 -0.8660254 0 0 0.8660254 0.5 0 0 0 0 1 0 0 0 0 1 0.4848096 -0.8746197 0 0 0.8746197 0.4848096 0 0 0 0 1 0 0 0 0 1 0.4694715 -0.8829476 0 0 0.8829476 0.4694715 0 0 0 0 1 0 0 0 0 1 0.4539904 -0.8910066 0 0 0.8910066 0.4539904 0 0 0 0 1 0 0 0 0 1 0.4383712 -0.8987941 0 0 0.8987941 0.4383712 0 0 0 0 1 0 0 0 0 1 0.4226182 -0.9063078 0 0 0.9063078 0.4226182 0 0 0 0 1 0 0 0 0 1 0.4067366 -0.9135455 0 0 0.9135455 0.4067366 0 0 0 0 1 0 0 0 0 1 0.3907311 -0.9205049 0 0 0.9205049 0.3907311 0 0 0 0 1 0 0 0 0 1 0.3746065 -0.9271839 0 0 0.9271839 0.3746065 0 0 0 0 1 0 0 0 0 1 0.358368 -0.9335804 0 0 0.9335804 0.358368 0 0 0 0 1 0 0 0 0 1 0.34202 -0.9396927 0 0 0.9396927 0.34202 0 0 0 0 1 0 0 0 0 1 0.3255681 -0.9455186 0 0 0.9455186 0.3255681 0 0 0 0 1 0 0 0 0 1 0.309017 -0.9510565 0 0 0.9510565 0.309017 0 0 0 0 1 0 0 0 0 1 0.2923717 -0.9563048 0 0 0.9563048 0.2923717 0 0 0 0 1 0 0 0 0 1 0.2756373 -0.9612617 0 0 0.9612617 0.2756373 0 0 0 0 1 0 0 0 0 1 0.258819 -0.9659259 0 0 0.9659259 0.258819 0 0 0 0 1 0 0 0 0 1 0.2419219 -0.9702957 0 0 0.9702957 0.2419219 0 0 0 0 1 0 0 0 0 1 0.224951 -0.9743701 0 0 0.9743701 0.224951 0 0 0 0 1 0 0 0 0 1 0.2079117 -0.9781476 0 0 0.9781476 0.2079117 0 0 0 0 1 0 0 0 0 1 0.1908089 -0.9816272 0 0 0.9816272 0.1908089 0 0 0 0 1 0 0 0 0 1 0.1736481 -0.9848078 0 0 0.9848078 0.1736481 0 0 0 0 1 0 0 0 0 1 0.1564345 -0.9876884 0 0 0.9876884 0.1564345 0 0 0 0 1 0 0 0 0 1 0.1391731 -0.9902681 0 0 0.9902681 0.1391731 0 0 0 0 1 0 0 0 0 1 0.1218693 -0.9925461 0 0 0.9925461 0.1218693 0 0 0 0 1 0 0 0 0 1 0.1045284 -0.9945219 0 0 0.9945219 0.1045284 0 0 0 0 1 0 0 0 0 1 0.0871558 -0.9961947 0 0 0.9961947 0.0871558 0 0 0 0 1 0 0 0 0 1 0.06975651 -0.9975641 0 0 0.9975641 0.06975651 0 0 0 0 1 0 0 0 0 1 0.05233585 -0.9986295 0 0 0.9986295 0.05233585 0 0 0 0 1 0 0 0 0 1 0.03489938 -0.9993908 0 0 0.9993908 0.03489938 0 0 0 0 1 0 0 0 0 1 0.01745238 -0.9998477 0 0 0.9998477 0.01745238 0 0 0 0 1 0 0 0 0 1 -4.37114e-8 -1 0 0 1 -4.37114e-8 0 0 0 0 1 0 0 0 0 1 -0.01745247 -0.9998477 0 0 0.9998477 -0.01745247 0 0 0 0 1 0 0 0 0 1 -0.03489946 -0.9993908 0 0 0.9993908 -0.03489946 0 0 0 0 1 0 0 0 0 1 -0.05233594 -0.9986295 0 0 0.9986295 -0.05233594 0 0 0 0 1 0 0 0 0 1 -0.0697566 -0.997564 0 0 0.997564 -0.0697566 0 0 0 0 1 0 0 0 0 1 -0.08715589 -0.9961947 0 0 0.9961947 -0.08715589 0 0 0 0 1 0 0 0 0 1 -0.1045285 -0.9945219 0 0 0.9945219 -0.1045285 0 0 0 0 1 0 0 0 0 1 -0.1218694 -0.9925461 0 0 0.9925461 -0.1218694 0 0 0 0 1 0 0 0 0 1 -0.1391732 -0.9902681 0 0 0.9902681 -0.1391732 0 0 0 0 1 0 0 0 0 1 -0.1564344 -0.9876884 0 0 0.9876884 -0.1564344 0 0 0 0 1 0 0 0 0 1 -0.1736482 -0.9848077 0 0 0.9848077 -0.1736482 0 0 0 0 1 0 0 0 0 1 -0.190809 -0.9816272 0 0 0.9816272 -0.190809 0 0 0 0 1 0 0 0 0 1 -0.2079118 -0.9781476 0 0 0.9781476 -0.2079118 0 0 0 0 1 0 0 0 0 1 -0.2249511 -0.9743701 0 0 0.9743701 -0.2249511 0 0 0 0 1 0 0 0 0 1 -0.241922 -0.9702957 0 0 0.9702957 -0.241922 0 0 0 0 1 0 0 0 0 1 -0.2588192 -0.9659258 0 0 0.9659258 -0.2588192 0 0 0 0 1 0 0 0 0 1 -0.2756374 -0.9612617 0 0 0.9612617 -0.2756374 0 0 0 0 1 0 0 0 0 1 -0.2923717 -0.9563047 0 0 0.9563047 -0.2923717 0 0 0 0 1 0 0 0 0 1 -0.309017 -0.9510565 0 0 0.9510565 -0.309017 0 0 0 0 1 0 0 0 0 1 -0.3255681 -0.9455186 0 0 0.9455186 -0.3255681 0 0 0 0 1 0 0 0 0 1 -0.3420201 -0.9396926 0 0 0.9396926 -0.3420201 0 0 0 0 1 0 0 0 0 1 -0.3583681 -0.9335804 0 0 0.9335804 -0.3583681 0 0 0 0 1 0 0 0 0 1 -0.3746067 -0.9271838 0 0 0.9271838 -0.3746067 0 0 0 0 1 0 0 0 0 1 -0.3907312 -0.9205049 0 0 0.9205049 -0.3907312 0 0 0 0 1 0 0 0 0 1 -0.4067367 -0.9135454 0 0 0.9135454 -0.4067367 0 0 0 0 1 0 0 0 0 1 -0.4226183 -0.9063078 0 0 0.9063078 -0.4226183 0 0 0 0 1 0 0 0 0 1 -0.4383711 -0.8987941 0 0 0.8987941 -0.4383711 0 0 0 0 1 0 0 0 0 1 -0.4539906 -0.8910065 0 0 0.8910065 -0.4539906 0 0 0 0 1 0 0 0 0 1 -0.4694716 -0.8829476 0 0 0.8829476 -0.4694716 0 0 0 0 1 0 0 0 0 1 -0.4848098 -0.8746196 0 0 0.8746196 -0.4848098 0 0 0 0 1 0 0 0 0 1 -0.5000001 -0.8660254 0 0 0.8660254 -0.5000001 0 0 0 0 1 0 0 0 0 1 -0.515038 -0.8571673 0 0 0.8571673 -0.515038 0 0 0 0 1 0 0 0 0 1 -0.5299193 -0.848048 0 0 0.848048 -0.5299193 0 0 0 0 1 0 0 0 0 1 -0.5446391 -0.8386706 0 0 0.8386706 -0.5446391 0 0 0 0 1 0 0 0 0 1 -0.559193 -0.8290375 0 0 0.8290375 -0.559193 0 0 0 0 1 0 0 0 0 1 -0.5735765 -0.819152 0 0 0.819152 -0.5735765 0 0 0 0 1 0 0 0 0 1 -0.5877854 -0.8090169 0 0 0.8090169 -0.5877854 0 0 0 0 1 0 0 0 0 1 -0.6018151 -0.7986355 0 0 0.7986355 -0.6018151 0 0 0 0 1 0 0 0 0 1 -0.6156614 -0.7880108 0 0 0.7880108 -0.6156614 0 0 0 0 1 0 0 0 0 1 -0.6293205 -0.7771459 0 0 0.7771459 -0.6293205 0 0 0 0 1 0 0 0 0 1 -0.6427876 -0.7660444 0 0 0.7660444 -0.6427876 0 0 0 0 1 0 0 0 0 1 -0.656059 -0.7547096 0 0 0.7547096 -0.656059 0 0 0 0 1 0 0 0 0 1 -0.6691307 -0.7431448 0 0 0.7431448 -0.6691307 0 0 0 0 1 0 0 0 0 1 -0.6819985 -0.7313536 0 0 0.7313536 -0.6819985 0 0 0 0 1 0 0 0 0 1 -0.6946585 -0.7193397 0 0 0.7193397 -0.6946585 0 0 0 0 1 0 0 0 0 1 -0.7071068 -0.7071068 0 0 0.7071068 -0.7071068 0 0 0 0 1 0 0 0 0 1 -0.7193399 -0.6946583 0 0 0.6946583 -0.7193399 0 0 0 0 1 0 0 0 0 1 -0.7313538 -0.6819983 0 0 0.6819983 -0.7313538 0 0 0 0 1 0 0 0 0 1 -0.7431448 -0.6691306 0 0 0.6691306 -0.7431448 0 0 0 0 1 0 0 0 0 1 -0.7547097 -0.656059 0 0 0.656059 -0.7547097 0 0 0 0 1 0 0 0 0 1 -0.7660446 -0.6427875 0 0 0.6427875 -0.7660446 0 0 0 0 1 0 0 0 0 1 -0.777146 -0.6293203 0 0 0.6293203 -0.777146 0 0 0 0 1 0 0 0 0 1 -0.7880108 -0.6156614 0 0 0.6156614 -0.7880108 0 0 0 0 1 0 0 0 0 1 -0.7986356 -0.6018149 0 0 0.6018149 -0.7986356 0 0 0 0 1 0 0 0 0 1 -0.8090171 -0.5877852 0 0 0.5877852 -0.8090171 0 0 0 0 1 0 0 0 0 1 -0.8191521 -0.5735765 0 0 0.5735765 -0.8191521 0 0 0 0 1 0 0 0 0 1 -0.8290376 -0.5591928 0 0 0.5591928 -0.8290376 0 0 0 0 1 0 0 0 0 1 -0.8386707 -0.5446388 0 0 0.5446388 -0.8386707 0 0 0 0 1 0 0 0 0 1 -0.8480482 -0.5299191 0 0 0.5299191 -0.8480482 0 0 0 0 1 0 0 0 0 1 -0.8571673 -0.515038 0 0 0.515038 -0.8571673 0 0 0 0 1 0 0 0 0 1 -0.8660255 -0.4999998 0 0 0.4999998 -0.8660255 0 0 0 0 1 0 0 0 0 1 -0.8746198 -0.4848095 0 0 0.4848095 -0.8746198 0 0 0 0 1 0 0 0 0 1 -0.8829476 -0.4694716 0 0 0.4694716 -0.8829476 0 0 0 0 1 0 0 0 0 1 -0.8910066 -0.4539904 0 0 0.4539904 -0.8910066 0 0 0 0 1 0 0 0 0 1 -0.8987941 -0.4383711 0 0 0.4383711 -0.8987941 0 0 0 0 1 0 0 0 0 1 -0.9063078 -0.4226183 0 0 0.4226183 -0.9063078 0 0 0 0 1 0 0 0 0 1 -0.9135455 -0.4067366 0 0 0.4067366 -0.9135455 0 0 0 0 1 0 0 0 0 1 -0.9205049 -0.3907309 0 0 0.3907309 -0.9205049 0 0 0 0 1 0 0 0 0 1 -0.9271839 -0.3746065 0 0 0.3746065 -0.9271839 0 0 0 0 1 0 0 0 0 1 -0.9335805 -0.3583679 0 0 0.3583679 -0.9335805 0 0 0 0 1 0 0 0 0 1 -0.9396927 -0.34202 0 0 0.34202 -0.9396927 0 0 0 0 1 0 0 0 0 1 -0.9455186 -0.3255681 0 0 0.3255681 -0.9455186 0 0 0 0 1 0 0 0 0 1 -0.9510565 -0.309017 0 0 0.309017 -0.9510565 0 0 0 0 1 0 0 0 0 1 -0.9563047 -0.2923718 0 0 0.2923718 -0.9563047 0 0 0 0 1 0 0 0 0 1 -0.9612617 -0.2756374 0 0 0.2756374 -0.9612617 0 0 0 0 1 0 0 0 0 1 -0.9659259 -0.2588189 0 0 0.2588189 -0.9659259 0 0 0 0 1 0 0 0 0 1 -0.9702957 -0.2419219 0 0 0.2419219 -0.9702957 0 0 0 0 1 0 0 0 0 1 -0.9743701 -0.2249509 0 0 0.2249509 -0.9743701 0 0 0 0 1 0 0 0 0 1 -0.9781476 -0.2079116 0 0 0.2079116 -0.9781476 0 0 0 0 1 0 0 0 0 1 -0.9816272 -0.1908088 0 0 0.1908088 -0.9816272 0 0 0 0 1 0 0 0 0 1 -0.9848077 -0.1736483 0 0 0.1736483 -0.9848077 0 0 0 0 1 0 0 0 0 1 -0.9876884 -0.1564344 0 0 0.1564344 -0.9876884 0 0 0 0 1 0 0 0 0 1 -0.9902681 -0.1391732 0 0 0.1391732 -0.9902681 0 0 0 0 1 0 0 0 0 1 -0.9925461 -0.1218693 0 0 0.1218693 -0.9925461 0 0 0 0 1 0 0 0 0 1 -0.9945219 -0.1045283 0 0 0.1045283 -0.9945219 0 0 0 0 1 0 0 0 0 1 -0.9961947 -0.08715564 0 0 0.08715564 -0.9961947 0 0 0 0 1 0 0 0 0 1 -0.9975641 -0.06975623 0 0 0.06975623 -0.9975641 0 0 0 0 1 0 0 0 0 1 -0.9986295 -0.05233605 0 0 0.05233605 -0.9986295 0 0 0 0 1 0 0 0 0 1 -0.9993908 -0.03489945 0 0 0.03489945 -0.9993908 0 0 0 0 1 0 0 0 0 1 -0.9998477 -0.01745246 0 0 0.01745246 -0.9998477 0 0 0 0 1 0 0 0 0 1 -1 8.74228e-8 0 0 -8.74228e-8 -1 0 0 0 0 1 0 0 0 0 1 -0.9998477 0.01745263 0 0 -0.01745263 -0.9998477 0 0 0 0 1 0 0 0 0 1 -0.9993908 0.03489963 0 0 -0.03489963 -0.9993908 0 0 0 0 1 0 0 0 0 1 -0.9986295 0.05233622 0 0 -0.05233622 -0.9986295 0 0 0 0 1 0 0 0 0 1 -0.9975641 0.0697564 0 0 -0.0697564 -0.9975641 0 0 0 0 1 0 0 0 0 1 -0.9961947 0.08715581 0 0 -0.08715581 -0.9961947 0 0 0 0 1 0 0 0 0 1 -0.9945219 0.1045284 0 0 -0.1045284 -0.9945219 0 0 0 0 1 0 0 0 0 1 -0.9925461 0.1218695 0 0 -0.1218695 -0.9925461 0 0 0 0 1 0 0 0 0 1 -0.9902681 0.1391733 0 0 -0.1391733 -0.9902681 0 0 0 0 1 0 0 0 0 1 -0.9876883 0.1564346 0 0 -0.1564346 -0.9876883 0 0 0 0 1 0 0 0 0 1 -0.9848077 0.1736485 0 0 -0.1736485 -0.9848077 0 0 0 0 1 0 0 0 0 1 -0.9816272 0.190809 0 0 -0.190809 -0.9816272 0 0 0 0 1 0 0 0 0 1 -0.9781476 0.2079118 0 0 -0.2079118 -0.9781476 0 0 0 0 1 0 0 0 0 1 -0.9743701 0.224951 0 0 -0.224951 -0.9743701 0 0 0 0 1 0 0 0 0 1 -0.9702957 0.241922 0 0 -0.241922 -0.9702957 0 0 0 0 1 0 0 0 0 1 -0.9659258 0.2588193 0 0 -0.2588193 -0.9659258 0 0 0 0 1 0 0 0 0 1 -0.9612616 0.2756375 0 0 -0.2756375 -0.9612616 0 0 0 0 1 0 0 0 0 1 -0.9563047 0.292372 0 0 -0.292372 -0.9563047 0 0 0 0 1 0 0 0 0 1 -0.9510565 0.309017 0 0 -0.309017 -0.9510565 0 0 0 0 1 0 0 0 0 1 -0.9455186 0.3255683 0 0 -0.3255683 -0.9455186 0 0 0 0 1 0 0 0 0 1 -0.9396926 0.3420202 0 0 -0.3420202 -0.9396926 0 0 0 0 1 0 0 0 0 1 -0.9335804 0.3583681 0 0 -0.3583681 -0.9335804 0 0 0 0 1 0 0 0 0 1 -0.9271838 0.3746066 0 0 -0.3746066 -0.9271838 0 0 0 0 1 0 0 0 0 1 -0.9205047 0.3907313 0 0 -0.3907313 -0.9205047 0 0 0 0 1 0 0 0 0 1 -0.9135453 0.4067369 0 0 -0.4067369 -0.9135453 0 0 0 0 1 0 0 0 0 1 -0.9063078 0.4226183 0 0 -0.4226183 -0.9063078 0 0 0 0 1 0 0 0 0 1 -0.898794 0.4383713 0 0 -0.4383713 -0.898794 0 0 0 0 1 0 0 0 0 1 -0.8910065 0.4539905 0 0 -0.4539905 -0.8910065 0 0 0 0 1 0 0 0 0 1 -0.8829475 0.4694717 0 0 -0.4694717 -0.8829475 0 0 0 0 1 0 0 0 0 1 -0.8746197 0.4848097 0 0 -0.4848097 -0.8746197 0 0 0 0 1 0 0 0 0 1 -0.8660253 0.5000002 0 0 -0.5000002 -0.8660253 0 0 0 0 1 0 0 0 0 1 -0.8571671 0.5150384 0 0 -0.5150384 -0.8571671 0 0 0 0 1 0 0 0 0 1 -0.8480481 0.5299193 0 0 -0.5299193 -0.8480481 0 0 0 0 1 0 0 0 0 1 -0.8386706 0.544639 0 0 -0.544639 -0.8386706 0 0 0 0 1 0 0 0 0 1 -0.8290375 0.559193 0 0 -0.559193 -0.8290375 0 0 0 0 1 0 0 0 0 1 -0.8191519 0.5735766 0 0 -0.5735766 -0.8191519 0 0 0 0 1 0 0 0 0 1 -0.8090169 0.5877854 0 0 -0.5877854 -0.8090169 0 0 0 0 1 0 0 0 0 1 -0.7986354 0.6018152 0 0 -0.6018152 -0.7986354 0 0 0 0 1 0 0 0 0 1 -0.7880108 0.6156614 0 0 -0.6156614 -0.7880108 0 0 0 0 1 0 0 0 0 1 -0.7771459 0.6293204 0 0 -0.6293204 -0.7771459 0 0 0 0 1 0 0 0 0 1 -0.7660445 0.6427876 0 0 -0.6427876 -0.7660445 0 0 0 0 1 0 0 0 0 1 -0.7547095 0.6560591 0 0 -0.6560591 -0.7547095 0 0 0 0 1 0 0 0 0 1 -0.7431447 0.6691308 0 0 -0.6691308 -0.7431447 0 0 0 0 1 0 0 0 0 1 -0.7313536 0.6819984 0 0 -0.6819984 -0.7313536 0 0 0 0 1 0 0 0 0 1 -0.7193396 0.6946586 0 0 -0.6946586 -0.7193396 0 0 0 0 1 0 0 0 0 1 -0.7071068 0.7071067 0 0 -0.7071067 -0.7071068 0 0 0 0 1 0 0 0 0 1 -0.6946583 0.7193398 0 0 -0.7193398 -0.6946583 0 0 0 0 1 0 0 0 0 1 -0.6819984 0.7313537 0 0 -0.7313537 -0.6819984 0 0 0 0 1 0 0 0 0 1 -0.6691305 0.7431449 0 0 -0.7431449 -0.6691305 0 0 0 0 1 0 0 0 0 1 -0.6560588 0.7547097 0 0 -0.7547097 -0.6560588 0 0 0 0 1 0 0 0 0 1 -0.6427875 0.7660446 0 0 -0.7660446 -0.6427875 0 0 0 0 1 0 0 0 0 1 -0.6293203 0.777146 0 0 -0.777146 -0.6293203 0 0 0 0 1 0 0 0 0 1 -0.6156615 0.7880107 0 0 -0.7880107 -0.6156615 0 0 0 0 1 0 0 0 0 1 -0.6018152 0.7986354 0 0 -0.7986354 -0.6018152 0 0 0 0 1 0 0 0 0 1 -0.5877851 0.8090171 0 0 -0.8090171 -0.5877851 0 0 0 0 1 0 0 0 0 1 -0.5735763 0.8191521 0 0 -0.8191521 -0.5735763 0 0 0 0 1 0 0 0 0 1 -0.5591929 0.8290376 0 0 -0.8290376 -0.5591929 0 0 0 0 1 0 0 0 0 1 -0.5446387 0.8386708 0 0 -0.8386708 -0.5446387 0 0 0 0 1 0 0 0 0 1 -0.529919 0.8480483 0 0 -0.8480483 -0.529919 0 0 0 0 1 0 0 0 0 1 -0.5150383 0.8571672 0 0 -0.8571672 -0.5150383 0 0 0 0 1 0 0 0 0 1 -0.4999999 0.8660254 0 0 -0.8660254 -0.4999999 0 0 0 0 1 0 0 0 0 1 -0.4848096 0.8746197 0 0 -0.8746197 -0.4848096 0 0 0 0 1 0 0 0 0 1 -0.4694716 0.8829476 0 0 -0.8829476 -0.4694716 0 0 0 0 1 0 0 0 0 1 -0.4539902 0.8910066 0 0 -0.8910066 -0.4539902 0 0 0 0 1 0 0 0 0 1 -0.438371 0.8987941 0 0 -0.8987941 -0.438371 0 0 0 0 1 0 0 0 0 1 -0.4226182 0.9063078 0 0 -0.9063078 -0.4226182 0 0 0 0 1 0 0 0 0 1 -0.4067366 0.9135454 0 0 -0.9135454 -0.4067366 0 0 0 0 1 0 0 0 0 1 -0.3907312 0.9205048 0 0 -0.9205048 -0.3907312 0 0 0 0 1 0 0 0 0 1 -0.3746063 0.927184 0 0 -0.927184 -0.3746063 0 0 0 0 1 0 0 0 0 1 -0.3583678 0.9335805 0 0 -0.9335805 -0.3583678 0 0 0 0 1 0 0 0 0 1 -0.3420201 0.9396927 0 0 -0.9396927 -0.3420201 0 0 0 0 1 0 0 0 0 1 -0.3255682 0.9455186 0 0 -0.9455186 -0.3255682 0 0 0 0 1 0 0 0 0 1 -0.3090166 0.9510566 0 0 -0.9510566 -0.3090166 0 0 0 0 1 0 0 0 0 1 -0.2923719 0.9563047 0 0 -0.9563047 -0.2923719 0 0 0 0 1 0 0 0 0 1 -0.2756372 0.9612617 0 0 -0.9612617 -0.2756372 0 0 0 0 1 0 0 0 0 1 -0.258819 0.9659259 0 0 -0.9659259 -0.258819 0 0 0 0 1 0 0 0 0 1 -0.2419219 0.9702957 0 0 -0.9702957 -0.2419219 0 0 0 0 1 0 0 0 0 1 -0.2249507 0.9743701 0 0 -0.9743701 -0.2249507 0 0 0 0 1 0 0 0 0 1 -0.2079114 0.9781476 0 0 -0.9781476 -0.2079114 0 0 0 0 1 0 0 0 0 1 -0.1908088 0.9816272 0 0 -0.9816272 -0.1908088 0 0 0 0 1 0 0 0 0 1 -0.1736481 0.9848078 0 0 -0.9848078 -0.1736481 0 0 0 0 1 0 0 0 0 1 -0.1564345 0.9876883 0 0 -0.9876883 -0.1564345 0 0 0 0 1 0 0 0 0 1 -0.1391733 0.9902681 0 0 -0.9902681 -0.1391733 0 0 0 0 1 0 0 0 0 1 -0.1218691 0.9925462 0 0 -0.9925462 -0.1218691 0 0 0 0 1 0 0 0 0 1 -0.1045283 0.9945219 0 0 -0.9945219 -0.1045283 0 0 0 0 1 0 0 0 0 1 -0.08715571 0.9961947 0 0 -0.9961947 -0.08715571 0 0 0 0 1 0 0 0 0 1 -0.06975607 0.9975641 0 0 -0.9975641 -0.06975607 0 0 0 0 1 0 0 0 0 1 -0.05233612 0.9986295 0 0 -0.9986295 -0.05233612 0 0 0 0 1 0 0 0 0 1 -0.03489929 0.9993908 0 0 -0.9993908 -0.03489929 0 0 0 0 1 0 0 0 0 1 -0.0174523 0.9998477 0 0 -0.9998477 -0.0174523 0 0 0 0 1 0 0 0 0 1 1.19249e-8 1 0 0 -1 1.19249e-8 0 0 0 0 1 0 0 0 0 1 0.0174528 0.9998477 0 0 -0.9998477 0.0174528 0 0 0 0 1 0 0 0 0 1 0.03489979 0.9993908 0 0 -0.9993908 0.03489979 0 0 0 0 1 0 0 0 0 1 0.05233615 0.9986295 0 0 -0.9986295 0.05233615 0 0 0 0 1 0 0 0 0 1 0.06975657 0.997564 0 0 -0.997564 0.06975657 0 0 0 0 1 0 0 0 0 1 0.08715574 0.9961947 0 0 -0.9961947 0.08715574 0 0 0 0 1 0 0 0 0 1 0.1045284 0.9945219 0 0 -0.9945219 0.1045284 0 0 0 0 1 0 0 0 0 1 0.1218696 0.9925461 0 0 -0.9925461 0.1218696 0 0 0 0 1 0 0 0 0 1 0.1391733 0.9902681 0 0 -0.9902681 0.1391733 0 0 0 0 1 0 0 0 0 1 0.1564345 0.9876883 0 0 -0.9876883 0.1564345 0 0 0 0 1 0 0 0 0 1 0.1736486 0.9848077 0 0 -0.9848077 0.1736486 0 0 0 0 1 0 0 0 0 1 0.1908089 0.9816272 0 0 -0.9816272 0.1908089 0 0 0 0 1 0 0 0 0 1 0.2079119 0.9781476 0 0 -0.9781476 0.2079119 0 0 0 0 1 0 0 0 0 1 0.2249512 0.97437 0 0 -0.97437 0.2249512 0 0 0 0 1 0 0 0 0 1 0.2419219 0.9702957 0 0 -0.9702957 0.2419219 0 0 0 0 1 0 0 0 0 1 0.2588195 0.9659257 0 0 -0.9659257 0.2588195 0 0 0 0 1 0 0 0 0 1 0.2756377 0.9612616 0 0 -0.9612616 0.2756377 0 0 0 0 1 0 0 0 0 1 0.2923719 0.9563047 0 0 -0.9563047 0.2923719 0 0 0 0 1 0 0 0 0 1 0.3090171 0.9510565 0 0 -0.9510565 0.3090171 0 0 0 0 1 0 0 0 0 1 0.3255682 0.9455186 0 0 -0.9455186 0.3255682 0 0 0 0 1 0 0 0 0 1 0.3420201 0.9396926 0 0 -0.9396926 0.3420201 0 0 0 0 1 0 0 0 0 1 0.3583682 0.9335803 0 0 -0.9335803 0.3583682 0 0 0 0 1 0 0 0 0 1 0.3746068 0.9271837 0 0 -0.9271837 0.3746068 0 0 0 0 1 0 0 0 0 1 0.3907312 0.9205048 0 0 -0.9205048 0.3907312 0 0 0 0 1 0 0 0 0 1 0.4067371 0.9135453 0 0 -0.9135453 0.4067371 0 0 0 0 1 0 0 0 0 1 0.4226182 0.9063078 0 0 -0.9063078 0.4226182 0 0 0 0 1 0 0 0 0 1 0.4383714 0.8987939 0 0 -0.8987939 0.4383714 0 0 0 0 1 0 0 0 0 1 0.4539907 0.8910064 0 0 -0.8910064 0.4539907 0 0 0 0 1 0 0 0 0 1 0.4694717 0.8829476 0 0 -0.8829476 0.4694717 0 0 0 0 1 0 0 0 0 1 0.4848096 0.8746197 0 0 -0.8746197 0.4848096 0 0 0 0 1 0 0 0 0 1 0.5000004 0.8660252 0 0 -0.8660252 0.5000004 0 0 0 0 1 0 0 0 0 1 0.5150379 0.8571674 0 0 -0.8571674 0.5150379 0 0 0 0 1 0 0 0 0 1 0.5299194 0.848048 0 0 -0.848048 0.5299194 0 0 0 0 1 0 0 0 0 1 0.5446391 0.8386705 0 0 -0.8386705 0.5446391 0 0 0 0 1 0 0 0 0 1 0.5591929 0.8290376 0 0 -0.8290376 0.5591929 0 0 0 0 1 0 0 0 0 1 0.5735767 0.8191518 0 0 -0.8191518 0.5735767 0 0 0 0 1 0 0 0 0 1 0.5877855 0.8090168 0 0 -0.8090168 0.5877855 0 0 0 0 1 0 0 0 0 1 0.6018152 0.7986354 0 0 -0.7986354 0.6018152 0 0 0 0 1 0 0 0 0 1 0.6156615 0.7880107 0 0 -0.7880107 0.6156615 0 0 0 0 1 0 0 0 0 1 0.6293204 0.777146 0 0 -0.777146 0.6293204 0 0 0 0 1 0 0 0 0 1 0.6427875 0.7660445 0 0 -0.7660445 0.6427875 0 0 0 0 1 0 0 0 0 1 0.6560592 0.7547094 0 0 -0.7547094 0.6560592 0 0 0 0 1 0 0 0 0 1 0.6691307 0.7431448 0 0 -0.7431448 0.6691307 0 0 0 0 1 0 0 0 0 1 0.6819984 0.7313536 0 0 -0.7313536 0.6819984 0 0 0 0 1 0 0 0 0 1 0.6946587 0.7193395 0 0 -0.7193395 0.6946587 0 0 0 0 1 0 0 0 0 1 0.7071066 0.7071069 0 0 -0.7071069 0.7071066 0 0 0 0 1 0 0 0 0 1 0.71934 0.6946582 0 0 -0.6946582 0.71934 0 0 0 0 1 0 0 0 0 1 0.7313538 0.6819983 0 0 -0.6819983 0.7313538 0 0 0 0 1 0 0 0 0 1 0.7431449 0.6691306 0 0 -0.6691306 0.7431449 0 0 0 0 1 0 0 0 0 1 0.7547098 0.6560587 0 0 -0.6560587 0.7547098 0 0 0 0 1 0 0 0 0 1 0.7660446 0.6427874 0 0 -0.6427874 0.7660446 0 0 0 0 1 0 0 0 0 1 0.7771461 0.6293202 0 0 -0.6293202 0.7771461 0 0 0 0 1 0 0 0 0 1 0.7880108 0.6156614 0 0 -0.6156614 0.7880108 0 0 0 0 1 0 0 0 0 1 0.7986355 0.601815 0 0 -0.601815 0.7986355 0 0 0 0 1 0 0 0 0 1 0.8090169 0.5877853 0 0 -0.5877853 0.8090169 0 0 0 0 1 0 0 0 0 1 0.8191522 0.5735762 0 0 -0.5735762 0.8191522 0 0 0 0 1 0 0 0 0 1 0.8290374 0.5591931 0 0 -0.5591931 0.8290374 0 0 0 0 1 0 0 0 0 1 0.8386706 0.5446389 0 0 -0.5446389 0.8386706 0 0 0 0 1 0 0 0 0 1 0.8480481 0.5299193 0 0 -0.5299193 0.8480481 0 0 0 0 1 0 0 0 0 1 0.8571672 0.5150381 0 0 -0.5150381 0.8571672 0 0 0 0 1 0 0 0 0 1 0.8660256 0.4999998 0 0 -0.4999998 0.8660256 0 0 0 0 1 0 0 0 0 1 0.8746198 0.4848095 0 0 -0.4848095 0.8746198 0 0 0 0 1 0 0 0 0 1 0.8829476 0.4694715 0 0 -0.4694715 0.8829476 0 0 0 0 1 0 0 0 0 1 0.8910065 0.4539905 0 0 -0.4539905 0.8910065 0 0 0 0 1 0 0 0 0 1 0.8987942 0.4383708 0 0 -0.4383708 0.8987942 0 0 0 0 1 0 0 0 0 1 0.9063079 0.422618 0 0 -0.422618 0.9063079 0 0 0 0 1 0 0 0 0 1 0.9135455 0.4067365 0 0 -0.4067365 0.9135455 0 0 0 0 1 0 0 0 0 1 0.920505 0.3907306 0 0 -0.3907306 0.920505 0 0 0 0 1 0 0 0 0 1 0.927184 0.3746062 0 0 -0.3746062 0.927184 0 0 0 0 1 0 0 0 0 1 0.9335806 0.3583676 0 0 -0.3583676 0.9335806 0 0 0 0 1 0 0 0 0 1 0.9396926 0.3420204 0 0 -0.3420204 0.9396926 0 0 0 0 1 0 0 0 0 1 0.9455186 0.325568 0 0 -0.325568 0.9455186 0 0 0 0 1 0 0 0 0 1 0.9510565 0.3090169 0 0 -0.3090169 0.9510565 0 0 0 0 1 0 0 0 0 1 0.9563047 0.2923717 0 0 -0.2923717 0.9563047 0 0 0 0 1 0 0 0 0 1 0.9612616 0.2756375 0 0 -0.2756375 0.9612616 0 0 0 0 1 0 0 0 0 1 0.9659259 0.2588188 0 0 -0.2588188 0.9659259 0 0 0 0 1 0 0 0 0 1 0.9702958 0.2419218 0 0 -0.2419218 0.9702958 0 0 0 0 1 0 0 0 0 1 0.9743701 0.224951 0 0 -0.224951 0.9743701 0 0 0 0 1 0 0 0 0 1 0.9781477 0.2079113 0 0 -0.2079113 0.9781477 0 0 0 0 1 0 0 0 0 1 0.9816272 0.1908087 0 0 -0.1908087 0.9816272 0 0 0 0 1 0 0 0 0 1 0.9848078 0.173648 0 0 -0.173648 0.9848078 0 0 0 0 1 0 0 0 0 1 0.9876884 0.1564339 0 0 -0.1564339 0.9876884 0 0 0 0 1 0 0 0 0 1 0.9902681 0.1391726 0 0 -0.1391726 0.9902681 0 0 0 0 1 0 0 0 0 1 0.9925461 0.1218694 0 0 -0.1218694 0.9925461 0 0 0 0 1 0 0 0 0 1 0.9945219 0.1045287 0 0 -0.1045287 0.9945219 0 0 0 0 1 0 0 0 0 1 0.9961947 0.08715603 0 0 -0.08715603 0.9961947 0 0 0 0 1 0 0 0 0 1 0.9975641 0.06975638 0 0 -0.06975638 0.9975641 0 0 0 0 1 0 0 0 0 1 0.9986295 0.05233596 0 0 -0.05233596 0.9986295 0 0 0 0 1 0 0 0 0 1 0.9993908 0.0348996 0 0 -0.0348996 0.9993908 0 0 0 0 1 0 0 0 0 1 0.9998477 0.01745213 0 0 -0.01745213 0.9998477 0 0 0 0 1 0 0 0 0 1 1 -1.74846e-7 0 0 1.74846e-7 1 0 0 0 0 1 0 0 0 0 1</float_array>
          <technique_common>
            <accessor source="#_0250410_110052_D_12_5_k_7_Area4_str_003_20250410_110052_D_12_5_k_7_Area4_str_001Action_009_transform-output-array" count="361" stride="16">
              <param name="TRANSFORM" type="float4x4"/>
            </accessor>
          </technique_common>
        </source>
        <source id="_0250410_110052_D_12_5_k_7_Area4_str_003_20250410_110052_D_12_5_k_7_Area4_str_001Action_009_transform-interpolation">
          <Name_array id="_0250410_110052_D_12_5_k_7_Area4_str_003_20250410_110052_D_12_5_k_7_Area4_str_001Action_009_transform-interpolation-array" count="361">LINEAR LINEAR LINEAR LINEAR LINEAR LINEAR LINEAR LINEAR LINEAR LINEAR LINEAR LINEAR LINEAR LINEAR LINEAR LINEAR LINEAR LINEAR LINEAR LINEAR LINEAR LINEAR LINEAR LINEAR LINEAR LINEAR LINEAR LINEAR LINEAR LINEAR LINEAR LINEAR LINEAR LINEAR LINEAR LINEAR LINEAR LINEAR LINEAR LINEAR LINEAR LINEAR LINEAR LINEAR LINEAR LINEAR LINEAR LINEAR LINEAR LINEAR LINEAR LINEAR LINEAR LINEAR LINEAR LINEAR LINEAR LINEAR LINEAR LINEAR LINEAR LINEAR LINEAR LINEAR LINEAR LINEAR LINEAR LINEAR LINEAR LINEAR LINEAR LINEAR LINEAR LINEAR LINEAR LINEAR LINEAR LINEAR LINEAR LINEAR LINEAR LINEAR LINEAR LINEAR LINEAR LINEAR LINEAR LINEAR LINEAR LINEAR LINEAR LINEAR LINEAR LINEAR LINEAR LINEAR LINEAR LINEAR LINEAR LINEAR LINEAR LINEAR LINEAR LINEAR LINEAR LINEAR LINEAR LINEAR LINEAR LINEAR LINEAR LINEAR LINEAR LINEAR LINEAR LINEAR LINEAR LINEAR LINEAR LINEAR LINEAR LINEAR LINEAR LINEAR LINEAR LINEAR LINEAR LINEAR LINEAR LINEAR LINEAR LINEAR LINEAR LINEAR LINEAR LINEAR LINEAR LINEAR LINEAR LINEAR LINEAR LINEAR LINEAR LINEAR LINEAR LINEAR LINEAR LINEAR LINEAR LINEAR LINEAR LINEAR LINEAR LINEAR LINEAR LINEAR LINEAR LINEAR LINEAR LINEAR LINEAR LINEAR LINEAR LINEAR LINEAR LINEAR LINEAR LINEAR LINEAR LINEAR LINEAR LINEAR LINEAR LINEAR LINEAR LINEAR LINEAR LINEAR LINEAR LINEAR LINEAR LINEAR LINEAR LINEAR LINEAR LINEAR LINEAR LINEAR LINEAR LINEAR LINEAR LINEAR LINEAR LINEAR LINEAR LINEAR LINEAR LINEAR LINEAR LINEAR LINEAR LINEAR LINEAR LINEAR LINEAR LINEAR LINEAR LINEAR LINEAR LINEAR LINEAR LINEAR LINEAR LINEAR LINEAR LINEAR LINEAR LINEAR LINEAR LINEAR LINEAR LINEAR LINEAR LINEAR LINEAR LINEAR LINEAR LINEAR LINEAR LINEAR LINEAR LINEAR LINEAR LINEAR LINEAR LINEAR LINEAR LINEAR LINEAR LINEAR LINEAR LINEAR LINEAR LINEAR LINEAR LINEAR LINEAR LINEAR LINEAR LINEAR LINEAR LINEAR LINEAR LINEAR LINEAR LINEAR LINEAR LINEAR LINEAR LINEAR LINEAR LINEAR LINEAR LINEAR LINEAR LINEAR LINEAR LINEAR LINEAR LINEAR LINEAR LINEAR LINEAR LINEAR LINEAR LINEAR LINEAR LINEAR LINEAR LINEAR LINEAR LINEAR LINEAR LINEAR LINEAR LINEAR LINEAR LINEAR LINEAR LINEAR LINEAR LINEAR LINEAR LINEAR LINEAR LINEAR LINEAR LINEAR LINEAR LINEAR LINEAR LINEAR LINEAR LINEAR LINEAR LINEAR LINEAR LINEAR LINEAR LINEAR LINEAR LINEAR LINEAR LINEAR LINEAR LINEAR LINEAR LINEAR LINEAR LINEAR LINEAR LINEAR LINEAR LINEAR LINEAR LINEAR LINEAR LINEAR LINEAR LINEAR LINEAR LINEAR LINEAR LINEAR LINEAR LINEAR LINEAR LINEAR LINEAR LINEAR LINEAR LINEAR LINEAR LINEAR LINEAR LINEAR LINEAR LINEAR LINEAR LINEAR LINEAR LINEAR LINEAR LINEAR LINEAR LINEAR LINEAR LINEAR LINEAR LINEAR LINEAR</Name_array>
          <technique_common>
            <accessor source="#_0250410_110052_D_12_5_k_7_Area4_str_003_20250410_110052_D_12_5_k_7_Area4_str_001Action_009_transform-interpolation-array" count="361" stride="1">
              <param name="INTERPOLATION" type="name"/>
            </accessor>
          </technique_common>
        </source>
        <sampler id="_0250410_110052_D_12_5_k_7_Area4_str_003_20250410_110052_D_12_5_k_7_Area4_str_001Action_009_transform-sampler">
          <input semantic="INPUT" source="#_0250410_110052_D_12_5_k_7_Area4_str_003_20250410_110052_D_12_5_k_7_Area4_str_001Action_009_transform-input"/>
          <input semantic="OUTPUT" source="#_0250410_110052_D_12_5_k_7_Area4_str_003_20250410_110052_D_12_5_k_7_Area4_str_001Action_009_transform-output"/>
          <input semantic="INTERPOLATION" source="#_0250410_110052_D_12_5_k_7_Area4_str_003_20250410_110052_D_12_5_k_7_Area4_str_001Action_009_transform-interpolation"/>
        </sampler>
        <channel source="#_0250410_110052_D_12_5_k_7_Area4_str_003_20250410_110052_D_12_5_k_7_Area4_str_001Action_009_transform-sampler" target="_0250410_110052_D_12_5_k_7_Area4_str_003/transform"/>
      </animation>
    </animation>
  </library_animations>
  <library_visual_scenes>
    <visual_scene id="Scene" name="Scene">
      <node id="_0250411_112040_D_12_5_k_7_Area1_str_outline_002" name="20250411_112040_D=12.5_k=7_Area1_str_outline.002" type="NODE">
        <matrix sid="transform">1 -1.74846e-7 0 0 1.74846e-7 1 0 0 0 0 1 0 0 0 0 1</matrix>
        <instance_geometry url="#_0250411_112040_D_12_5_k_7_Area1_str_outline_009-mesh" name="20250411_112040_D=12.5_k=7_Area1_str_outline.002"/>
      </node>
      <node id="_0250410_110052_D_12_5_k_7_Area6_str_003" name="20250410_110052_D=12.5_k=7_Area6_str.003" type="NODE">
        <matrix sid="transform">1 -1.74846e-7 0 0 1.74846e-7 1 0 0 0 0 1 0 0 0 0 1</matrix>
        <instance_geometry url="#_0250410_110052_D_12_5_k_7_Area6_str_010-mesh" name="20250410_110052_D=12.5_k=7_Area6_str.003">
          <bind_material>
            <technique_common>
              <instance_material symbol="_auto_27_008-material" target="#_auto_27_008-material"/>
            </technique_common>
          </bind_material>
        </instance_geometry>
      </node>
      <node id="_0250410_110052_D_12_5_k_7_Area5_str_003" name="20250410_110052_D=12.5_k=7_Area5_str.003" type="NODE">
        <matrix sid="transform">1 -1.74846e-7 0 0 1.74846e-7 1 0 0 0 0 1 0 0 0 0 1</matrix>
        <instance_geometry url="#_0250410_110052_D_12_5_k_7_Area5_str_011-mesh" name="20250410_110052_D=12.5_k=7_Area5_str.003">
          <bind_material>
            <technique_common>
              <instance_material symbol="_auto_27_008-material" target="#_auto_27_008-material"/>
            </technique_common>
          </bind_material>
        </instance_geometry>
      </node>
      <node id="_0250410_110052_D_12_5_k_7_Area4_str_003" name="20250410_110052_D=12.5_k=7_Area4_str.003" type="NODE">
        <matrix sid="transform">1 -1.74846e-7 0 0 1.74846e-7 1 0 0 0 0 1 0 0 0 0 1</matrix>
        <instance_geometry url="#_0250410_110052_D_12_5_k_7_Area4_str_011-mesh" name="20250410_110052_D=12.5_k=7_Area4_str.003">
          <bind_material>
            <technique_common>
              <instance_material symbol="_auto_11_008-material" target="#_auto_11_008-material"/>
            </technique_common>
          </bind_material>
        </instance_geometry>
      </node>
      <node id="_0250410_110052_D_12_5_k_7_Area3_str_003" name="20250410_110052_D=12.5_k=7_Area3_str.003" type="NODE">
        <matrix sid="transform">1 -1.74846e-7 0 0 1.74846e-7 1 0 0 0 0 1 0 0 0 0 1</matrix>
        <instance_geometry url="#_0250410_110052_D_12_5_k_7_Area3_str_011-mesh" name="20250410_110052_D=12.5_k=7_Area3_str.003">
          <bind_material>
            <technique_common>
              <instance_material symbol="_auto_27_008-material" target="#_auto_27_008-material"/>
            </technique_common>
          </bind_material>
        </instance_geometry>
      </node>
      <node id="_0250410_110052_D_12_5_k_7_Area2_str_003" name="20250410_110052_D=12.5_k=7_Area2_str.003" type="NODE">
        <matrix sid="transform">1 -1.74846e-7 0 0 1.74846e-7 1 0 0 0 0 1 0 0 0 0 1</matrix>
        <instance_geometry url="#_0250410_110052_D_12_5_k_7_Area2_str_011-mesh" name="20250410_110052_D=12.5_k=7_Area2_str.003">
          <bind_material>
            <technique_common>
              <instance_material symbol="_auto_27_008-material" target="#_auto_27_008-material"/>
            </technique_common>
          </bind_material>
        </instance_geometry>
      </node>
    </visual_scene>
  </library_visual_scenes>
  <scene>
    <instance_visual_scene url="#Scene"/>
  </scene>
</COLLADA>